exercise	part	section	fen	turn	solutionSan	solutionUci	solutionText	whitePlayer	blackPlayer	event	year	game	bookPage	pdfPage
1	priyome	public-education	1r1n1rk1/b1p1qppp/p2p1n2/4pP2/P3P3/2PPNB2/6PP/R1BQK2R w KQ - 0 1	white	g4 Nd7 h4 c6 g5 f6 Ng4	g2g4 f6d7 h2h4 c7c6 g4g5 f7f6 e3g4	16.g4!± Launching an attack. 16.0-0 was played in the game, but White should be happy that the king is still on e1. A plausible continuation: 16...Nd7 17.h4 c6 Stopping Nd5. 18.g5 f6 White continues with g5-g6 or Ng4, Ra2-g2 and h4-h5.	Steinitz	Robey	London	1862	Steinitz – Robey, London 1862	30	30
2	priyome	public-education	r2q1rk1/pbpnnpbp/1p1pp1p1/8/3PPP2/2NBB3/PPPQN1PP/R4RK1 w - - 0 1	white	f5 d5 Bg5 Bh6	f4f5 d6d5 e3g5 g7h6	10.f5! Increasing the scope of the f1-rook, e3-bishop and e2-knight; and after the next move, also the remaining pieces on d3, c3 and a1. It can hardly be better! If White does not push immediately, Black can play 10...d5 and it will be too late. 10...exf5 Otherwise Black would get a weak e-pawn after fxe6. 11.exf5± White continues with Bg5 or Bh6, playing on the kingside.	Steinitz	Blackburne	London (1)	1862	Steinitz – Blackburne, London (1) 1862	31	31
3	priyome	public-education	r3r1k1/ppq1bppp/2ppnn2/4p3/4PP2/2PP2PP/PPB1Q3/RNB2RK1 w - - 0 1	white	f5 g6 g4 h6 h4 Nh7 g5 hxg5 Kh1	f4f5 g7g6 g3g4 h7h6 h3h4 f6h7 g4g5 h6g5 g1h1	14.f5! Steinitz played 14.Nd2 which allows 14...exf4 15.gxf4 g6, when the open centre (rook against queen!) gives Black some counterplay. 14...Nc5 Since the centre is closed, White obtains a dangerous attack by advancing the g-pawn. In the event of 14...Nf8 15.g4 h6 a possibility that might be worth remembering is: 16.h4 (The simple 16.Nd2± is also good.) 16...N6h7 A standard defence. 17.g5 hxg5 18.Kh1!ƒ With Rg1 coming next.	Steinitz	MacDonnell	Dublin	1865	Steinitz – MacDonnell, Dublin 1865	31	31
4	priyome	public-education	r1bqk2r/3n1ppp/p3p3/1pbpP3/5P2/3n1N2/PPPBQ1PP/R2NK2R w KQkq - 0 1	white	cxd3 d4 b4 a5 Nf2	c2d3 d5d4 b2b4 a6a5 d1f2	12.cxd3! This improves White’s structure since: a) It controls the c4- and e4-squares (the main point) b) White can use the open c-file c) Black can’t use his queenside pawns to open files (not relevant in this game) d) The pawn can advance to d4 e) It closes the a6-f1-diagonal. “It may seem strange to attach an exclamation mark to a move which today would be automatically made by any candidate master,” wrote Kasparov in the book series on his predecessors. “But then, in 1885, the consequences of the pawn capture were by no means obvious, and the majority of players were simply unable to think long-term.” According to Kasparov, Black had to play 12...b4 followed by ...a6-a5 and ...Ba6. 12...a5 has the same idea. 12...d4 opens the long diagonal for the light-squared bishop, but also gives up the e4-square. 13.Nf2²	Steinitz	Sellman	Baltimore	1885	Steinitz – Sellman, Baltimore 1885	32	32
5	priyome	public-education	r1r3k1/3bbppp/pqn1pn2/1p6/3P1B2/1BN2N2/PP2QPPP/R3R1K1 w - - 0 1	white	d5 exd5 Nxd5 Nxd5 Bxd5 Bf6 Rad1 Rf8 Be4 Rad8 Qc2	d4d5 e6d5 c3d5 f6d5 b3d5 e7f6 a1d1 c8f8 d5e4 a8d8 e2c2	17.d5! A standard isolated queen’s pawn position. Pushing and exchanging the pawn is usually favourable, as White’s pieces are more actively placed. Zukertort missed this opportunity by playing 17.Red1?, which takes us to the next exercise. 17...exd5 18.Nxd5 Nxd5 19.Bxd5 Bf6 20.Rad1 Rf8 21.Be4 All White’s pieces are on excellent squares and Black has no good defence. For instance, 21...Rad8 22.Qc2 with a double threat – or triple if you count Rd6.	Zukertort	Steinitz	USA (13)	1886	Zukertort – Steinitz, USA (13) 1886	33	33
6	priyome	public-education	r1r3k1/3bbppp/pqn1pn2/1p6/3P1B2/1BN2N2/PP2QPPP/R2R2K1 b - - 0 1	black	Na5 Ne4 b4	c6a5 c3e4 b5b4	17...Na5! Chasing back the bishop to increase Black’s control over the important d5-square. 17...b4 is met by 18.Ne4= and if ...Nd5, White can trade on d5. 18.Bc2 b4 19.Ne4 Nd5µ The isolated pawn is blocked for the foreseeable future.	Zukertort	Steinitz	USA (13)	1886	Zukertort – Steinitz, USA (13) 1886	33	33
7	priyome	public-education	r4rk1/1b2bppp/ppq1pn2/2ppB3/5P2/1P1BP1N1/P1PPQ1PP/R4RK1 w - - 0 1	white	Nh5 g6 Ng7 Rfc8 Qh5 Kxg7 Qg4 Kh6	g3h5 g7g6 h5g7 f8c8 e2h5 g8g7 h5g4 g7h6	14.Nh5! Exchanging the key defender. 14.f5 g6!² defends quite well. 14...Nxh5 14...Ne8 15.Bxg7! Nxg7 16.Qg4 wins. 14...Rfc8! was the best defensive try, when White can win the h7-pawn but the black king escapes to the centre and the game continues. 15.Bxh7+! 15.Qxh5 f5= 15...Kxh7 16.Qxh5+ Kg8 17.Bxg7!! Kxg7 18.Qg4+ Kh7 19.Rf3 Black has to give up too much material to avoid mate. 19...e5 20.Rh3+ Qh6 21.Rxh6+ Kxh6 22.Qd7! White could have won more slowly, but the double threat ends the game in short order. Why are we seeing a tactical combination in a book of positional exercises? Because classic combinations such as this one should be part of one’s foundational knowledge, which can guide us towards correct positional decisions – in this case, exchanging the defensive knight.	Lasker	Bauer	Amsterdam	1889	Lasker – Bauer, Amsterdam 1889	34	34
8	priyome	public-education	r1bq1rnk/1pp3np/p2p2p1/3Ppp2/2P1P3/2Q2NNP/PPB2PP1/3RR1K1 b - - 0 1	black	f4 Nxe5 dxe5 Nf1 b6 Nd2 a5 a3 g5 c5 h5 Kf1	f5f4 f3e5 d6e5 g3f1 b7b6 f1d2 a6a5 a2a3 g6g5 c4c5 h7h5 g1f1	21...f4! Closing the centre and gaining space. Black prepares to push the g-pawn and launch an attack, using as many pieces as possible on the kingside. After the game continuation 21...fxe4? White gets a nice square on e4. 21...Nf6 22.exf5 gxf5 opens things up for White’s pieces. There is even 23.Nxe5!? dxe5 24.Rxe5 with compensation, as Black is cramped. 22.Nf1 b6 23.N1d2 After 23.b4 a5 24.a3 g5 25.c5 h5µ White’s pieces are not well placed to attack on the queenside. 23...g5 24.Kf1!÷ White should run from the kill zone.	Lasker	Steinitz	St. Petersburg	1895	Lasker – Steinitz, St. Petersburg 1895	35	35
9	priyome	public-education	r1bq1rk1/pp3ppp/2n2n2/2bp4/5B2/2NBPN2/PP3PPP/2RQK2R b K - 0 1	black	d4 exd4 Re8+	d5d4 e3d4 f8e8	10...d4 Following the school book by exchanging the isolated pawn to release the active pieces behind it. 11.exd4 Re8+!³ An irritating intermediate move, forcing White to retreat. There is no need to calculate further. Lasker played 11...Nxd4 with a balanced position	Steinitz	Lasker	St. Petersburg	1895	Steinitz – Lasker, St. Petersburg 1895	35	35
10	priyome	public-education	r1bqk2r/pppp1ppp/2n5/8/2BPn3/2P2N2/P4PPP/R1BQ1RK1 b kq - 0 1	black	d5 Ba3 dxc4 Re1 Qd5 Nd2 Be6	d7d5 c1a3 d5c4 f1e1 d8d5 f3d2 c8e6	9...d5!³ White should not be allowed to gain space with d4-d5. 9...0-0? 10.d5² 10.Ba3? White should play something else, but in that case Black simply castles with a good game. The only downside to Black’s last move would be if White could catch the king in the centre, so this is the only critical move to check. 10...dxc4 11.Re1 Black has several decent moves, so you didn’t need to decide between them before choosing 9...d5. Best is: 11...Qd5 12.Nd2 Be6 Followed by long castling. William Steinitz“ A sacrifice is best refuted by accepting it.”	Steinitz	Lasker	Moscow (3)	1896	Steinitz – Lasker, Moscow (3) 1896	36	36
11	priyome	public-education	3r2k1/1b3ppp/pqnbpn2/1p6/1P6/PQN1PN1P/1B2BPP1/2R2K2 b - - 0 1	black	Ne5 Ne4	c6e5 c3e4	18...Ne5! Opening the diagonal for the bishop on b7, and also in some way preparing ...Be5 which neutralizes White’s bishop on b2. In many similar positions with the c- and d-pawns exchanged, both players try to be first with ...Ne5 or Ne4, to exploit their respective diagonals. 19.Nxe5 Instead Lasker accepted doubled pawns on f3, a long-term concession. 19...Bxe5 20.Qc2 Black has slightly more active pieces, but it’s not enough to claim a real advantage.	Lasker	Maroczy	London	1899	Lasker – Maroczy, London 1899	37	37
12	priyome	public-education	2r1r1k1/p2n1pp1/1pqpp2p/3n4/3P4/2PQ1NB1/PP3PPP/3RR1K1 b - - 0 1	black	b5	b6b5	18...b5³ A standard minority attack, to eventually create a weak white pawn on the queenside – and in the meantime, solidifying the c4-outpost for a knight. 18...f5 is also a good move, gaining space and controlling the light squares. The game continuation is more straightforward though.	Blackburne	Lasker	London	1899	Blackburne – Lasker, London 1899	37	37
13	priyome	public-education	2rq1rk1/1p1bppbp/p2p1np1/4nPP1/3NP3/2N1B2P/PPP1B3/R2Q1RK1 b - - 0 1	black	Rxc3 bxc3 Nxe4	c8c3 b2c3 f6e4	13...Rxc3! For the exchange, Black destroys White’s structure and picks up a valuable central pawn. 14.bxc3 14.gxf6 Rxe3 15.fxg7 Kxg7–+ 14...Nxe4–+ Lasker went on to lose this simul game.	Lasker	Mackay	Great Britain (Simul)	1908	Lasker – Mackay, Great Britain (Simul) 1908	38	38
14	priyome	public-education	r4rk1/p1p3pp/2p1b3/2qpPp2/5P2/1PNQ3P/P1P3PK/4RR2 w - - 0 1	white	Na4	c3a4	14. Emanuel Lasker – Erich Cohn, St. Petersburg 1909 20.Na4!+– Taking control over the dark squares, where Black is helpless due to the immobile doubled c-pawns. Other moves are also good (winning), but that’s no reason not to choose the most logical and convincing path. Emanuel Lasker “To refer to the oft-mooted question, ‘Which piece is stronger, the bishop or the knight?’ it is clear that the value of the bishop undergoes greater changes than that of the knight.”	Lasker	Cohn	St. Petersburg	1909	Lasker – Cohn, St. Petersburg 1909	38	38
15	priyome	public-education	r1bq1rk1/ppp2pp1/1bnp1n1p/3Np3/1PB1P3/2PP1N2/P4PPP/R1BQ1RK1 w - - 0 1	white	a4	a2a4	10.a4!² Black is forced to move the a-pawn and recapture with ...cxb6, weakening his structure and giving up the d5-square.	Alekhine	Cohn	Karlovy Vary	1911	Alekhine – Cohn, Karlovy Vary 1911	39	39
16	priyome	public-education	r2q1rk1/2p1nppp/p1pb4/4p2b/4P3/4BN1P/PPPNQPP1/R3K2R w KQ - 0 1	white	g4 Bg6 h4 f6 h5 h6 g5	g2g4 h5g6 h3h4 f7f6 h4h5 h7h6 g4g5	12.g4! With a closed centre, White can afford to advance on the wing. 12...Bg6 13.h4 f6 13...h5 14.Ng5! hxg4 15.h5 Bh7 16.h6 g6 and it’s temping to use another diagram to embarrass the bishop on h7. 14.h5 Bf7 White failed to find the best continuation: 15.g5! Before Black has a chance to stop it with ...h7-h6. The attack is winning.	Znosko-Borovsky	Alekhine	St. Petersburg	1913	Znosko-Borovsky – Alekhine, St. Petersburg 1913	40	40
17	priyome	public-education	r4rk1/ppp1qpp1/2n4p/3np3/8/1PPPBN2/1P1Q1PPP/R4RK1 b - - 0 1	black	a5 b4	a7a5 b3b4	14...a5!³ Stopping b3-b4. The game went: 14...f5 15.b4=	Ed. Lasker	Alekhine	Scheveningen	1913	Ed. Lasker – Alekhine, Scheveningen 1913	40	40
18	priyome	public-education	r2qk1nr/ppp2ppp/2npb3/2bNp3/2B1P3/3P1N2/PPP2PPP/R1BQK2R b KQkq - 0 1	black	Na5 b4 Bxd5	c6a5 b2b4 e6d5	6...Na5! Picking up the bishop – the most ambitious and best move. Note that 7.b4? Bxd5! wins a pawn or destroys White’s structure.	Mieses	Alekhine	Mannheim	1914	Mieses – Alekhine, Mannheim 1914	41	41
19	priyome	public-education	r2qk2r/ppp2ppp/2np1n2/2b1p3/2B1PPb1/2NP1N2/PPP3PP/R1BQK2R w KQkq - 0 1	white	Na4	c3a4	7.Na4!² Hunting down the bishop and thus preparing to castle.	Alekhine	Teichmann	Berlin	1921	Alekhine – Teichmann, Berlin 1921	41	41
20	priyome	public-education	r1bqkb1r/5ppp/ppn1p1n1/3p4/3P4/2N1BN2/PP2PPPP/R2QKB1R w KQkq - 0 1	white	h4 Bd6 h5 h6 Bg5 O-O Bf6	h2h4 f8d6 h4h5 h7h6 e3g5 e8g8 g5f6	9.h4! A standard move against the knight on g6. 9...Bd6 After 9...h5 White clearly has more use for the g5-square than Black has for the g4-square. 9...h6 is the best defence. 10.h5 Nge7 11.h6 g6 12.Bg5 0-0 13.Bf6 Black was not mated on g7, but surviving on the dark squares meant giving up an exchange and eventually losing the game.	Alekhine	Rubinstein	The Hague	1921	Alekhine – Rubinstein, The Hague 1921	42	42
21	priyome	public-education	r2q1rk1/1b1nbppp/2p1pn2/p5B1/PpBPP3/5N2/NP2QPPP/R2R2K1 b - - 0 1	black	c5 dxc5 Nb6	c6c5 d4c5 d7b6	13...c5 First things first: Black gets rid of the backward pawn and opens the diagonal for the b7- bishop. 13...Re8 was played in the game. 14.dxc5 14.d5 exd5 15.exd5 Nb6–+ picks up the loose pawn. (The pin along the d-file yields nothing for White.) 14...Qc7µ The knight is misplaced on a2, and the e4-pawn is vulnerable.	Alekhine	Tarrasch	Hastings	1922	Alekhine – Tarrasch, Hastings 1922	42	42
22	priyome	public-education	r1b2rk1/pp3ppp/2n1pn2/3pN3/3P4/qP1B1N2/P1P2PPP/R2Q1RK1 b - - 0 1	black	Nb4 c3 Ne4 Re1 Nxc3 Qd2 Ne4 Re2 Nc6	c6b4 c2c3 f6e4 f1e1 e4c3 d1d2 c3e4 e1e2 b4c6	12...Nb4! Threatening to exchange White’s strong bishop. Capablanca’s 12...Bd7 should have been met by: 13.c3!² 13.Be2 Ne4! 14.Re1 Nc3 14...b6= is a way to avoid an early draw. 15.Qd2 Ne4!= Leading to a repetition. 15...Nxe2+?! 16.Rxe2 exchanges the bishop, but Black will then miss the knight that defended the kingside. White continues with c2-c3 and Nxc6 to play with knight against bishop. Jose Raul Capablanca “Chess is something more than a game. It is an intellectual diversion which has certain artistic qualities and many scientific elements.”	Bogoljubow	Capablanca	New York	1924	Bogoljubow – Capablanca, New York 1924	43	43
23	priyome	public-education	4rrk1/ppp2ppp/2nq4/2bnp3/2B2P2/P2P2Q1/1PP1N1PP/R1B2R1K w - - 0 1	white	f5 Nc3 Bf4 Qd7 Nxc3 Kh8 Bg5	f4f5 d5c3 c1f4 d6d7 e2c3 g8h8 f4g5	14.f5!± White gets the e4-square and an initiative on the kingside. 14.Bxd5?! was played. After 14...Qxd5 15.Nc3 Black can go for 15...exf4!? 16.Bxf4 Qd7 17.Bxc7 f5© with decent play for the pawn. 14...Nf6 15.Nc3 Kh8 16.Bg5 White is close to winning.	Alekhine	Dusek	Czechoslovakia (Simul)	1925	Alekhine – Dusek, Czechoslovakia (Simul) 1925	44	44
24	priyome	public-education	r2qk2r/p3b1pp/2p5/np1bpp2/8/2PP2N1/PPQ1NPPP/R1B2RK1 b kq - 0 1	black	f4 Ne4 O-O f3 c5	f5f4 g3e4 e8g8 f2f3 c6c5	14...f4!³ Turning the e2-knight and c1-bishop into bad pieces is much more important than giving away the e4-square. Black will later get coordinated with ...c6-c5 and ...Nc6. 14...0-0? allowed: 15.f4= 15.Ne4 15.Nf5 0-0 16.Nxe7+ Qxe7 17.f3 c5µ 15...0-0 16.f3 c5µ	Spielmann	Euwe	Wiesbaden	1925	Spielmann – Euwe, Wiesbaden 1925	44	44
25	priyome	public-education	rn1qkbnr/ppp2ppp/4p3/4N2b/2pP4/2N5/PP2PPPP/R1BQKB1R w KQkq - 0 1	white	g4 Bg6 h4 f6 Qa4+ c6 Nxg6 hxg6 Qxc4	g2g4 h5g6 h2h4 f7f6 d1a4 c7c6 e5g6 h7g6 a4c4	6.g4! Bg6 7.h4 f6 White can exchange on g6 and attack on the light squares, but it’s more exact to start with Alekhine’s 8.Qa4+! as Black cannot respond with ...Nc6, ...Qd7 or ...Kf7. 8.h5 is also good. 8...c6 9.Nxg6 hxg6 10.Qxc4+– White is positionally winning. Alexander Alekhine “Playing on both sides of the board is my favourite strategy.”	Alekhine	Grünfeld	Semmering	1926	Alekhine – Grünfeld, Semmering 1926	45	45
26	priyome	public-education	r4rk1/pp1b2pp/2nqp3/2pp1p2/3P4/2PQPN2/PP2BPPP/R4RK1 b - - 0 1	black	c4	c5c4	13...c4!= Black gains space and will follow up by pushing the a- and b-pawns. This method of releasing the tension normally comes with the drawback of giving White a free hand to play in the centre with e3-e4, but that is not on the agenda here.	Kmoch	Alekhine	Semmering	1926	Kmoch – Alekhine, Semmering 1926	46	46
27	priyome	public-education	r2qk2r/pbpn1ppp/1p1ppn2/6B1/1bPP4/2NBP3/PPQ2PPP/R3K1NR w KQkq - 0 1	white	f3 c5 d5 exd5 cxd5 Qe7	f2f3 c7c5 d4d5 e6d5 c4d5 d8e7	8.f3! A nice set-up against the bishops on b7 and b4, both of which fight for the e4-square. 8.e4?! is risky when White is less than fully developed. Black obtains good counterplay with: 8...c5! 9.d5 exd5 10.cxd5 This is the only critical move, but 10...Qe7 leaves Black with an improved Benoni position because the bishop is well placed on b4.	Alekhine	Nimzowitsch	New York	1927	Alekhine – Nimzowitsch, New York 1927	46	46
28	priyome	public-education	3r2k1/pp1r1pp1/2p1pb2/5q1p/1PPP1P2/2B1Q3/P2R2PP/3R2K1 b - - 0 1	black	b5 c5 g5	b7b5 c4c5 g7g5	22...b5! Winning the d5-square for a heavy piece before White has time to interfere with a2-a4. 23.c5 Opening the c-file only helps Black, as the white rooks are busy defending the d-pawn. Kmoch tried 23.Qf3–+ but he lost a pawn and eventually the game. 23...g5µ Having obtained a dominant position, Black can set about creating a second weakness.	Kmoch	Alekhine	Kecskemet	1927	Kmoch – Alekhine, Kecskemet 1927	47	47
29	priyome	public-education	r3k2r/1bq1bppp/pp2pn2/2p5/3PPP2/2PB2N1/PB4PP/R2Q1RK1 b kq - 0 1	black	h5 c4 e5 h4	h7h5 c3c4 e6e5 h2h4	14...h5! Challenging the knight with extra force, as the e4-pawn is loose. There is no point in starting with 14...c4; it’s better to retain the option of ...cxd4. 15.Qe2 15.e5 gives Black the d5-square, but there is also 15...h4!?, leading to a line which is not especially relevant, but which may still be of interest to those who are curious: 16.exf6 hxg3 17.fxe7 Rxh2 18.Rf3! Kxe7 19.Rxg3 Qxf4 20.Qg4 (20.Kxh2? Rh8+–+) 20...Rxg2+ 21.Rxg2 Qe3+ 22.Kf1 Qxd3+³ The position is close to equal, but I slightly prefer Black’s chances with three pawns versus a piece. 15...h4 16.Nh1³ The knight can’t easily return to the game, as White needs to defend the f-pawn.	Bogoljubow	Alekhine	Germany/Netherlands (8)	1929	Bogoljubow – Alekhine, Germany/Netherlands (8) 1929	48	48
30	priyome	public-education	r3kb1r/3bqn1p/p1pp2p1/1p2pp2/1P2P3/3P1NN1/1PPBQPPP/R3K2R b KQkq - 0 1	black	f4	f5f4	16...f4µ Black gains space and avoids giving White a chance for exf5. Black will follow up by pushing the g-pawn.	Yates	Alekhine	San Remo	1930	Yates – Alekhine, San Remo 1930	48	48
31	priyome	public-education	r1b1qrk1/ppp1b1pp/2nppn2/3P1p2/2P2B2/2N2NP1/PP2PPBP/2RQK2R b K - 0 1	black	Nd8 Nb5 Qd7	c6d8 c3b5 e8d7	9...Nd8! Black avoids gifting White an open c-file, and prepares to recapture on e6 with the knight. 9...exd5? 10.cxd5± 10.Nb5 is met by 10...Qd7 or even 10...Nxd5!?.	Bogoljubow	Alekhine	Germany (11)	1934	Bogoljubow – Alekhine, Germany (11) 1934	49	49
32	priyome	public-education	r1b2rk1/pp1n1pp1/2p1p2p/q7/2BP3B/b1P1PN2/P2Q1PPP/1R2K2R b K - 0 1	black	e5 Qd3	e6e5 d2d3	13...e5!= The bishop on c8 is no longer a problematic piece, and the potential queen exchange on d2 will suit the player with fewer central pawns. 13...b6 is an attempt to exchange bishops but 14.Qd3!² is a good reply.	Alekhine	Nimzowitsch	Zurich	1934	Alekhine – Nimzowitsch, Zurich 1934	50	50
33	priyome	public-education	rn1qk2r/1ppbbppp/p2p1n2/3Pp3/B3P3/2P2N2/PP3PPP/RNBQ1RK1 w kq - 0 1	white	Bc2	a4c2	9.Bc2! Avoiding simplifications is best, as Black’s light-squared bishop and queenside knight both belong on d7. Black needs the bishop to support future counterplay with ...f5, so ideas involving ...Bg4 and exchanging on f3 are nothing to be afraid of. 9.Bxd7+ Nbxd7=	Alekhine	Johner	Zurich	1934	Alekhine – Johner, Zurich 1934	50	50
34	priyome	public-education	r3r1k1/pp1b1pbp/2p1p1p1/q3B3/3P4/P1PB4/1PQ2PPP/3RR1K1 w - - 0 1	white	h4 Rad8 b4 h5 Bxg7 Kxg7 Re3	h2h4 a8d8 b2b4 h7h5 e5g7 g8g7 e1e3	19.h4! With a few black pieces stuck on the queenside, White has time to open the h-file and go for an attack. A test solver opined that 19.Qc1 Rad8 20.b4 is a good alternative. It’s true that White stands much better here too, but I see no point in delaying the more incisive plan of attacking on the kingside. 19...Qd8 20.h5 Qg5 Black needs to defend against a sacrifice on g6. 21.hxg6 21.Bxg7? Kxg7 makes life easier for Black, who now has the option of bringing a rook to h8 in case the h-file opens up21...hxg6 22.Re3+– White has a decisive attack. Jose Raul Capablanca “People who want to improve should take their defeats as lessons, and endeavour to learn what to avoid in the future. You must also have the courage of your convictions. If you think your move is good, make it.”	Lasker	Capablanca	Moscow	1935	Lasker – Capablanca, Moscow 1935	51	51
35	priyome	public-education	r1b2rk1/ppq1b2p/2p1ppp1/8/2NP1P2/2PBP3/P1R3PP/3Q1RK1 w - - 0 1	white	h4	h2h4	18.h4!ƒ Pinpointing the weakened g6-pawn. 18.e4= was played in the game.	Lasker	Bogoljubow	Nottingham	1936	Lasker – Bogoljubow, Nottingham 1936	52	52
36	priyome	public-education	1r1q1rk1/pbpn2pp/1p1pp3/5p2/2PPn3/1P2QNP1/PB2PPBP/3R1RK1 w - - 0 1	white	d5 exd5 Nh4 Ndf6 Bh3	d4d5 e6d5 f3h4 d7f6 g2h3	13.d5! Undermining the f-pawn. 13...exd5 13...e5 is the move Black would like to play, but 14.Nh4! wins at least a pawn. 14.cxd5 Ndf6 15.Nh4 Qd7 16.Bh3!+– Black is losing, due to the weakness of the f5-pawn along with the additional threat of f2-f3.	Alekhine	Alexander	Nottingham	1936	Alekhine – Alexander, Nottingham 1936	52	52
37	priyome	public-education	r1bq1rk1/pp2npbp/2pp2p1/4p3/2Pn4/2NP1NP1/PP1BPPBP/2RQ1RK1 w - - 0 1	white	b4 f5 Ng5 h6 Nh3 g5	b2b4 f7f5 f3g5 h7h6 g5h3 g6g5	10.b4 Starting White’s main plan: to soften up the long light-squared diagonal. (Even though the rook would be better on b1 than c1.) 10.Nxd4? exd4 11.Ne4 f5 12.Ng5 h6 13.Nh3 g5³ only helps Black to advance.	Lasker	Alexander	Nottingham	1936	Lasker – Alexander, Nottingham 1936	53	53
38	priyome	public-education	rn1q1rk1/pbppbppp/1p2p3/8/2PPn3/2N2NP1/PP1BPPBP/R2Q1RK1 w - - 0 1	white	d5 Nxd2 Qxd2	d4d5 e4d2 d1d2	Nowadays this is known as a common theoretical position which arises with Black to move. 9.d5! Obstructing the b7-bishop and fighting for the e4-square. 9.Be1?! saves the bishop, but is slow. 9...Nxd2 9...exd5 gives White a choice between recapturing on d5 with the knight or the pawn, both with a clear advantage. 10.Qxd2± White’s central control and nullifying of the b7-bishop are more important than Black’s bishop pair. Max Euwe “Alekhine is a poet who creates a work of art out of something that would hardly inspire another man to send home a picture post card.”	Euwe	Alekhine	Netherlands (21)	1937	Euwe – Alekhine, Netherlands (21) 1937	53	53
39	priyome	public-education	r1b1k2r/pb1nbppp/1qn1p3/3pP3/3P4/P2B1N2/1P2NPPP/R1BQ1K1R b kq - 0 1	black	f6 b4 Na5 h4 Nb3 Rb1 O-O Qc2 h6 Nf4 Nxe5 Nxe6 Nf7 Bf4 Ne5 Nxe5	f7f6 b2b4 c6a5 h2h4 a5b3 a1b1 e8g8 d1c2 h7h6 e2f4 d7e5 f4e6 e5f7 c1f4 f7e5 f3e5	11...f6! Immediately challenging for the centre. 11...Nf8? 12.b4+– was the game. 11...Na5?! 12.h4 Nb3 13.Rb1±; 11...0-0?! 12.Qc2 h6 13.h4‚ 12.Nf4 12.exf6 Nxf6³ White needs more than a square on e5 to compensate for the king on f1. 12...Ndxe5! 12...fxe5?! only leads to unclear complications. 13.Nxe6 (13.dxe5 Ndxe5 14.Nxe5 Nxe5 15.Qh5+ Nf7÷) Capturing the e6-pawn tends to be the critical try in this structure, but Black has many possible continuations, 13...e4 14.Bf4 Kf7÷ being one example. 13.dxe5 fxe5 14.Nh5?! Safest is giving back the piece: 14.Nxe5 Nxe5³ 14...0-0 15.Be3 Necessary to defend f2. 15...Qxb2 16.Be2 e4µ Black has three pawns for the piece, plus an ongoing initiative.	Alekhine	Capablanca	Netherlands	1938	Alekhine – Capablanca, Netherlands 1938	54	54
40	priyome	public-education	r3r1k1/2q1bppp/p3bn2/npp1p3/4P3/2P1NN2/PPB1QPPP/R1B1R1K1 w - - 0 1	white	Ng5 h6 Nd5 Bxd5 exd5 e4 Bxe4 Bf8 Qc2 Nxe4 Rxe4 Qd7 c4 hxg5	f3g5 h7h6 e3d5 e6d5 e4d5 e5e4 c2e4 e7f8 e2c2 f6e4 e1e4 c7d7 c3c4 h6g5	16.Ng5! Black needed the pawn on h6 to ensure the safety of the bishop on e6. 16.Nd5 opens up for the bishop on c2, but also for Black’s rook against White’s queen. 16...Bxd5 17.exd5 e4! 18.Bxe4 Bf8 19.Qc2 Nxe4 20.Rxe4 Qd7= Black wins back the pawn. 16...Bd7 The game move 16...c4 is not challenging; White simply captures the bishop. 16...Bc4?! is unsatisfactory: 17.Qf3 h6 18.b3 hxg5 19.bxc4± Black suffers from a weakened kingside. 17.Nd5²	Alekhine	Flohr	Netherlands	1938	Alekhine – Flohr, Netherlands 1938	55	55
41	priyome	public-education	r1bq1rk1/pp2b1np/n2p2pB/2pPpp2/2P1P3/2N3P1/PP1QNPBP/R4RK1 w - - 0 1	white	f4 Nc7 Rae1	f2f4 a6c7 a1e1	12.f4! The way to increase the pressure. Black doesn’t want to capture on either e4 or f4 since it would help White’s knights forward. However, the exf5 and especially fxe5 exchanges tend to be good moves for White. Another important factor is that Black’s knight on a6 is misplaced. In this Czech Benoni set-up, it would have wanted to chase away White’s bishop with ...Nb8-d7-f6-g8. Remember this manoeuvre, as there will be no further reminders in this book. I initially wanted to include an exercise with the knight manoeuvre, but it was eventually discarded since Black’s position was too bad. By the way, White could have made some other move and followed up with f2-f4, but the sooner the better. 12...Nc7 12...Bf6 defends e5, but the bishop will be less effective than a knight on the central square, because it will be vulnerable to knight threats. There are many good continuations, 13.Rae1 Nc7 14.fxe5 Bxe5 15.Nf4 being one example. 13.exf5 13.Rae1 was the game, where Black eventually escaped with a draw. 13...gxf5 13...Bxf5 14.fxe5 gives Black an isolated pawn. White continues with h2-h3 and g3-g4, then puts a knight on e4. 14.g4! This is not forced, but it’s both strong and instructive. 14...fxg4 15.fxe5 dxe5 16.Rxf8+ Bxf8 17.Ng3+– White’s pieces will smoothly join the attack.	Georgadse	Petrosian	Tbilisi	1945	Georgadse – Petrosian, Tbilisi 1945	55	55
42	priyome	public-education	r1bqkb1r/ppn2ppp/2n5/2p1p3/8/2NPB1P1/PP2PPBP/R2QK1NR w KQkq - 0 1	white	Bxc6+ bxc6 Qa4 Ne6	g2c6 b7c6 d1a4 c7e6	8.Bxc6+! bxc6 9.Qa4 Black does not have an effective way to open lines for the bishop pair. Smyslov won convincingly, and exchanging on c6 has since been a standard device in such positions. In the game Black became passive, but strong players nowadays would consider 9...Ne6!?², offering the c6-pawn in the hope of gaining some initiative.	Smyslov	Lilienthal	Budapest	1950	Smyslov – Lilienthal, Budapest 1950	56	56
43	priyome	public-education	2r1kb1r/1b1n1ppp/pq1p1n2/4pPB1/4P3/P1N5/1PPNQ1PP/2KR3R b k - 0 1	black	Rxc3 bxc3 d5 Nb1 dxe4 Rd5	c8c3 b2c3 d6d5 d2b1 d5e4 d1d5	14...Rxc3 15.bxc3 d5 The exchange sacrifice is so standard that you hardly need to consider what to play next, until the opponent has executed the only move. 16.Nb1 dxe4!³ This improves on the game continuation of 16...Nxe4 17.Rxd5!, when Black’s best is to take on b1 and remove the queens, leading to approximate equality. Instead Petrosian took on g5 and stood worse, though he eventually won.	Szabo	Petrosian	Saltsjobaden	1952	Szabo – Petrosian, Saltsjobaden 1952	57	57
44	priyome	public-education	2rqrnk1/pp3b1p/2p2bp1/3pB3/3P2P1/2NBPP2/PP5Q/4RR1K w - - 0 1	white	f4 Bxe5 dxe5	f3f4 f6e5 d4e5	23.f4! Bolstering the bishop on e5 to keep the e-file closed. 23.Bxf6 Qxf6² 23...Bxe5 24.dxe5!± Keeping the f-pawn to threaten Black’s king.	Petrosian	Vaitonis	Saltsjobaden	1952	Petrosian – Vaitonis, Saltsjobaden 1952	57	57
45	priyome	public-education	r1bqr1k1/3n1pbp/p2p1np1/1ppP4/P3P3/2NB1N1P/1PQ2PP1/R1B1R1K1 b - - 0 1	black	c4 Bf1 b4 Nb1 Nc5 Qxc4 a5 Nbd2 Ba6 Qc2 Bxf1 Kxf1 Rc8 Qb1 Qb6	c5c4 d3f1 b5b4 c3b1 d7c5 c2c4 a6a5 b1d2 c8a6 c4c2 a6f1 g1f1 a8c8 c2b1 d8b6	13...c4! Black should play actively in the Benoni, and Petrosian took the opportunity in this training game. 14.Bf1 b4 15.Nb1 Nc5! 16.Qxc4 a5! 16...Nfxe4 was Petrosian’s choice, which gave him a pleasant game but nothing more. If White captures the b4-pawn, Black’s active pieces will offer more than enough compensation. The text move is even better than the game continuation. Black’s initiative is developing with the speed of a carbon bike, for instance: 17.Nbd2 Ba6 18.Qc2 Bxf1 19.Kxf1 Rc8 20.Qb1 Qb6–+	Taimanov	Petrosian	Gagra (Training)	1953	Taimanov – Petrosian, Gagra (Training) 1953	58	58
46	priyome	public-education	r1q1nrk1/p4ppp/bpnpp3/2p5/Q1PPP3/P1PBB3/4NPPP/3R1RK1 b - - 0 1	black	Na5 dxc5 Bxc4	c6a5 d4c5 a6c4	13...Na5 Threatening the weak c4-pawn. 14.dxc5 There are two other ways to defend the pawn, the passive 14.Rc1 and 14.d5. However, neither of these will work well, as Black exchanges queens with either ...Nc7 or ...Nf6 followed by ...Qe8 (or ...Qd7). White would like to attack and leave the weak pawn to its fate, but after something like 14.f4 cxd4 15.cxd4 Bxc4–+ it becomes clear that the queen’s placement on a4 is completely incompatible with a kingside attack. 14...dxc5 A move ago White had a nice-looking pawn centre. Now White’s structure looks ugly, and Black went on to win.	Geller	Smyslov	Zurich	1953	Geller – Smyslov, Zurich 1953	59	59
47	priyome	public-education	r2qk2r/1b1n1ppp/p3pb2/2p5/3P4/1Bp2N2/PP2QPPP/R1BR2K1 w kq - 0 1	white	d5 cxb2 Bxb2 Kf8 Qc4 Qe7 dxe6	d4d5 c3b2 c1b2 e8f8 e2c4 d8e7 d5e6	14.d5! An obvious move which hardly requires any serious calculations. 14...cxb2 14...e5 15.bxc3+– was the game. 15.Bxb2 A good alternative is: 15.dxe6!? bxa1=Q? 16.exd7+ Kf8 17.Qc4 The only move, but easily good enough since 17...Qe7 18.d8=Q+ leads to a quick mate. The above variation featured a rare case on move 15 where Black’s best option would have been to underpromote to a knight without having a check or fork in mind. Even in that case, Black is still losing. 15...Bxb2 16.dxe6! This is strongest, although the straightforward 16.Qxb2 is also clearly better for White.	Smyslov	Keres	Zurich	1953	Smyslov – Keres, Zurich 1953	59	59
48	priyome	public-education	r1b1r1k1/1pp2pb1/3p1qpp/p1nPp3/2P1P3/P1N3P1/1P3PBP/R2QNRK1 b - - 0 1	black	a4	a5a4	13...a4! Freezing White’s ambitions on the queenside. (Stahlberg’s last move 13.a3? wasn’t clever.)	Stahlberg	Petrosian	Zurich	1953	Stahlberg – Petrosian, Zurich 1953	60	60
49	priyome	public-education	r2qnrk1/pp3pbp/2n1p1p1/3pP3/3P4/4BBPP/PP3P2/RN1Q1RK1 b - - 0 1	black	f6 Bg4 fxe5 f4	f7f6 f3g4 f6e5 f2f4	13...f6! Activating the rook, bishop and knight. 14.Bg4 14.exf6 Qxf6µ 14...fxe5! Not 14...Qe7?! 15.f4 when White consolidates. 15.dxe5 d4µ Black is active. Mikhail Botvinnik “When my opponent’s clock is going, I discuss general considerations in an internal dialogue with myself. When my own clock is going, I analyse concrete variations.”	Smyslov	Botvinnik	Moscow (17)	1954	Smyslov – Botvinnik, Moscow (17) 1954	61	61
50	priyome	public-education	1r1q1rk1/2pb1pb1/1p1p1np1/pNnPp1B1/P1P1P2p/1P4P1/2Q1NPBP/4RRK1 b - - 0 1	black	h3 Bh1 Qc8	h4h3 g2h1 d8c8	18...h3! The pawn was threatened and 18...hxg3? would have been a losing mistake due to 19.fxg3! with a deadly pin. 19.Bh1 Qc8!= Stepping out of the pin before it becomes a problem. In November, there was a USSR Championship in Moscow. Open championship, perhaps the last one – I don’t know. On 9th November, I played there and made my draw, and Alexei Shirov from Riga won brilliantly, came to me and said, “I’m glad that it was today, 9th November (Tal’s birthday), that I played so good. I dedicate this game to you.” Very moving. – Mikhail Tal	Botvinnik	Smyslov	Moscow (18)	1954	Botvinnik – Smyslov, Moscow (18) 1954	62	62
51	priyome	public-education	r3k2r/1pqbbpp1/p1npp2p/8/4PP1P/1NN4R/PPP2QP1/2KR1B2 b kq - 0 1	black	b5 g4 h5 Na4 Bd8 Nc3 b4 Ne2 a5	b7b5 g2g4 h6h5 c3a4 e7d8 a4c3 b5b4 c3e2 a6a5	14...b5!³ Black should delay castling to speed up the attack. Smyslov played 14...0-0-0?! when Black’s king will be slightly weak for a long time. 14...0-0 15.g4 is dangerous for Black. 14...h5 invests a tempo to stop White’s g-pawn before going ...b7-b5. But White can disrupt Black’s plan with 15.Na4!? Bd8 16.Nc3!, when it’s hard for Black to find a better idea than repeating the position, since 16...b5? 17.Bxb5± favours White. 15.g4 White should try something else, but Black stands better anyway. 15...b4 16.Ne2 a5µ Black is clearly ahead in the race.	Vesterinen	Smyslov	Amsterdam (Ol)	1954	Vesterinen – Smyslov, Amsterdam (Ol) 1954	64	64
52	priyome	public-education	2rq1rk1/pp1bppb1/3p2p1/4n2n/3NP2P/2N1BP2/PPPQ4/1K1R1BR1 b - - 0 1	black	Rxc3 f4 Nc4 Bxc4 Rxc4 f5 Qc7 Bh6 Bxh6 Qxh6 Qb6 Ka1 Qa5 Qxh5 Be6 Nb3 Qc3 Kb1	c8c3 f3f4 e5c4 f1c4 c3c4 f4f5 d8c7 e3h6 g7h6 d2h6 c7b6 b1a1 b6a5 h6h5 d7e6 d4b3 a5c3 a1b1	15...Rxc3! 15...e6? was not a move in Dragon style. The game was subsequently drawn after further mutual errors, but at this point 16.f4 Nc4 17.Bxc4 Rxc4 18.f5+– was a straightforward path to a decisive advantage for White. 16.bxc3 16.Qxc3 Nxf3„ 16...Qc7 I didn’t want to debate whether or not Black has enough compensation. The important thing in a game would be to recognize that the exchange sacrifice is the only option to offer a fighting chance. However, it is worth mentioning 17.Bh6 Bxh6 18.Qxh6 Qb6+ 19.Ka1 Qa5 20.Qxh5 Be6 21.Nb3 Qxc3+ 22.Kb1 Rc8 23.Rg2 a5© as one critical line which should eventually lead to a draw.	Czerniak	Smyslov	Amsterdam (Ol)	1954	Czerniak – Smyslov, Amsterdam (Ol) 1954	65	65
53	priyome	public-education	rn1q1rk1/pbp1bppp/1p3n2/3p4/3P4/P1N1P1N1/1P2BPPP/R1BQK2R w KQ - 0 1	white	Nf5 Re8 Nxe7+	g3f5 f8e8 f5e7	10.Nf5! Before the bishop can retreat to f8. 10...Re8 11.Nxe7+² The knight looks nice, but after 11.0- 0?! Bf8= it will be kicked back by ...g7-g6. Therefore White should exchange on e7 and aim for a gradual exploitation of the bishop pair.	Fairhurst	Smyslov	Hastings	1955	Fairhurst – Smyslov, Hastings 1955	66	66
54	priyome	public-education	r1b2rk1/ppq2ppp/2n1pn2/2p5/3P4/P1PBPN2/5PPP/R1BQ1RK1 b - - 0 1	black	e5	e6e5	11...e5! Putting pressure on the d4-pawn before White has played e3-e4 (which would make d4-d5 possible). It is possible to start with 11...Rd8, but the rook move is less flexible. The rook may prove better on e8 to reinforce a possible ...e5-e4.	Furman	Spassky	Moscow	1955	Furman – Spassky, Moscow 1955	66	66
55	priyome	public-education	rnb2rk1/ppp1qppp/8/3p4/3P4/3BP3/PP3PPP/R2QK1NR b KQ - 0 1	black	c5 Nf3 Nc6 Bc2 Bg4 Qd2 Nxd4	c7c5 g1f3 b8c6 d3c2 c8g4 d1d2 c6d4	9...c5! Acting before White has castled. 9...Qg5? runs into 10.Nf3! Qxg2 11.Bxh7++– when capturing the bishop will lead to the loss of the black queen. 10.Ne2 10.dxc5 d4!ƒ 10...Nc6 More ambitious was: 10...c4 11.Bc2 Bg4 12.f3 Bh5 13.Qd2 Bg6³ With a third pair of minor pieces soon to be exchanged, Black’s queenside majority is more important than White’s central majority. 11.dxc5 d4 12.exd4 Nxd4=	Smyslov	Geller	Moscow	1955	Smyslov – Geller, Moscow 1955	67	67
56	priyome	public-education	r3r1k1/2qbbppp/pn1p1n2/1pp1p3/3PP3/1PP2N1P/P1B1QPP1/R1B1RNK1 w - - 0 1	white	dxe5 dxe5 c4 Bf8 N3d2	d4e5 d6e5 c3c4 e7f8 f3d2	16.dxe5 dxe5 17.c4! A standard reaction, preparing Nf1-e3-d5 while Black’s knights are far away from d417...Bc6 Holding back the intended knight manoeuvre, but not forever. The easiest way to prepare it is: 18.Bb2 Bf8 19.N3d2± Vasily Smyslov “The Ruy Lopez occupied a constant place in my opening repertoire. In it is reflected the classical interpretation of the problem of the centre.”	Smyslov	Ivkov	Zagreb	1955	Smyslov – Ivkov, Zagreb 1955	68	68
57	priyome	public-education	3rr1k1/2qb1pbp/p2p1np1/np2p3/3PP3/1P2NQ1P/PBBN1PP1/R3R1K1 b - - 0 1	black	Nc6 d5 Nd4 Qd1 Nxc2	a5c6 d4d5 c6d4 f3d1 d4c2	19...Nc6 There’s no time to wait. White threatened to keep the knight sidelined by means of d4-d5. 20.d5 Nd4 21.Qd1 Nxc2³	Fuderer	Smyslov	Zagreb	1955	Fuderer – Smyslov, Zagreb 1955	69	69
58	priyome	public-education	r4rk1/pb2bppp/1q2p1b1/4B3/2BP4/1P6/P3QPPP/3RR1K1 w - - 0 1	white	d5 exd5 Rf1 a6 h4 Bb4 Qb2	d4d5 e6d5 e1f1 a7a6 h2h4 e7b4 e2b2	21.d5! Exchanging the isolated pawn unleashes the full power of White’s bishops and heavy pieces. You don’t need to calculate further to make this decision, so consider the following variations supportive rather than necessary. 21...exd5 21...Bb4 gives White a choice: 22.dxe6!? (A simple alternative is 22.Rf1 exd5 23.Rxd5± when Rb5 is a threat, and after 23...a6 24.h4! White harasses the bishop.) 22...Bxe1 23.Rxe1 fxe6 24.Qb2± Black can’t save the g7-pawn, as 24...Rf7 is met by 25.Bxg7! anyway: 25...Rxg7 26.Rxe6+– 22.Rxd5± But not 22.Bxd5? Bb4 23.Rf1 Rfe8 24.Qb2 Bf8 when White can’t use the nice-looking bishop for anything useful.	Smyslov	Trifunovic	Zagreb	1955	Smyslov – Trifunovic, Zagreb 1955	69	69
59	priyome	public-education	r1b1rnk1/1pp1qppp/p1p5/4P3/3N4/P1Q3B1/1PP2PPP/3R1RK1 b - - 0 1	black	c5 f4 b6 f5 Bxf5	c6c5 f2f4 b7b6 f4f5 c8f5	17...c5! Chasing the knight before White’s f-pawn starts to run. 17...Bd7 is too slow: 18.f4 c5 19.Nb3 b6 20.f5+– 18.Nf3 After 18.Nb3 b6 19.f4 Bf5= Black is in time to block the pawns. 18...b6!=	Karaklajic	Smyslov	Zagreb	1955	Karaklajic – Smyslov, Zagreb 1955	70	70
60	priyome	public-education	2rr2k1/pn2qp1p/4b1p1/2pp4/8/6P1/PPNQPPBP/2RR2K1 w - - 0 1	white	b4 d4 Bd5 Nd6 bxc5 Rxc5 Nxd4	b2b4 d5d4 g2d5 b7d6 b4c5 c8c5 c2d4	21.b4! Splitting the hanging-pawns couple and gaining access to the d4-square. 21.Ne3 d4 22.Nc4 Bd5= 21...Nd6 21...c4±; 21...cxb4 22.Nxb4± 22.bxc5 Rxc5 23.Nd4²	Spassky	Ravinsky	Leningrad	1957	Spassky – Ravinsky, Leningrad 1957	71	71
61	priyome	public-education	rnbqkbnr/pp4pp/2p1p3/3p1p2/2PP4/2N2N2/PP2PPPP/R1BQKB1R w KQkq - 0 1	white	Bf4	c1f4	5.Bf4 If Black goes for the Stonewall before e2-e3 or g2-g3 has been played, White should take the chance to develop the bishops more actively. The bishop on f4 is in contact with the weak e5-square. White will follow up with e2-e3, including against ...Bd6, as the exf4 structure is excellent for White. Notice that the other bishop should avoid g2, where it would be obstructed by the well-defended d5- pawn. A possible set-up is e2-e3, Qc2, Bd3, 0-0-0 and g2-g4.	Taimanov	Spassky	Moscow	1957	Taimanov – Spassky, Moscow 1957	71	71
62	priyome	public-education	2r2rk1/p2qn1pp/1p2p3/n2pPp1P/3P1N2/P2PB1Q1/5PP1/R3K2R w KQ - 0 1	white	h6 g6 O-O	h5h6 g7g6 e1g1	18.h6! g6 19.0-0± Black is eternally weak on the dark squares.	Smyslov	Botvinnik	Moscow (14)	1957	Smyslov – Botvinnik, Moscow (14) 1957	72	72
63	priyome	public-education	r1b1qrk1/2p3bp/p2p1n2/3Ppp1n/2B5/2N1BP1P/PPQ1N1P1/2K1R2R b - - 0 1	black	f4 g4 Qg6 Kb1	f5f4 g2g4 e8g6 c1b1	16...f4!= Giving up the e4-square is a small price to keep the kingside closed. 16...Qf7? 17.g4+– opened up Black’s king in the game. 16...Qg6?! 17.g4 Bh6 also opens Black’s kingside: 18.Bxh6 Qxh6+ 19.Kb1 Nf4? 20.g5!+–	Tal	Dittmann	Reykjavik	1957	Tal – Dittmann, Reykjavik 1957	73	73
64	priyome	public-education	r3qrk1/2nn1pbp/p2p2p1/1ppPp1B1/2P1PP2/1PNQ4/P2N2PP/4RRK1 b - - 0 1	black	f5 Bh4 b4 Nb5 Nxb5 Ra1 g5	f7f5 g5h4 b5b4 c3b5 c7b5 e1a1 g6g5	Black’s last move was 15...e5, so the question is whether or not to capture en passant. 16.f5! Preventing Black from exchanging on f4, which would open the g7-bishop’s diagonal and take control over the e5-square. According to Stockfish, 16.dxe6 Nxe6 17.Bh4 is almost equally good, but to me it feels strange to give Black access to the d4-square. 16...f6 17.Be3 b4 The game continued: 17...g5 18.cxb5 axb5 19.Nxb5 Nxb5 20.Qxb5 Rxa2 21.Ra1+– 18.Na4 g5± White will gradually prepare to open a kingside file. Having more space means that it’s easier to manoeuvre the pieces towards the kingside.	Petrosian	Taimanov	Leningrad	1959	Petrosian – Taimanov, Leningrad 1959	73	73
65	priyome	public-education	rnbq1rk1/1p3pbp/p2p1np1/2pP4/P3P3/2NB1N2/1P3PPP/R1BQ1RK1 b - - 0 1	black	Bg4 h3 Bxf3 Qxf3 Nbd7 Bf4 Qc7 Qe2 Rfe8 Bh2 Rac8	c8g4 h2h3 g4f3 d1f3 b8d7 c1f4 d8c7 f3e2 f8e8 f4h2 a8c8	10...Bg4! Black has two minor pieces that can be developed to d7, so it’s wise to get rid of one of them. 11.h3 Bxf3 12.Qxf3 Nbd7 Threatening another piece exchange in Black’s favour. 13.Bf4 Qc7 14.Qe2 Rfe8 15.Bh2 Rac8=	Donner	Tal	Zurich	1959	Donner – Tal, Zurich 1959	74	74
66	priyome	public-education	r1bqnrk1/pp1n2bp/2pp2p1/4pp2/2PPP3/2N1BN2/PP3PPP/R2QRBK1 w - - 0 1	white	exf5 gxf5 dxe5 Nxe5 Bc5 Rf7 Nxe5	e4f5 g6f5 d4e5 d7e5 e3c5 f8f7 f3e5	If Black pushes ...f7-f5 before White has closed the centre, the normal reaction is to capture twice. 12.exf5 12.dxe5?! Nxe5 allows Black to take back on f5 with the bishop. 12...gxf5 13.dxe5 Nxe5± The Black structure is not harmonious; the pawn on f5 is a long-term weakness without any real redeeming features. 13...dxe5 14.Bc5 wins material, and it’s no surprise that Black is busted. 14...Rf7? 15.Nxe5 is the main point, exploiting the pin on the d-file.	Spassky	Lutikov	Tbilisi	1959	Spassky – Lutikov, Tbilisi 1959	75	75
67	priyome	public-education	r3r1k1/1pqn1pb1/p2p1npp/2pP4/P3PB2/2N2B1P/1PQ2PP1/R3R1K1 b - - 0 1	black	c4 Be2 Rac8 e5	c5c4 f3e2 a8c8 e4e5	16...c4! Tal demonstrates his own saying that Black has to be active in the Benoni – even if it’s not possible. On this occasion, it is. Preparing ...c5-c4 with 16...Rac8 also works, but there is no reason to delay the advance. 17.Be2 Rac8„ Keeping the knight flexible before deciding whether it will go to e5 or to c5. Mikhail Tal “I believe most definitely that one must not only grapple with the problems on the board – one must also make every effort to combat the thoughts and will of the opponent.”	Geller	Tal	Tbilisi	1959	Geller – Tal, Tbilisi 1959	75	75
68	priyome	public-education	r2qr1k1/ppn2pb1/3p1n1p/2pP2p1/4P1b1/P1N2NB1/1PQ1BPPP/R2R2K1 b - - 0 1	black	Nh5 Nd2 Bxe2 Nxe2 Nb5 Nb3	f6h5 f3d2 g4e2 c3e2 c7b5 d2b3	15...Nh5 Having weakened the kingside with ...g6-g5, Black should hunt down the g3-bishop before White creates an escape square on h2. 16.Nd2! 16.h3?! was played in the game. 16...Bxe2 17.Nxe2 White is ready to recapture on g3 with the knight, targeting the weak f5-square. Black should therefore switch to a different plan for the time being. 17...Nb5!? 18.Nb3!?„ With mutual chances.	Klasups	Tal	Riga (Ol)	1959	Klasups – Tal, Riga (Ol) 1959	76	76
69	priyome	public-education	r1bq1rk1/pppnn1bp/3p2p1/3Ppp2/1PP1P3/2N2NP1/P4PBP/R1BQ1RK1 w - - 0 1	white	Ng5 Nf6 a4 a5 b5	f3g5 d7f6 a2a4 a7a5 b4b5	11.Ng5! In an effort to save time, Black elected not to prepare ...f7-f5 with ...h7-h6. The consequence is being forced to part with the light-squared bishop, while opening the long diagonal for White’s bishop. 11...Nf6 12.a4!? Stockfish’s suggestion. 12.Ba3 was played in the game, but it’s a bit early to determine if the bishop will have a good future on this square. 12.Ne6 is possible straight away, but why not wait for Black to spend a tempo on ...h7-h6? 12...a5 13.b5± The knight will jump to e6 soon, and Black will have obvious problems on the light squares.	Najdorf	Fischer	Mar del Plata	1959	Najdorf – Fischer, Mar del Plata 1959	77	77
70	priyome	public-education	r1b2rk1/pp2qpbp/2p3p1/2n1p2n/2P1P3/2N1BP2/PP1QN1PP/1B1R1RK1 b - - 0 1	black	Ne6 Qd6 Re8 c5 Qxd6 g3	c5e6 d2d6 f8e8 c4c5 e7d6 g2g3	13...Ne6 Putting the knight on its best square. The sacrifice 14...Nhf4 is in the air. 13...a5?! 14.Qd6² favours White. 13...Re8!? is a good alternative. Black begins to redirect the bishop towards c5, and if 14.Qd6 Bf8= Black is fine. Botvinnik should probably have played 14.g3 when Black has some dynamic potential, but nothing more. The game went 14.Qe1 and Black was comfortable. 14.Qd6?! Qf6!³ shows another advantage of Black’s 13th move.	Botvinnik	Tal	Moscow (17)	1961	Botvinnik – Tal, Moscow (17) 1961	77	77
71	priyome	public-education	r4rk1/pppqppbp/1n4p1/3P4/4P3/1QN1BP2/PP3P1P/2KR3R w - - 0 1	white	h4 h5	h2h4 h7h5	17.h4 Preparing h4-h5 followed by opening the h-file, or perhaps h5-h6 in some cases. 17...h5 Preventing the above plan but also making a concession, as Black’s king is less secure. There is no need to think any deeper before deciding on 17.h4.	Petrosian	Botvinnik	Moscow (15)	1963	Petrosian – Botvinnik, Moscow (15) 1963	78	78
72	priyome	public-education	r1bqn1k1/ppp2rb1/3p2np/PPPPp1p1/2N1Pp2/B1N2P2/4B1PP/R2Q1RK1 w - - 0 1	white	b6 axb6 cxb6 cxb6 a6 Bf8 Nb5	b5b6 a7b6 c5b6 c7b6 a5a6 g7f8 c3b5	18.b6! The standard way of opening lines on the queenside. Black can’t avoid exchanging two pawns. By the way, the same move normally gives a huge initiative even with the a-pawn still on a4. 18...axb6 18...cxb6 is met by 19.axb6, as 19.cxb6 a6 unnecessarily gives Black some time before White breaks through. 19.axb6 cxb6 White has succeeded in undermining Black’s central pawn chain, and there are many good ways to proceed. 20.Nxb6 20.cxd6 Bf8 is good for White, but the game continuation is better. 20...Rb8 21.Nb5 Bf8 22.Na7 Smyslov held on to his advantage until (according to the database) a draw was surprisingly agreed on move 28. Better is 22.Qc2 to bring the rook from f1 to the queenside.	Smyslov	Ciocaltea	Sochi	1963	Smyslov – Ciocaltea, Sochi 1963	79	79
73	priyome	public-education	r1bqk2r/pp2bppp/2n1pn2/3p4/2PP4/P1N2N2/1P3PPP/R1BQKB1R w KQkq - 0 1	white	c5 b6 Bb5 a5	c4c5 b7b6 f1b5 a7a5	8.c5! A strong move with Black’s knight on c6. The reason is that the consistent follow-up b2-b4 also prepares to attack the knight. 8...b6?! is a typical retort but it doesn’t work here due to: 9.Bb5² Threatening the misplaced knight on c6. 9.b4 is also possible, and if 9...a5? 10.b5+– White once again exploits the misplaced knight.	Petrosian	Olafsson	Los Angeles	1963	Petrosian – Olafsson, Los Angeles 1963	80	80
74	priyome	public-education	r1bqk2r/pp2ppbp/1nnp2p1/6B1/2PP4/2N5/PP3PPP/2RQKBNR w Kkq - 0 1	white	d5 Bg4 Be3 e5 Be2 O-O b3	d4d5 c8g4 g5e3 e7e5 f1e2 e8g8 b2b3	9.d5! It is important to play this advance before Black gets time for ...e7-e5 or ...d6-d5. (White should play the same move even if the pawn was defended by a bishop on e3.) 9.Nf3 Bg4ƒ; 9.Be3 e5„ 9...Ne5 10.Be2 Capturing on c4 runs into an embarrassing check. (I have tried!) Starting with 10.b3 is also fine. 10...0-0 11.b3±	Petrosian	Dreyer	Tel Aviv (Ol)	1964	Petrosian – Dreyer, Tel Aviv (Ol) 1964	80	80
75	priyome	public-education	r2q1r2/pp2ppkp/3p2p1/3b1P2/2P1P3/3Q4/PP4PP/2R2RK1 w - - 0 1	white	exd5	e4d5	19.exd5± By not opening the c-file, White keeps all the heavy pieces on the board and can successfully attack Black’s king. Moves like Rc3, Qd2 and Rh3 are likely to be on the agenda.	Smyslov	Carrean	Tel Aviv (Ol)	1964	Smyslov – Carrean, Tel Aviv (Ol) 1964	81	81
76	priyome	public-education	r2q1r2/1ppb1pbk/p1np1npp/4p3/1P2P3/1BPP1N2/PB1N1PPP/R2QR1K1 b - - 0 1	black	Nh5	f6h5	12...Nh5!³ Heading for f4, a strong square as White has fianchettoed the dark-squared bishop. The ...f7-f5 advance is also in the air.	Karpov	Ravinsky	Leningrad	1966	Karpov – Ravinsky, Leningrad 1966	82	82
77	priyome	public-education	r2qr1k1/ppn1ppbp/2bp2p1/3N4/2P1PP2/4B3/PP1QB1PP/3R1RK1 w - - 0 1	white	Rf3 Nxd5 exd5 Bd7 Bd3	f1f3 c7d5 e4d5 c6d7 e2d3	16.f5!‚ Preparing a kingside attack with moves like Bh6, fxg6, Rf3 and Qf4. The weak e5-square is less important, since Black’s knight is several moves away from reaching it. 16.b4 Nxd5 17.exd5 Bd7² should be tolerable for Black. 16...Nxd5 17.exd5 Bd7 18.Bd3±	Larsen	Petrosian	Santa Monica	1966	Larsen – Petrosian, Santa Monica 1966	82	82
78	priyome	public-education	r1bqk2r/pp1pppbp/2n2np1/8/2PP4/2N2N2/PP3PPP/R1BQKB1R w KQkq - 0 1	white	d5	d4d5	7.d5!± Advancing the d-pawn to the fifth rank with gain of tempo is usually a good idea. Matters after e4-e5 (when it is possible) are more double-edged, as the e-pawn typically has less support.	Petrosian	Jimenez Zerquera	Havana (Ol)	1966	Petrosian – Jimenez Zerquera, Havana (Ol) 1966	83	83
79	priyome	public-education	r4rk1/2qnbpp1/ppbp1n1p/4pP2/P3P1PP/1NN1B3/1PP3B1/R2Q1RK1 b - - 0 1	black	Nh7 Bf2 Rfc8	f6h7 e3f2 f8c8	15...Nh7! Stopping g4-g5 while threatening the h-pawn. It takes a while for White to get a rook to the g-file, and Black always has ...Qd8 if necessary. 16.Bf2 16.Qe1 Rfc8 17.Qg3 Qd8!µ brings an end to White’s ambitions. 16...Rfc8³	Karpov	Lilein	Leningrad	1967	Karpov – Lilein, Leningrad 1967	83	83
80	priyome	public-education	r2nk1nr/pppq1pbp/3pb1p1/1P2p3/2P5/2NP1NP1/P3PPBP/R1BQK2R w KQkq - 0 1	white	Ng5 Bf5 e4	f3g5 e6f5 e2e4	9.Ng5 Instead of allowing a bishop exchange with ...Bh3, White traps the bishop. 9...Bf5 9...e4? is a shot into empty air. 10.Bb2+– 10.e4± Tigran Petrosian “Some consider that when I play I am excessively cautious, but it seems to me that the question may be a different one. I try to avoid chance. Those who rely on chance should play cards or roulette. Chess is something quite different.”	Petrosian	Estrin	Moscow	1968	Petrosian – Estrin, Moscow 1968	84	84
81	priyome	public-education	r1b2rk1/pp1n1pbp/3p1np1/q2Pp3/4P3/2N2NPP/PP3PB1/R1BQ1RK1 b - - 0 1	black	b5 Nd2 Qa6	b7b5 f3d2 a5a6	11...b5!„ Taking space on the queenside is often possible when White has fianchettoed the light- squared bishop, which no longer points towards b5. 11...Nc5 12.Nd2 Bd7 13.Nc4 Qa6 14.Na3² would maintain an edge for White.	Buslaev	Smyslov	Riga	1968	Buslaev – Smyslov, Riga 1968	85	85
82	priyome	public-education	3rr1k1/pp3pp1/2n1qn1p/3p4/8/1QN1P1P1/PP3PBP/2R2RK1 b - - 0 1	black	d4 Qxe6 Rxe6 exd4 Rxd4	d5d4 b3e6 e8e6 e3d4 d8d4	18...d4! Exchanging the isolated pawn. 19.Qxe6 Rxe6 20.exd4 Rxd4= 20...Nxd4 looks more natural, but Spassky’s move is also fine.	Mecking	Spassky	Palma de Mallorca	1969	Mecking – Spassky, Palma de Mallorca 1969	85	85
83	priyome	public-education	rnbq1rk1/ppp1ppbp/6p1/8/3P4/2n2N2/PP1BPPPP/2RQKB1R w K - 0 1	white	Bxc3 c5 Bd2	d2c3 c7c5 c3d2	8.Bxc3 8.bxc3?! c5 leads to a situation where the Bd2 and Rc1 moves make little sense. 8...c5 One of the points behind White’s set-up is that 9.dxc5 can be played without conceding an isolated pawn on c3. Another option is 9.d5!? Bxc3+ 10.Rxc3 with a semi-active rook. In both cases, White has some chances for an opening advantage, but Black should be okay after accurate play.	Smyslov	Hort	Monte Carlo	1969	Smyslov – Hort, Monte Carlo 1969	86	86
84	priyome	public-education	2r2rk1/p4ppp/1p6/n2P4/5Q2/5N2/q4PPP/3RR1K1 w - - 0 1	white	d6	d5d6	21.d6!± “Passed pawns must be pushed.” Black is a pawn up, but will be tied down with the rooks stuck on the eighth rank. Boris Spassky “When I am in form, my style is a little bit stubborn; almost brutal. Sometimes I feel a great spirit of fight which drives me on.”	Spassky	Petrosian	Moscow (5)	1969	Spassky – Petrosian, Moscow (5) 1969	87	87
85	priyome	public-education	1r1q1rk1/p3ppbp/2bp1np1/2p5/1nP5/1PN1N1PP/PB1QPPB1/R4RK1 w - - 0 1	white	Ncd5 Nbxd5 cxd5 Bb5	c3d5 b4d5 c4d5 c6b5	17.Ncd5! White should not allow Black to exchange the light-squared bishops “for free”. 17...Nbxd5 17...Nfxd5 is worse, since it exchanges the king’s best defender: the bishop on g7. 18.cxd5 Bxb2 19.Qxb2 Bb5± The pawn on d5 makes it difficult for Black to manoeuvre the minor pieces to the kingside. White will build up an attack with f2-f4 and/or h3-h4. 18.cxd5 Bb5² Just like in the note above, White will play on the kingside. It’s not as easy with the knight on f6 and bishop on g7, so White can only claim a slight advantage.	Karpov	Rashkovsky	Kuibyshev	1970	Karpov – Rashkovsky, Kuibyshev 1970	88	88
86	priyome	public-education	rnb2rk1/ppq1n1pp/4p3/3pPp2/3P4/P2B2Q1/2PB1PPP/R3K1NR b KQ - 0 1	black	b6	b7b6	11...b6! Preparing to exchange the bad bishop with ...Ba6. No more moves are needed! By the way, some test solvers queried this exercise on the basis that Black stands clearly worse even after the solution. Statistics reveal a 57% score for White from over 600 games, and the engine likes White. However, I think it’s important to be able to play good moves even if the position is dubious.	Hort	Petrosian	Kapfenberg	1970	Hort – Petrosian, Kapfenberg 1970	88	88
87	priyome	public-education	r2q1rk1/pp1nppbp/2p1b1p1/4N1B1/3P4/2PB3P/PP3PP1/R2QR1K1 w - - 0 1	white	Nf3	e5f3	15.Nf3!± It’s useful to avoid exchanges since White has more space. 15.Nxd7 Qxd7² would allow Black to untangle with ...Bf6 and ...Bf5.	Tal	Kolarov	Kapfenberg	1970	Tal – Kolarov, Kapfenberg 1970	89	89
88	priyome	public-education	r3nr1k/pb1nqppp/1pp5/3p4/3P4/1QNBPN2/PP3PPP/2RR2K1 w - - 0 1	white	e4 dxe4 Nxe4 h6 Nf6	e3e4 d5e4 c3e4 h7h6 e4f6	14.e4! This is a standard pawn lever in this structure with Black’s bishop hidden behind the c6-pawn, and it becomes even more effective when Rd1-e1 harasses the black queen. That’s all you would need to know to play the move. Stockfish’s evaluation of +1.5 merely confirms what we can already see from looking at the board. 14.Qa4?! was played. 14...dxe4 15.Nxe4 h6 15...Nef6? runs into 16.Neg5!+– when Black has no good defence against Re1 followed by Nxf7+. 16.Re1 Black’s queen needs to retreat, and White clearly has a strong initiative.	Korchnoi	Petrosian	Moscow	1971	Korchnoi – Petrosian, Moscow 1971	90	90
89	priyome	public-education	1rr3k1/1p1np2p/p2pb3/5p2/2P5/1PR1BP2/P3B1PP/3RK3 b - - 0 1	black	b5 Rdc1 Nf6 cxb5	b7b5 d1c1 d7f6 c4b5	20...b5 Black has two possible follow-ups: ...b5-b4 with a dark-square blockade, or (more likely) ...b5xc4 to leave White with a weak pawn. 21.Rdc1 The most natural reply. 21...Nf6= Prophylaxis against cxb5, which would now run into ...Rxc3 followed by ...Nd5.	Petrosian	Jansa	Sarajevo	1972	Petrosian – Jansa, Sarajevo 1972	90	90
90	priyome	public-education	r1bq1rk1/p5p1/1p3npp/2pPp3/P1P1P3/2PBB3/6PP/R2Q1RK1 b - - 0 1	black	a5	a7a5	16...a5!³ Stopping a4-a5 has two advantages. Firstly, the b6-pawn is easier to defend with the a-file closed; and secondly, White will need to keep an eye on the a4-pawn. It would have been even more important to stop White’s a-pawn if Black had castled long. 16...Ng4 does not achieve anything special, so it would be better to keep such ideas in reserve. The main merit of the knight jump is that it doesn’t stop Black from going ...a7-a5 next! Bobby Fischer “Too many times, people don’t try their best. They don’t have the keen spirit; the winning spirit. And once you make it you’ve got to guard your reputation - every day go in like an unknown to prove yourself. That’s why I don’t clown around. I don’t believe in wasting time. My goal is to win the World Chess Championship; to beat the Russians. I take this very seriously.” Boris Spassky “I still hope to kill Fischer.”	Spassky	Fischer	Reykjavik (5)	1972	Spassky – Fischer, Reykjavik (5) 1972	91	91
91	priyome	public-education	rnbqk2r/pp2ppbp/3p1np1/2P5/4PP2/2N2N2/PPP3PP/R1BQKB1R b KQkq - 0 1	black	Qa5 e5 Ne4	d8a5 e4e5 f6e4	6...Qa5! A standard move, available in many similar positions. 6...dxc5? 7.Qxd8+ Kxd8 8.e5+– is horrible for Black. The king is vulnerable on d8, the g7-bishop is passive, and White can swiftly attack the f7- and c7-squares. 7.Bd3 7.cxd6?! Nxe4³ is good for Black. 7...Qxc5 Black keeps the pawn on d6, reaching a reasonable version of a Dragon structure.	Spassky	Fischer	Reykjavik (17)	1972	Spassky – Fischer, Reykjavik (17) 1972	92	92
92	priyome	public-education	rnbqkb1r/pp1ppp1p/5np1/2p5/2P5/1P6/PB1PPPPP/RN1QKBNR w KQkq - 0 1	white	Bxf6 exf6 Nc3 Bg7 g3	b2f6 e7f6 b1c3 f8g7 g2g3	4.Bxf6! The placement of Black’s c-pawn makes this move strong: White gains full control over the d5-square. 4...exf6 5.Nc3 Bg7 6.g3² Anatoly Karpov “Pawns not only create the sketch for the whole painting; they are also the soil, the foundation, of any position.”	Karpov	Browne	San Antonio	1972	Karpov – Browne, San Antonio 1972	93	93
93	priyome	public-education	r3r1k1/pp1nppbp/2p5/5bp1/2NP4/BPP1P3/4BPPP/R4RK1 w - - 0 1	white	Na5 Rab8	c4a5 a8b8	15.Na5! Attacking the b7-pawn, which can’t move. 15...Rab8² Before Black can get rid of the irritating knight, White has a couple of moves in which to create an initiative.	Petrosian	K. Smith	San Antonio	1972	Petrosian – K. Smith, San Antonio 1972	94	94
94	priyome	public-education	r1bqk1nr/1p3pbp/2np2p1/p1p1p3/2P5/P1N2NP1/1P1PPPBP/1RBQ1RK1 b kq - 0 1	black	Nge7 d3 h6 e4 Bf6 Nd5 O-O b4 Rb8 Ne1 Be6 Nc2 Nxd5 b5	g8e7 d2d3 h7h6 e2e4 g7f6 c3d5 e8g8 b2b4 a8b8 f3e1 c8e6 e1c2 e7d5 b4b5	8...Nge7 A knight on f6 could be pinned, and would also block the f-pawn. 8...f5?! argues that the knight is better on f6, but the queenside is too exposed for Black to have realistic chances for a kingside attack. 9.d3 Nf6 (9...h6 is slow, and 10.e4!? Nf6 11.Nh4± is unpleasant.) 10.Bg5 h6 11.Bxf6 Bxf6 12.Nd5 0-0 13.b4± Black’s kingside advances have only created weaknesses. 9.d3 0-0 This position is still often seen nowadays. The exercise is over, but it’s worth including some additional moves from the game, which featured logical play from both sides. 10.Bd2 Rb8! A useful move, avoiding ...Be6 as long as White has Ng5. 11.Ne1 Be6 12.Nc2 d5! Before White clamps down with Ne3. 13.cxd5 Nxd5 14.Nxd5 Bxd5 15.b4 Bxg2 16.Kxg2 b5 17.bxa5 Nxa5 We can see that the rook on b8 is useful!	Evans	Karpov	San Antonio	1972	Evans – Karpov, San Antonio 1972	94	94
95	priyome	public-education	r2qkb1r/ppp3pp/2b1pp1n/3pP3/3P4/1N3N2/PPP2PPP/R1BQK2R b KQkq - 0 1	black	Nf7 Bh6	h6f7 c1h6	8...Nf7 Avoiding Bxh6. Developing the knight with ...Nh6-f7 is common when the c1-bishop is blocked (as was the case with the knight on d2 in this game), but sometimes it’s okay to allow Bxh6 leading to a damaged pawn structure after ...gxh6. However, the present position is not one of those cases, as the earlier exchange on c6 would make it easier for White’s knights to exploit Black’s structural weaknesses after ...gxh6. The exercise ends there, but it is worth noting after the text move that Black should not be in a hurry to exchange on e5, which would allow dxe5 and Nbd4. Instead, Black should simply develop with ...Qd7 and ...0-0-0 before planning his next move.	Kasparov	Vasilchenko	Kyiv	1973	Kasparov – Vasilchenko, Kyiv 1973	95	95
96	priyome	public-education	r2q1rk1/pbp2pbp/1p2p1pB/n7/3PP3/2PB4/P2QNPPP/R4RK1 b - - 0 1	black	c5 e5	c7c5 e4e5	13...c5 No exclamation mark – it’s a move that must be played. Black intends to fight for the c4- square with ...Rc8 and ...c5xd4. 13...Bxh6?! 14.Qxh6 c5 makes it easier for White to attack: 15.e5± The threat is Ne2-f4-h5.	Rashkovsky	Tal	Sochi	1973	Rashkovsky – Tal, Sochi 1973	96	96
97	priyome	public-education	rn1qk1nr/1b2ppbp/p2p2p1/1pp5/3PPP2/2NB1N2/PPP1Q1PP/R1B1K2R w KQkq - 0 1	white	dxc5 dxc5 e5	d4c5 d6c5 e4e5	8.dxc5! dxc5 8...Bxc3+ 9.bxc3 dxc5 10.c4± An eventual mate on g7 would not be a surprise. 9.e5!± Blocking the bishop on g7 and getting the e4-square for the bishop or the knight. (Black can’t play both ...c5-c4 and ...b5-b4.) Szabo should have prepared ...c7-c5 with ...Nd7	Tal	Szabo	Sochi	1973	Tal – Szabo, Sochi 1973	96	96
98	priyome	public-education	r2q1rk1/1p1bbppp/2nppn2/p7/4PP2/1NN1B3/PPP1B1PP/R2Q1RK1 w - - 0 1	white	a4 Nd4 Nxd4 Bc6 Bf3 g6 Rf2 e5 Nxc6 bxc6 fxe5 dxe5 Qf1	a2a4 c6d4 b3d4 d7c6 e2f3 g7g6 f1f2 e6e5 d4c6 b7c6 f4e5 d6e5 d1f1	11.a4! Securing the outpost on b5. Black gets a square on b4 for the knight, but it will not be able to stay there forever. Karpov eventually played c2-c3 on his 26th move. Black’s knight had to retreat to a6, where it was out of play, after which a sudden kingside attack decided matters in White’s favour. However, for now White is content to gain space and restrict Black’s play. A move like 11.Kh1?! allows 11...a4 12.Nd4 a3 when White’s queenside is weakened. 11.a3 a4 12.Nd4 Nxd4 13.Bxd4 Bc6= 11...Nb4 12.Bf3 Bc6 13.Nd4 g6 14.Rf2 e5 15.Nxc6 bxc6 16.fxe5 dxe5 Black has defended against any e4-e5 ideas, but instead White gets the c4-square, which Karpov highlights with his next move. 17.Qf1! White went on to score a masterful victory.	Karpov	Spassky	Leningrad (9)	1974	Karpov – Spassky, Leningrad (9) 1974	97	97
99	priyome	public-education	r1b1rnk1/pp2q1pp/2p5/5p2/3Pp3/2N1P3/PPQN1PPP/4RRK1 w - - 0 1	white	f3 exf3 Nxf3 Be6 e4 fxe4 Rxe4	f2f3 e4f3 d2f3 c8e6 e3e4 f5e4 e1e4	15.f3 The rooks on e1 and f1 would otherwise have no purpose. 15...exf3 16.Nxf3 Be6 17.e4! fxe4 18.Rxe4= It’s the usual scenario with an isolated pawn: White has more active pieces but a potential weak pawn. The pawn will not be attacked in the near future, and there will probably be a lot of exchanges leading to a draw.	Tal	Vaganian	Riga	1975	Tal – Vaganian, Riga 1975	98	98
100	priyome	public-education	r2q1rk1/pb2bppp/1p3n2/2ppN3/3P4/6P1/PPQ1PPBP/R1BR2K1 w - - 0 1	white	dxc5 Bxc5 Bg5 Bd6 Bf4	d4c5 e7c5 c1g5 c5d6 g5f4	13.dxc5 Forcing Black to decide what kind of weak pawn(s) to get: an isolated pawn or a hanging pawn couple. 13...Bxc5 13...bxc5 14.Bg5 also leaves Black under unpleasant pressure; it’s hard to decide which option is the lesser evil. 14.Nd3 Bd6 15.Bf4±	Karpov	Spassky	Riga	1975	Karpov – Spassky, Riga 1975	98	98
101	priyome	public-education	r4rk1/1q1nppbp/pp1p1np1/3N4/1PPNP3/5PP1/PB2Q1KP/3R1R2 b - - 0 1	black	Rfe8 b5	f8e8 b4b5	17...Rfe8!= Black keeps the structure solid. Next he will play ...b6-b5 or ...e7-e6. 17...Nxd5?! gives White the c6-square after either recapture. Play could continue: 18.cxd5 Bxd4 Avoiding Nd4-c6. 19.Bxd4 b5 20.h4²	Smyslov	Weinstein	Lone Pine	1976	Smyslov – Weinstein, Lone Pine 1976	100	100
102	priyome	public-education	r4rk1/pbpqppbp/1p4p1/n7/3PP3/2PBBP2/P2QN1PP/R4RK1 b - - 0 1	black	c5 Bh6 e6 c4 Bxh6 d5 Bg7 Rac1	c7c5 e3h6 e7e6 c3c4 g7h6 d4d5 h6g7 a1c1	13...c5 Black should not delay the usual Grünfeld move any longer. 13...Rfd8?! 14.Bh6 c5 15.Bxg7 Kxg7 16.d5 e6 17.c4!± The last move becomes possible after the g7-bishop has been exchanged. 14.Bh6 14.d5 e6=; 14.dxc5 is “always” compensation – many moves are possible. 14...cxd4 15.Bxg7 Kxg7 16.cxd4 Rac8 17.Rac1 If White wanted more, the rooks had to be kept. Instead Karpov offered a draw, which was accepted. ½–½	Karpov	Kavalek	Montilla	1976	Karpov – Kavalek, Montilla 1976	101	101
103	priyome	public-education	r4rk1/pb4qp/np1p4/2pP1p2/2P1pP2/PP1N2P1/3Q2BP/R2R2K1 w - - 0 1	white	Ne1 e3	d3e1 e4e3	23.Ne1² On the way towards e3, a blockading square where the knight puts pressure on f5 and controls the g4-square.	Vaganian	Karpov	Moscow	1976	Vaganian – Karpov, Moscow 1976	101	101
104	priyome	public-education	rnbq1rk1/pp2nppp/2pb4/3p4/3P1B2/2PB4/PP2NPPP/RN1Q1RK1 b - - 0 1	black	Bf5 Bxd6 Qxd6 Qc2 Bxd3 Qxd3 Nd7 Nd2	c8f5 f4d6 d8d6 d1c2 f5d3 c2d3 b8d7 b1d2	8...Bf5!= Exchanging the bad bishop. (With a move more, White would stop it with Qc2.) 8...Bg4 9.Bxd6 Qxd6 10.Qc2² 9.Bxd6 Qxd6 10.Ng3 Bxd3 11.Qxd3 Nd7 12.Nd2 The players agreed a draw. ½–½	Hort	Petrosian	Hastings	1977	Hort – Petrosian, Hastings 1977	102	102
105	priyome	public-education	r2qkb1r/pp3ppp/2p1pn2/4Nb2/3P4/2P5/PP3PPP/R1BQKB1R w KQkq - 0 1	white	g4 Bg6 f3 Nd5 Nxg6 fxg6 Qc2	g2g4 f5g6 f2f3 f6d5 e5g6 f7g6 d1c2	9.g4 Bg6 9...Be4 10.f3 Bd5 11.c4+– 10.h4 To avoid losing the bishop to h4-h5, Black has to allow the ugly ...f7xg610...h5 11.g5 Nd5 12.Nxg6 fxg6 13.Qc2+–	Karpov	Hort	Bugojno	1978	Karpov – Hort, Bugojno 1978	103	103
106	priyome	public-education	3r1rk1/1q2bppp/pp1ppn2/2n5/2PQP3/1PN2PPN/PB4KP/3R1R2 b - - 0 1	black	b5 Nf2 Rc8 b4 a5 Qe3 Rb8	b6b5 h3f2 d8c8 b3b4 a6a5 d4e3 c8b8	17...b5! It’s also possible to go for 17...Rc8 followed by ...b6-b5, but there’s no reason to delay the pawn break. 18.Nf2 In the event of 18.cxb5 axb5³ White risks being left with a weak pawn on the queenside. 18...Rc8!³ 18...bxc4 19.Qxc4 d5= was Kasparov’s choice. 18...b4 19.Ne2 a5 allows 20.Qe3= intending Nd4-b5. 19.cxb5 axb5 20.Qb4 Rb8!³ The queen is not the ideal blockading piece. Garry Kasparov “I see my own style as being a symbiosis of the styles of Alekhine, Tal and Fischer.”	Pavlenko	Kasparov	USSR	1979	Pavlenko – Kasparov, USSR 1979	103	103
107	priyome	public-education	r1b2rk1/p1q2ppp/1p3n2/n1pPp3/4P3/P1PB3P/1B2QPP1/R3K1NR b KQ - 0 1	black	c4 Bc2 Nb3 Rd1 a5	c5c4 d3c2 a5b3 a1d1 a7a5	14...c4! A must before White plays c3-c4. 14...Ne8 15.c4² 15.Bc2 Najdorf now missed an opportunity to obtain excellent play on the queenside with: 15...Nb3 16.Rd1 a5!³ Planning ...Ba6 and ...Nc5-d3.	Petrosian	Najdorf	Buenos Aires	1979	Petrosian – Najdorf, Buenos Aires 1979	104	104
108	priyome	public-education	r1r3k1/pp2ppbp/6p1/8/1n1PP3/4BB1P/P4PP1/3R1RK1 w - - 0 1	white	e5 Rab8 Rb1 Nxa2 Rb3 e6 Bf4	e4e5 a8b8 d1b1 b4a2 b1b3 e7e6 e3f4	17.e5 Opening the diagonal for the bishop on f3. Black doesn’t have time to fortify the d5-square. Two illustrative lines: 17...Rab8 17...Rc7 18.Rb1 Nxa2 19.Rb3± Followed by Ra1 on the next move. 18.e6! fxe6 19.Bf4± Black is in trouble.	Karpov	Ljubojevic	Montreal	1979	Karpov – Ljubojevic, Montreal 1979	105	105
109	priyome	public-education	r2q1rk1/1b1nbpp1/p3p2p/2p5/1pNPP3/5NP1/PPQ2PBP/R2R2K1 w - - 0 1	white	d5 Qc7 Nb6	d4d5 d8c7 c4b6	19.d5± White’s advantages are the passed pawn and the nice square on c4. 19.dxc5? released Black’s pieces. Sosonko tried to hang on to the pawn, but in vain: 19...Qc7 20.Rxd7 Qxd7 21.Nb6 Qb5 22.Nxa8 Rxa8 23.Rc1 Rc8 24.Nd4 Qxc5 Black is at least fine.	Sosonko	Karpov	Waddinxveen	1979	Sosonko – Karpov, Waddinxveen 1979	105	105
110	priyome	public-education	r1b1r1k1/1pq1bppp/p1nppn2/8/P2NPP2/2N1B3/1PP1B1PP/R3QR1K b - - 0 1	black	Nxd4 Qg3 e5 fxe5 Be6	c6d4 e1g3 e6e5 f4e5 c8e6	12...Nxd4! 12...Bd7 13.Qg3²; 12...Na5 13.Rd1 Nc4 14.Bc1² 13.Bxd4 e5 Equalizing in the centre. 14.fxe5 In the event of 14.Be3 Black should not allow f4-f5. 14...exf4 15.Bxf4 Be6 Black’s plan is ...Nd7-e5. The knight manoeuvre is a standard procedure in this structure, and worth remembering. 14...dxe5 15.Qg3 Bd8= The only move. Black defends the e-pawn and also the queen, thus threatening ...exd4.	Tal	Kasparov	Minsk	1979	Tal – Kasparov, Minsk 1979	106	106
111	priyome	public-education	2rr2k1/pbq1bppp/1pp1pn2/4N3/2PP4/1P4P1/PBQ2PBP/R2R2K1 w - - 0 1	white	c5	c4c5	17.c5² Otherwise Black would have released the bishop with ...c6-c5. White is better on both wings, but it’s more logical to play on the kingside where the b7-bishop can’t take part, but the b2-bishop can.	Smyslov	Koch	Los Polvorines	1980	Smyslov – Koch, Los Polvorines 1980	107	107
112	priyome	public-education	r4rk1/1q2bp1p/p1bppnp1/1p6/3BPP2/P1N2BQ1/1PP3PP/3R1R1K w - - 0 1	white	f5 e5 Be3	f4f5 e6e5 d4e3	17.f5 White can exert further pressure with Qh3 or perhaps Qh4 (depending on the specific tactics after the reply ...e6-e5). Note that White should not rush to exchange on e6, as this would open space for Black’s rook and deprive White of a potential f5-f6. 17...e5 18.Be3² White will continue to harass the knight on f6 with moves like Bg5 and Qh4.	Karpov	Hübner	Bad Kissingen	1980	Karpov – Hübner, Bad Kissingen 1980	107	107
113	priyome	public-education	r2qkb1r/1b1n1ppp/p1p1pn2/1p6/3P4/P1NBPN2/1P3PPP/R1BQK2R w KQkq - 0 1	white	b4	b2b4	10.b4 The only way to fight for an advantage is by stopping the move Black absolutely wants to play (...c6-c5). With ...c6-c5 unavailable, the b7-bishop will be passive for a long time. However, Black will attack the b-pawn (...a6-a5, ...Bd6, ...Qe7, ...Nd5) and will also look for a good moment to play ...e6-e5.	Petrosian	Torre	Moscow	1981	Petrosian – Torre, Moscow 1981	108	108
114	priyome	public-education	1r4k1/ppq1rp1p/6p1/2nB4/2P5/5R1P/PQ3PP1/3R2K1 w - - 0 1	white	h4 h5 Qf6	h3h4 h7h5 b2f6	24.h4± With control over the position, it’s possible to attack the black king with h4-h5-h6, or sometimes h4-h5xg6. 24...h5? 24...Rbe8 does not trouble White after 25.g3. 25.Qf6+– Threatening to take on g6. Even 25.Rxf7!? Rxf7 26.Qf6 wins.	Karpov	Smyslov	Moscow	1981	Karpov – Smyslov, Moscow 1981	109	109
115	priyome	public-education	r2qk2r/1p1b1pb1/p2p1npp/2pPn3/P3P3/2N1BP2/1P2BNPP/R2QK2R b KQkq - 0 1	black	g5	g6g5	13...g5!± Black stops f3-f4 (which would actually have trapped the knight) and prepares to take further control of the dark squares with ...Ng6 and ...Nh5. You have to be able to find good moves in disadvantageous positions, as well as in advantageous ones.	Gulko	Kasparov	Frunze	1981	Gulko – Kasparov, Frunze 1981	109	109
116	priyome	public-education	r3rbk1/1bqn1ppp/pp1ppn2/8/2PNPP2/2NBB3/PP2Q1PP/2RR3K w - - 0 1	white	b4 Rac8 Nb3 Qb8 a3 Qa8 Bd2	b2b4 a8c8 d4b3 c7b8 a2a3 b8a8 e3d2	15.b4!? Stopping ...Nc5. 15...Rac8 15...d5?? cannot be played with Black’s queen standing opposite the white rook. 16.cxd5+– 16.Nb3 Qb8 17.a3 Safest. We have a normal Hedgehog position. 17.a4!? prepares a4-a5 and Nxa5, but the b-pawn is a problem after: 17...Qa8 18.a5 d5!?; 17.Bd2 was Karpov’s choice.	Karpov	Bellon Lopez	Linares	1981	Karpov – Bellon Lopez, Linares 1981	110	110
117	priyome	public-education	r2qk2r/1b2bpp1/p2ppn1p/8/1p1BP1PP/2N2P2/PPPQ4/2KR1B1R w kq - 0 1	white	Na4 Qa5 Kb1 e5 Be3 d5 Nb6 Rb8 Nc4	c3a4 d8a5 c1b1 e6e5 d4e3 d6d5 a4b6 a8b8 b6c4	14.Na4 This is usually the correct square for the knight, blocking Black’s a-pawn while looking towards b6. 14.Ne2 Qa5 15.Kb1 e5 16.Be3 d5„ 14...Bc6 15.Nb6 Rb8 16.Nc4± 16.Qf2±	Karpov	Franco Ocampos	Mar del Plata	1982	Karpov – Franco Ocampos, Mar del Plata 1982	111	111
118	priyome	public-education	r2q1k1r/1ppb1pb1/3p1np1/p2Pp3/1nP1P2p/2N1BPP1/PP2Q1BP/2KR2NR b - - 0 1	black	Bh6 a4 Nh5 Qf2	g7h6 a2a4 f6h5 e2f2	16...Bh6!= Exchanging the passive restricted bishop and giving the king a square on g7. 16...a4 can be met with 17.g4 (or 17.a3 first) and it’s too late for Black to exchange bishops. After 16...Nh5 17.Qf2 Bh6 it’s possible to go 18.f4 as Black doesn’t have an immediate knight jump to g4. 17.f4?! Ng4 is good for Black, since 18.Bd2? allows 18...Nf2!.	Portisch	Petrosian	Tilburg	1982	Portisch – Petrosian, Tilburg 1982	111	111
119	priyome	public-education	r1q2rk1/1bp1bppp/p3pn2/1p6/1n1P1B2/5NP1/PP1NPPBP/R1QR2K1 b - - 0 1	black	c5	c7c5	13...c5!= Exchanging the backward (and threatened) pawn. The game continued for another eight moves. Guess the result...	Andersson	Karpov	Tilburg	1982	Andersson – Karpov, Tilburg 1982	112	112
120	priyome	public-education	1rbqr1k1/1p3pbp/p2p1np1/2pPn3/P1N5/2N3PP/1P2PPB1/R1BQ1RK1 w - - 0 1	white	Na3 b5 a5 Rb6 e4 Bg4 hxg4 Nc4 Bf4 Nxg4 axb6 Qxb6	c4a3 b7b5 a4a5 b8b6 e2e4 c8g4 h3g4 e5c4 c1f4 f6g4 a5b6 d8b6	14.Na3! Keeping the knights (White has more space) and also stopping ... b7-b5. Black is fine according to current theory; but since White’s last move is the only logical and critical try, it nevertheless qualifies as an exercise. 14.Ne3? b5µ; 14.Nxe5 Rxe5 15.a5 b5 16.axb6 Rxb6= The a6- and b2-pawns are both weak. 14...Nh5! Black opens up for ...f7-f5. 15.e4 Theory has been well established after more than a thousand games from this position. Theoretical details are not the topic of this book, but it’s worth mentioning a few lines involving instructive and typical moves. 15.g4 gives Black multiple ways to sacrifice a piece for good compensation. 15...Bxg4 (15...Nxg4 and 15...Qh4 also offer dynamic equality.) 16.hxg4 Nxg4 A spectacular drawing line continues: 17.Qd3 Bxc3 18.bxc3 Re3! 19.Bxe3 Qh4 20.Rfd1 Re8! 21.Nc4 Nf4 (21...Rxe3= is also good.) 22.Bxf4 Qxf2+ 23.Kh1 Qh4+ 24.Kg1 With a draw. 15...Bd7 Kasparov played 15...Rf8. 16.a5 Black must now choose between taking and sacrificing a pawn. 16...b5! This is the most reliable choice. 16...Qxa5 17.g4 Nf6 18.f4 Trapped! 18...Nexg4 19.hxg4 Nxg4 20.f5 The position is approximately equal but White does have some attacking chances. 17.axb6 Bb5 18.Naxb5 axb5 19.Nxb5 Qxb6 20.Na3 Qb3© Black is doing fine.	Korchnoi	Kasparov	Lucerne (Ol)	1982	Korchnoi – Kasparov, Lucerne (Ol) 1982	113	113
121	priyome	public-education	r1q2rk1/1b2bppp/p3pn2/1pp3B1/1n1P4/5NP1/PP2PPBP/RNQR2K1 w - - 0 1	white	Bxf6 gxf6 a3 a5 dxc5 Nd5 Qh6 Rd8 Rc1	g5f6 g7f6 a2a3 a6a5 d4c5 b4d5 c1h6 f8d8 d1c1	14.Bxf6! Not being able to take back with the bishop, Black must accept doubled pawns. 14...gxf6 14...Bxf6 15.a3! (15.dxc5 allows 15...a5!= and possibly ...Nb4-a6.) 15...Nd5 16.dxc5± 15.a3 15.Nc3 was played in the game. As we will see below, it helps White to avoid obstructing the c-file. 15...Nd5 16.Qh6 White does not play for an immediate attack. An important reason why Black is unhappy with the doubled f-pawns is that the structure rules out ...e6-e5, which would now weaken the f5- square too much. 16...Rd8 17.Rc1!²	Agzamov	Karpov	Moscow	1983	Agzamov – Karpov, Moscow 1983	114	114
122	priyome	public-education	r2r2k1/5p1p/p3pp2/1pbb4/8/P4NP1/1P2PPBP/R2R2K1 w - - 0 1	white	Ne1 Bxg2 Rd3 Rxd3 Nxd3 Rc8 Rc1 f5 h3	f3e1 d5g2 d1d3 d8d3 e1d3 a8c8 a1c1 f6f5 h2h3	20.Ne1! Exchanging bishops while preparing to put the knight on its best square, d3. 20...Bxg2 20...Bb3? is critical but runs into a brilliant tactic: 21.Rd3! (It’s hard to spot short moves along an open file when it’s possible to exchange.) 21...Rxd3 22.Nxd3 Rc8 23.Rc1+– 21.Kxg2 f5 22.Rxd8+ Rxd8 23.Nd3 Be7 24.Rc1² The squares on the c-file will not lead to anything concrete by themselves, but White can also try to improve the king and push the kingside pawns. For instance, h2- h3, g3-g4 and hxg4 could lead to an open h-file against Black’s lonely h-pawn. The game went 24.a4 bxa4 and Karpov held a draw quite comfortably.	Agzamov	Karpov	Moscow	1983	Agzamov – Karpov, Moscow 1983	114	114
123	priyome	public-education	r1bqr1k1/1p1n1pbp/p2p1np1/2pP4/P7/2N2NPP/1P2PPB1/R1BQR1K1 b - - 0 1	black	Ne4 Nxe4 Rxe4	f6e4 c3e4 e8e4	12...Ne4! Black is happy to exchange pieces and open the diagonal for the g7-bishop. 13.Nxe4 Rxe4 The rook might continue to b4.	Razuvaev	Tal	Moscow	1983	Razuvaev – Tal, Moscow 1983	115	115
124	priyome	public-education	2rqk2r/3bbpp1/p1nppn1p/1p6/4PP2/1NN1BB2/PPPQ2PP/2KR3R b k - 0 1	black	Na5 Na4 e5 Qd3 O-O Nd4	c6a5 c3a4 e6e5 d2d3 e8g8 b3d4	13...Na5! In the Sicilian, Black’s semi-open c-file tends to be worth more than White’s d-file. Abstractly, I think this has something to do with the open part of the file being longer. (White can seldom put pawns on b3 and c3, unlike Black’s equivalent formation with pawns on d6 and e6.) In this example, the fact that White has castled queenside makes the c-file especially relevant. To avoid the knight settling on c4, White needs to exchange it, thus facilitating the development of the enemy queen. 13...b4?! 14.Na4² 14.Nxa5 Qxa5 15.Kb1 15.e5 b4!–+ 15...b4 16.Ne2 0-0³ The game move 16...Bc6 could have been met by 17.Qd3 0-0 18.Nd4= when White is okay.	Chandler	Anand	London	1984	Chandler – Anand, London 1984	116	116
125	priyome	public-education	r2q1rk1/1p2ppbp/1n3np1/p2P1b2/P2P4/1QN3P1/1P2NPBP/R1B2RK1 b - - 0 1	black	Bd3 d6 exd6 Bxb7 Rb8 Bf3	f5d3 d5d6 e7d6 g2b7 a8b8 b7f3	12...Bd3 A creative route to attack the pawn on d5. (But a standard motif in the positions arising from this opening variation.) It’s the best way to fight for equality. 13.d6! White takes the last chance to exchange the doubled pawn for Black’s b-pawn. 13...exd6 14.Bxb7 Rb8 Black has some compensation along the b-file, with ...Bc4 and ...Nbd5 being the next two moves. 15.Bf3 Stockfish doesn’t think Black has full compensation but, as stated previously, we still need to be able to find good moves in worse positions.	Hübner	Smyslov	Tilburg	1984	Hübner – Smyslov, Tilburg 1984	117	117
126	priyome	public-education	r1bqk2r/4np1p/p1p1p1p1/8/2Nb4/3B4/PPP3PP/R1BQ1R1K w kq - 0 1	white	Bh6	c1h6	14.Bh6!+– Stopping Black from castling. Black’s extra pawn is of little value.	Van der Wiel	Anand	Thessaloniki (Ol)	1984	Van der Wiel – Anand, Thessaloniki (Ol) 1984	117	117
127	priyome	public-education	2r1r1k1/1p2b1pp/p1qppn2/4n3/P3P3/2N4Q/1PP1B1PP/R1B2R1K b - - 0 1	black	Bd8 a5 Nxe4 Qxe6+ Kh8 Nxe4 Qxe4 Bf3 Qxc2 Bxb7 Ng6	e7d8 a4a5 f6e4 h3e6 g8h8 c3e4 c6e4 e2f3 e4c2 f3b7 e5g6	21...Bd8! A bishop on a5 puts pressure on White’s centre. Black should avoid trading e-pawns, as 21...Nxe4?! 22.Qxe6+ Kh8 23.Nxe4 Qxe4 24.Bf3 Qxc2 25.Bxb7² gives White an advantage on the light squares. 22.Bd3 White does not have time for 22.a5 due to 22...Nxe4, although perhaps this should still have been played. For instance, after 23.Bh5 Ng6 24.Bg4 d5³ Black stands better but White does have some compensation. 22...Ba5µ 22...Rc7 was played, but is overly cautious.	Karpov	Martinovic	Amsterdam	1985	Karpov – Martinovic, Amsterdam 1985	118	118
128	priyome	public-education	r4r1k/1bqnbp1p/pp1p2p1/4p2n/P3P3/2N1BP2/1PPNBQPP/R2R2K1 b - - 0 1	black	f5 exf5 Ndf6 Nde4 d5	f7f5 e4f5 d7f6 d2e4 d6d5	16...f5! Increasing the scope of the b7-bishop, f8-rook and h5-knight. (The last by enabling the rook to cover the f4-square.) 17.exf5? White should avoid the capture on f5 and instead give the bishop an escape square by: 17.Qe1! fxe4 (17...Ndf6÷) 18.Ndxe4 Ndf6÷ 17...d5!µ A strong intermediate move. 17...gxf5?! 18.Nc4÷ was the game.	Anand	Howell	Sharjah	1985	Anand – Howell, Sharjah 1985	119	119
129	priyome	public-education	r1bq1rk1/1p2bppp/p2p1n2/4p3/P3PP2/2Nn1N2/1PP1Q1PP/R1B2RK1 w - - 0 1	white	cxd3 Qc7	c2d3 d8c7	12.cxd3 Capturing towards the centre. Well, a better argument is that the pawn vacates its slightly vulnerable spot on the c-file, and now performs a useful function in covering the c4-square against a future bishop incursion. 12.Qxd3 Qc7³ is a standard Sicilian position where Black is happy with the bishop pair. Black puts a rook on c8, eying the c2-pawn. 12...exf4 13.Bxf4 Be6=	Khalifman	Kengis	Minsk	1985	Khalifman – Kengis, Minsk 1985	119	119
130	priyome	public-education	2rr2k1/pbqnbppp/1p3n2/2pp4/3P4/1PNBPN2/PB2QPPP/2RR2K1 w - - 0 1	white	Bf5 b5 Bh3 Ra8 Ne5 Ne4 Nxe4 dxe4 Nd3 Bf6 Ba3 Ne5 dxe5	d3f5 b6b5 f5h3 c8a8 f3e5 f6e4 c3e4 d5e4 e5d3 e7f6 b2a3 d7e5 d4e5	14.Bf5! Activating the bishop before Black plays ...Ne4. It is better on f5 than on b5 for a few reasons, the main one being that it pins the d7-knight. Moreover, threatening the bishop with ...g7-g6 slightly weakens the black king – and if it happens, the bishop can stay on its newfound diagonal by retreating to h3. 14...g6 15.Bh3 Ra8 Moving out of the pin before Ne5 can be played. White’s 14th move has paid off. 15...Ne4 runs into: 16.Nxe4! White could maintain some advantage by quieter means, but the concrete approach works well. 16...dxe4 17.Nd2! (17.Ne5? Nxe5! 18.Bxc8 Nd3=) 17...Bf6 18.Ba3± White wins a pawn16.Ne5 16.Ba1!?± was interesting, to use the diagonal with Qb2. 16...Nxe5 17.dxe5 Ne4 18.Nxe4 dxe4 19.e6ƒ	Tal	Rozentalis	Volgograd	1985	Tal – Rozentalis, Volgograd 1985	120	120
131	priyome	public-education	4rrk1/1pqnbppp/pNbpp3/P7/4P3/4B1P1/1PP2PBP/R2QR1K1 b - - 0 1	black	f5 c4 fxe4 Bxe4 Bxe4	f7f5 c2c4 f5e4 g2e4 c6e4	15...f5! Otherwise Black’s rook would look – and be! – stupid. Still, White’s position is to be preferred slightly since Black will soon have three pawn islands against two. (And with several minor pieces exchanged, the two centre pawns don’t cramp White.) 15...Nxb6 16.Bxb6 Qd7 17.c4± 16.Nxd7 Qxd7 17.Qd3 fxe4 18.Bxe4 Bxe4 19.Qxe4 d5=	Anand	Jansa	Kolkata	1986	Anand – Jansa, Kolkata 1986	121	121
132	priyome	public-education	rn1q1rk1/p2p1pbp/1p4p1/2pPp3/2P1b3/1Q3NP1/PP2PPBP/R1B2RK1 w - - 0 1	white	Bh3 Bxf3 Qxf3	g2h3 e4f3 b3f3	11.Bh3! Taking the retreat square from Black’s bishop, while preparing Ng5 or Nd2. 11...Bxf3 Forced. 12.Qxf3² White has space and the bishop pair.	Karpov	Timman	Brussels	1986	Karpov – Timman, Brussels 1986	121	121
133	priyome	public-education	r2q1rk1/1p1b1pbp/p2p1np1/P1pPn3/4P3/2N1BP2/1P1Q1NPP/R3KB1R b KQ - 0 1	black	b5 axb6 Qxb6 Be2 Bb5	b7b5 a5b6 d8b6 f1e2 d7b5	13...b5! Black should act immediately to create counterplay. After h2-h3 followed by f3-f4, it would be too late. 14.axb6 Qxb6 15.Be2 Bb5= 15...Rfb8 was also possible.	Moussa	Anand	Doha	1986	Moussa – Anand, Doha 1986	122	122
134	priyome	public-education	r1b1r1k1/pp1nqpbp/2p3p1/2P1p2n/N3P3/5NP1/PPQ1BP1P/R1BR2K1 b - - 0 1	black	Nf8	d7f8	13...Nf8 Allowing the bishop to develop, and at the same time manoeuvring towards d4. Black’s next moves are likely to be ...Bg4, ...Ne6 and ...Rad8.	Marin	Anand	Oakham	1986	Marin – Anand, Oakham 1986	123	123
135	priyome	public-education	2r2r2/3q1pkp/pp4p1/1b1Pp2P/4P3/8/P2QNPP1/2RR2K1 w - - 0 1	white	h6+	h5h6	23.h6++– The pawn will irritate Black for a long time. Even in rook endings, there might be back- rank mates or a rook penetration with Rh8xh7, leading to a dangerous passer. Taking into account the above advantage plus White’s protected passed pawn and better minor piece, we can evaluate the game as positionally over.	Kasparov	Lutz	Frankfurt (Simul)	1986	Kasparov – Lutz, Frankfurt (Simul) 1986	123	123
136	priyome	public-education	q1r1n1k1/1brn1ppp/1p1pp3/p7/1PP1PP2/PN1Q2PP/2R3BK/2RN4 w - - 0 1	white	Nd4 b5	b3d4 b6b5	32.Nd4± Heading towards b5. No additional variations are needed. Ribli had missed that the b3- knight could reach b5, only considering Nd1-c3-b5.	Karpov	Ribli	Dubai (Ol)	1986	Karpov – Ribli, Dubai (Ol) 1986	124	124
137	priyome	public-education	r1q1kb1r/pp1npppp/2p2nb1/2PpN3/3P1BP1/1QN2P2/PP2P2P/R3KB1R w KQkq - 0 1	white	h4 h6 Nxg6 fxg6	h2h4 h7h6 e5g6 f7g6	11.h4 There’s no acceptable defence against h4-h5. 11...h6 12.Nxg6 fxg6+– The g6-pawn is too weak.	Kasparov	Torre	Brussels (Blitz)	1987	Kasparov – Torre, Brussels (Blitz) 1987	125	125
138	priyome	public-education	r2r2k1/1bq1bppp/ppnppn2/8/P3PPP1/1NN2B2/1PP1Q2P/R1B2R1K b - - 0 1	black	d5 e5 Nd7 Be3 Ndxe5 fxe5 d4 Nd5 Rxd5 Bxd5 dxe3 Be4 Nxe5	d6d5 e4e5 f6d7 c1e3 d7e5 f4e5 d5d4 c3d5 d8d5 f3d5 d4e3 d5e4 c6e5	14...d5! A flank attack is best met by a counterattack in the centre. If Black delayed this break, White would secure an advantage with g4-g5. 15.e5 15.exd5 Nxd5 16.Nxd5 Rxd5!!µ White’s king is weak, regardless of whether or not the exchange sacrifice is accepted. (16...exd5³ followed by ...d5-d4 gives Black a lesser advantage.) 15...Nd7µ The exercise ends here, but let’s see Tal’s nice sacrifice: 16.Be3 Ndxe5! 17.fxe5 d4 18.Nd5 Rxd5! 19.Bxd5 dxe3 20.Be4 Nxe5–+ White surely regretted g2-g4.	Arnason	Tal	Jurmala	1987	Arnason – Tal, Jurmala 1987	125	125
139	priyome	public-education	r1bq1rk1/pp1nb1pp/2p1pn2/3pNp2/2PP4/6P1/PP1NPPBP/R1BQ1RK1 w - - 0 1	white	Nd3 Ne5 Nxe5 Nd7 Ne4 Bf6 Nd2	e5d3 d7e5 d3e5 f6d7 d2e4 e7f6 e4d2	9.Nd3! A normal white plan in the Stonewall is Nf3-e5-d3 in conjunction with Nd2-f3-e5, and eventually f2-f3 to kick away the black knight which usually goes to e4. It takes some time and leaves the h2-pawn undefended for a few moves, but Black’s attacking tries with ...Qe8-h5 and ...Ng4 or ...Rf6-h6 are more naive than dangerous. 9.Ndf3 is less effective due to 9...Nxe5 10.Nxe5 Nd7! when avoiding the exchange would leave the c4-pawn hanging. White keeps some edge, but the e5- square is worth less without knights. 9...Ne4 10.Qc2 Protecting the c4-pawn. 10...Bf6 10...Nxd2 11.Bxd2± Black should keep the knight on e4 as long as possible. 11.Nf3!²	Kasparov	Short	Brussels	1987	Kasparov – Short, Brussels 1987	126	126
140	priyome	public-education	2r3k1/pp1qp1bp/6p1/n7/3PP3/3QB2P/P3N1P1/5RK1 w - - 0 1	white	d5 Bd4 Bxd4 e5 dxe6 Qxe6 Bg7 Kxg7 Nf4	d4d5 g7d4 e3d4 e7e5 d5e6 d7e6 d4g7 g8g7 e2f4	20.d5 Threatening Bxa7 and preparing both Bd4 and Nd4-e6. 20...Nc4 21.Bd4 e5! In the event of 21...Ne5² White moves the queen and prepares Nf4-e6. 22.dxe6 White should not allow a good blockading knight on d6. 22...Qxe6 23.Bxg7 Kxg7 24.Nf4ƒ Black’s king is weak but material is limited, which keeps White’s advantage small.	Karpov	Kasparov	Seville (9)	1987	Karpov – Kasparov, Seville (9) 1987	127	127
141	priyome	public-education	r3r1k1/pp1bqpbp/n1pp1np1/4p3/2PPP3/2N1BN1P/PP3PP1/R2QRBK1 w - - 0 1	white	c5 dxc5 dxe5 Qd6	c4c5 d6c5 d4e5 e7d6	12.c5! A standard move in similar positions, preparing Bxa6 while undermining Black’s pawn centre (since there is no pawn on c7 defending d6). Here it’s even stronger than usual – Black actually loses material12...exd4 12...dxc5 13.dxe5+– 13.cxd6 Qxd6 14.e5+–	Karpov	Ehlvest	Mazatlan (Rapid)	1988	Karpov – Ehlvest, Mazatlan (Rapid) 1988	127	127
142	priyome	public-education	r1bqkbnr/pp1ppp1p/2n3p1/1Bp5/4P3/2N5/PPPP1PPP/R1BQK1NR w KQkq - 0 1	white	Bxc6 bxc6	b5c6 b7c6	4.Bxc6!² When f2-f4 is still possible (i.e. Nf3 has not been played), White gets a good version of the Rossolimo, continuing with the standard moves d2-d3, f2-f4, Nf3, 0-0, Qe1 and so on. The doubled pawns make it difficult for Black to push pawns without creating a weakness. For example, 4...bxc6 followed by ...d7-d5 makes c5 weak.	Spassky	Hort	Germany	1988	Spassky – Hort, Germany 1988	128	128
143	priyome	public-education	rqb1r1k1/p2n1ppp/2pbpn2/1p6/3P4/2N1PN2/PPQBBPPP/2R2RK1 w - - 0 1	white	Ne4 Bb7 Bd3	c3e4 c8b7 e2d3	13.Ne4! Increasing White’s control over the weak squares on the c-file. 13.Rfd1?! is slow. 13...Bb7 and it’s too late to go Nc3-e4. 13...Nxe4 14.Qxe4 Bb7 15.Bd3 f5 16.Qh4± Black can’t push the c- pawn and there is always b2-b4 if necessary. Another threat is e3-e4.	Karpov	Van der Wiel	Tilburg	1988	Karpov – Van der Wiel, Tilburg 1988	129	129
144	priyome	public-education	3q1nk1/ppr1rppp/2p1bn2/3p4/3P1N2/2NBPP2/PP3QPP/4RR1K w - - 0 1	white	e4 dxe4 fxe4 Rcd7 d5 cxd5 Bb5 Rc7 exd5 Bd7 Rd1	e3e4 d5e4 f3e4 c7d7 d4d5 c6d5 d3b5 d7c7 e4d5 e6d7 e1d1	17.e4 This is one of White’s main positional plans in the Carlsbad structure. If Black doesn’t react, White continues with e4-e5 (and later f3-f4-f5). 17...dxe4 18.fxe4 Rcd7 19.d5!? Kasparov’s move is strong, but there was no need to hurry. 19.h3 was possible, as 19...Rxd4? is refuted by: 20.Ncd5+– 19...cxd5 20.Bb5 Rc7 21.exd5 Bd7 21...Bxd5? 22.Rd1+– 22.Be2±	Kasparov	Andersson	Belfort	1988	Kasparov – Andersson, Belfort 1988	129	129
145	priyome	public-education	rnq2rk1/p3pp1p/1p4p1/2pP4/4P3/2b2N2/P3QPPP/1RB2RK1 w - - 0 1	white	e5 Qf5 Rb3 Ba5 Nh4	e4e5 c8f5 b1b3 c3a5 f3h4	15.e5! No return for Black’s bishop. 15...Qf5?! For better or worse, Black had to allow the bishop to be exchanged with 15...Bd4, either now or on the next move. 16.Rb3 Ba5 17.Nh4+– White is not “a” piece up on the kingside, but two or three pieces up.	Khalifman	Lau	Rotterdam	1988	Khalifman – Lau, Rotterdam 1988	130	130
146	priyome	public-education	r2q1rk1/1p1nppbp/2bp2p1/p7/2PBP3/1PN2P2/P2QB1PP/R4RK1 w - - 0 1	white	Be3	d4e3	14.Be3! Avoiding exchanges as White has more space. The bishop stops Black from developing with ...Qb6. 14.Bf2!? also counts as a correct solution. The same general comments apply, although it feels slightly less active not to have the bishop operating on the c1-h6 diagonal.	Anand	Larsen	Cannes	1989	Anand – Larsen, Cannes 1989	131	131
147	priyome	public-education	3rr1k1/1p2qpp1/p1p3p1/8/PP1Pp3/4P3/2Q2PPP/1RR3K1 w - - 0 1	white	b5 Qc5	b4b5 e7c5	20.b5± There is no reason to delay the standard minority attack. It gives Black a weak pawn, and Ljubojevic decided to accept one on a6. It was lost on move 38. 20.Qc5² gives White a lesser advantage.	Karpov	Ljubojevic	Linares	1989	Karpov – Ljubojevic, Linares 1989	131	131
148	priyome	public-education	r2qnrk1/p2p1ppp/bpn1p3/2p5/2PPPP2/P1PB4/4N1PP/R1BQ1RK1 b - - 0 1	black	f5	f7f5	11...f5! Before continuing to attack the c-pawn, Black stops f4-f5 and thus limits the scope of all three of White’s minor pieces, as well as the f1-rook. By the way, Karpov also played the same move against Yusupov four years later in Linares.	Yusupov	Karpov	London (6)	1989	Yusupov – Karpov, London (6) 1989	132	132
149	priyome	public-education	r2qr1k1/pp1b1pb1/3p1n1p/2nP2p1/2p1P3/2N2P1P/PPB1NBP1/R2Q1RK1 b - - 0 1	black	Nh5 Nd4	f6h5 e2d4	16...Nh5÷ Eying the dark squares, and intending to continue with ...Be5 and/or ...Nf4 soon. There’s no need to be afraid of Bxc5. 16...b5?! is well met by 17.Nd4!² when White will do well on the light squares.	Haik	Kasparov	Evry (Simul)	1989	Haik – Kasparov, Evry (Simul) 1989	133	133
150	priyome	public-education	r2q1bk1/ppNb1r1p/3p1nn1/P2Pp3/1P2Ppp1/5P2/4BBPP/2RQNRK1 b - - 0 1	black	g3 hxg3 Nh5 g4 Ng3 Nxa8 Qh4 Bxa7 Nh5 Bf2 Bh6 Rc3 Qg5 Kh1	g4g3 h2g3 f6h5 g3g4 h5g3 c7a8 d8h4 f2a7 g3h5 a7f2 f8h6 c1c3 h4g5 g1h1	20...g3! Sacrificing a pawn and/or a rook to speed up the attack. 21.hxg3 The game went 21.Nxa8? Nh5! and Black won in great style. (Kasparov’s move was best, but 21...gxf2+ 22.Rxf2 Qxa8 was also good enough.) 21...fxg3 21...Nh5? allows 22.g4! Ng3 23.Nxa8 intending 23...Qh4? 24.Bxa7+– and the king escapes. 22.Bxg3 Nh5 23.Bf2 23.Bh2? Bh6 24.Rc3 Bf4 and the knights invade with decisive effect. 23...Ngf4ƒ Stockfish’s main line goes: 24.Nxa8 Qg5 25.g4 Nh3+ 26.Kh1 N5f4 27.Bg3 Nxe2 28.Qxe2 Qxc1³	Piket	Kasparov	Tilburg	1989	Piket – Kasparov, Tilburg 1989	133	133
151	priyome	public-education	r2qk1nr/1p2bppp/p1npb3/4p3/2P1P3/2NB4/PP3PPP/RNBQ1RK1 b kq - 0 1	black	Bg5 Na3 Nf6 Nd5	e7g5 b1a3 g8f6 c3d5	9...Bg5! Getting rid of (or at least activating) the bad bishop before developing the g8-knight. I am not concerned that Stockfish thinks 9...Rc8 10.Na3 Nf6 is of equal value. Black would like to exchange the dark-squared bishops. 9...Nf6 is met by 10.Nd5² without ...Bg5 being possible. 10.Nd2 Nf6 The knight may aim for the c5-square. 10...Nge7 was also possible.	Anand	Arakhamia-Grant	Oakham	1990	Anand – Arakhamia-Grant, Oakham 1990	135	135
152	priyome	public-education	r1bqk2r/1p2bppp/p1n1p3/3n4/4N3/3B1N2/PPP2PPP/R1BQ1RK1 w kq - 0 1	white	c4 b5 Nf6+	c2c4 b7b5 e4f6	A common pawn structure where White has three pawns on each wing and Black an extra pawn on the kingside. It’s not often that Black manages to use the majority with ...e6-e5 and ...f7-f5. (Black is, after all, Black.) On the queenside, White can use the majority to gain space, but Black can also use the pawns for a minority attack. The question is often: who is first? 10.c4!² If it were Black’s move, 10...b5 would be a good choice. 10...Nf6 Black’s pieces find themselves restricted. 10...Ndb4?! does not help, since after 11.Bb1± Black’s knight is in danger. 11.Qe2 0-0 12.Rd1 Qc7 13.Bg5 Nxe4 14.Bxe7 Qxe7 15.Bxe4± The c8-bishop is still a problem.	Anand	Gurevich	Wijk aan Zee	1990	Anand – Gurevich, Wijk aan Zee 1990	136	136
153	priyome	public-education	r1b1r1k1/pp3pbp/n1p2np1/4p3/2P1P3/2N1BN1P/PP2BPP1/R2R2K1 b - - 0 1	black	Bf8	g7f8	12...Bf8 To slowly take control over the d4-square, which is potentially weak since White has advanced both the c- and e-pawns. Black’s next move might be ...Nc5, attacking e4 and getting the knight closer to e6 and ultimately d4. Without ...Bf8, White would have pushed c4-c5 with the threat of Bxa6, while also preparing Nd2-c4, aiming at d6.	Karpov	Kasparov	Lyon/New York (5)	1990	Karpov – Kasparov, Lyon/New York (5) 1990	137	137
154	priyome	public-education	r3r1k1/1q2ppbp/1p1p2p1/p1nb4/2P1P3/PP2BP2/5QPP/1R1R1BK1 w - - 0 1	white	cxd5	c4d5	22.cxd5± With Bb5 coming next, White has great prospects on the queenside light squares. Vladimir Kramnik “For me art and chess are closely related; both are forms in which the self finds beauty and expression.”	Kramnik	Ostojic	Leningrad	1991	Kramnik – Ostojic, Leningrad 1991	137	137
155	priyome	public-education	rr4k1/4ppbp/q2p2p1/2pPn3/P3P3/1PN3PP/R1Q1RPK1/2B5 w - - 0 1	white	Nb5 c4	c3b5 c5c4	20.Nb5!± The set-up with a2-a4, b2-b3 and Nb5 makes for a highly effective configuration on the queenside, depriving Black of any activity along the a- and b-files. Since Black can’t challenge the knight, it’s a positional disaster. 20...c4!? is the best try for counterplay, but nothing that scares White. Black has no threats, and remember that White is a pawn up.	Spassky	Koch	Montpellier	1991	Spassky – Koch, Montpellier 1991	138	138
156	priyome	public-education	r2qk2r/1pp2pp1/2np4/p1b5/2P2Pbp/P1NBP3/1PQB2PP/R4RK1 w kq - 0 1	white	h3	h2h3	14.h3!± Not allowing ...h4-h3. White’s minor pieces are much better than Black’s, in addition to White’s favourable pawn structure.	Smyslov	Blasek	Gelsenkirchen	1991	Smyslov – Blasek, Gelsenkirchen 1991	139	139
157	priyome	public-education	1rbqr1k1/1p3pnp/p2p1bp1/P1pPn3/4P3/2N1BN1P/1PQ1BPP1/R4RK1 w - - 0 1	white	Nd2	f3d2	17.Nd2± Avoiding unnecessary exchanges, and preparing f2-f4 followed by Nc4.	Topalov	Dochev	Pazardzik	1991	Topalov – Dochev, Pazardzik 1991	139	139
158	priyome	public-education	r1b2rk1/1p1nqppp/p1pbpn2/8/2BP4/2N1PN1P/PPQ2PP1/R1BR2K1 b - - 0 1	black	b5 a4 c5 Ne4 Bb7	b7b5 a2a4 c6c5 c3e4 c8b7	11...b5 11...c5 12.dxc5 Nxc5 13.a4² 12.Bd3 c5= Since Black had already played ...a7-a6, it was possible to advance the c-pawn immediately after advancing its neighbour. Note that 13.Ne4 is met by 13...c4! 14.Nxd6 Qxd6 15.Bf1 Bb7 when Black’s control of the light squares compensates for White’s bishop pair.	Karpov	Anand	Brussels (2)	1991	Karpov – Anand, Brussels (2) 1991	140	140
159	priyome	public-education	r4rk1/1bp1qppp/1p1p4/p1nPp3/2P1PP2/2N3P1/PP1Q2BP/2R2RK1 w - - 0 1	white	f5 f6	f4f5 f7f6	17.f5² There was no way to increase the pressure on the e5-pawn, so instead White takes space and plans to advance further on the kingside (18.f6 is a threat). Moreover, the plan of b2-b3, a2-a3 and b3-b4 can also be prepared. The pawn structure gives White an advantage all over the board.	Karpov	Salov	Reykjavik	1991	Karpov – Salov, Reykjavik 1991	140	140
160	priyome	public-education	rn2brk1/pp2q1pp/2pbpn2/3pNp2/2PP4/1P1BPP2/PBQ3PP/RN3RK1 b - - 0 1	black	c5 b4 a5 a3	c6c5 b3b4 a7a5 a2a3	11...c5! Not allowing White to gain space with c4-c5. Kramnik’s move also gives the b8-knight the option of moving to c6. 11...Nbd7 12.c5 Bc7 13.b4 a5 14.a3²	Lindstedt	Kramnik	Maringa	1991	Lindstedt – Kramnik, Maringa 1991	141	141
161	priyome	public-education	r1b2rk1/ppbnqpp1/2p2n1p/4p3/3P4/P1N1PN1P/BPQ2PP1/R1B2RK1 w - - 0 1	white	Nh4 e4 Ng6 Qd6 Ne5 Re8 g3 Qxd4 Nb5 Bb8 Bd2 a5 Nc3	f3h4 e5e4 h4g6 e7d6 g6e5 f8e8 g2g3 d6d4 c3b5 c7b8 c1d2 a7a5 b5c3	13.Nh4! Threatening 14.Ng6 and 14.Nf5. 13.Bd2 e4! was the move Black planned when playing ...h7-h6, as Ng5 is no longer possible. 14.Nh4 Nb6 15.Ng6 Qd6 16.Ne5 Be6÷ 13...Re8 13...exd4 14.exd4 Qd6 15.g3± White is threatening Bf4, winning a piece, and after 15...Qxd4? 16.Be3 that is going to happen. 14.Nf5 Qf8 15.Nb5! Exploiting Black’s temporary lack of coordination. 15.Ng3 leads to an IQP position with a modest plus for White. The game move is better. 15...Bb8 15...cxb5 16.Qxc7± 16.Bd2 On the way to b4, trapping the queen. 16...a5 17.Nc3² White keeps a nice advantage. 17.dxe5 was played in the game.	Karpov	Anand	Brussels (8)	1991	Karpov – Anand, Brussels (8) 1991	142	142
162	priyome	public-education	r1bqkb1r/pp3ppp/2n1pn2/1Bpp4/4PP2/2N2N2/PPPP2PP/R1BQK2R w KQkq - 0 1	white	Bxc6+ bxc6 d3 c4 e5 Nd7 b3 Ba6 d4	b5c6 b7c6 d2d3 c5c4 e4e5 f6d7 b2b3 c8a6 d3d4	6.Bxc6+! Black should generally strive to avoid doubled pawns on the c-file when White still has the option of f2-f4. (Or if f2-f4 has already been played, as is the case here.) It is also possible to start with 6.e5 before taking on c6. 6...bxc6 7.d3 7.Qe2?! allowed 7...c4! and Black will get rid of the doubled pawn while activating the bishop via a6. 7.e5 Nd7 8.d3 is a promising alternative. (8.b3 Ba6 9.d3 c4 gives Black reasonable play.) 7...c4!? Black should immediately exchange one of the c- pawns. 8.e5 Nd7 9.d4² Black still has a restricted light-squared bishop.	Kasparov	Garrido Fernandez	Cordoba (Simul)	1992	Kasparov – Garrido Fernandez, Cordoba (Simul) 1992	143	143
163	priyome	public-education	r1bqr1k1/1p3ppp/p1n2n2/3p4/2pP4/P1P1PP2/2B1N1PP/R1BQ1RK1 w - - 0 1	white	Ng3 h5 h4 b5 e4	e2g3 h7h5 h2h4 b7b5 e3e4	13.Ng3 The best square for the knight, preparing e3-e4. 13.g4 h5!?„; For the record, Stockfish suggests the nonsense move 13.Rb1. A rook on an open file is useful, but White should concentrate on the centre. 13...Qa5 13...h5! stops e3-e4 for the moment, at the cost of weakening the kingside. 14.h4!?± forces through e3-e4, even if it gives Black the g4-square. 14.Bd2 b5 15.e4+–	Kasparov	Tejero	Cordoba (Simul)	1992	Kasparov – Tejero, Cordoba (Simul) 1992	143	143
164	priyome	public-education	r1bqk2r/5ppp/p1n1p3/1pnpP3/5P2/2N2N2/PPP2QPP/R3KB1R b KQkq - 0 1	black	Qb6 Ne4 Nxe4 Nd2 Qd4 c3	d8b6 c3e4 c5e4 f3d2 b6d4 c2c3	11...Qb6 Better than retreating with the knight. The pin is no problem and Black can follow up with ...b5-b4 and ...a6-a5. Trying to be active backfires: 11...Ne4? 12.Nxe4 dxe4 13.Nd2 Qd4 14.c3 e3 15.cxd4 exf2+ 16.Kxf2 Nxd4 17.Ne4±	Anand	Bareev	Dortmund	1992	Anand – Bareev, Dortmund 1992	144	144
165	priyome	public-education	rnbq1rk1/1p3pbp/p2p2p1/3Pp2n/4P1P1/2NBBP2/PP1Q3P/R3K1NR b KQ - 0 1	black	Nf4 Bxf4 exf4 Qxf4 Nd7 Qxd6 Be5 Qa3 b5	h5f4 e3f4 e5f4 d2f4 b8d7 f4d6 g7e5 d6a3 b7b5	11...Nf4! Rather than going backwards, Black offers a pawn to open the diagonal. Kamsky declined, but if he had taken the pawn, the game might have continued: 12.Bxf4? exf4 13.Qxf4 Nd7 14.Qxd6 Be5 15.Qa3 b5ƒ	Kamsky	Kasparov	Manila (Ol)	1992	Kamsky – Kasparov, Manila (Ol) 1992	145	145
166	priyome	public-education	r2r2k1/1p3pbp/4pnp1/pB1P4/4P3/P4P2/P4KPP/3R2NR w - - 0 1	white	d6	d5d6	17.d6² The pawn won’t queen in the near future, but it keeps Black restricted.	Kramnik	Nunn	Manila (Ol)	1992	Kramnik – Nunn, Manila (Ol) 1992	145	145
167	priyome	public-education	2r2rk1/1p2bpp1/p2pbn1p/q3p3/4P2P/2NB1P2/PPP3PB/1K1RQ2R b - - 0 1	black	Rxc3 Qxc3 Qxa2+ Kc1 d5 Qa3 Rc8 Qb4	c8c3 e1c3 a5a2 b1c1 d6d5 c3a3 f8c8 a3b4	18...Rxc3! 19.Qxc3 Qxa2+ 20.Kc1 d5!–+ Activating the bishop and avoiding Qa3 with a queen exchange. Now ...Rc8 followed by ...Qa1+ and ...Bb4+ is a strong threat. 20...Rc8? 21.Qb4= enables White to survive.	Kveinys	Kramnik	Debrecen	1992	Kveinys – Kramnik, Debrecen 1992	146	146
168	priyome	public-education	rnqr2k1/1bp1bpp1/1p3n1p/p2p4/3P1B2/PPN2NP1/2Q1PPBP/R2R2K1 w - - 0 1	white	Nh4 g5 Nf5	f3h4 g7g5 h4f5	15.Nh4!± A standard idea when Black has fianchettoed the light-squared bishop (no ...Bxf5) and played ...h7-h6 (no ...g7-g6). 15.Na4 does not win material due to 15...Na6. 15.Ne5² is a decent option but the text move is stronger. By the way, it is also necessary to see that 15...g5? doesn’t win a piece due to 16.Nf5 with a huge threat.	Karpov	Lobron	Baden-Baden	1992	Karpov – Lobron, Baden-Baden 1992	146	146
169	priyome	public-education	r1q2rk1/pb2bppp/1pp1pn2/8/2PP4/5NP1/PPQ2PBP/R1BR2K1 w - - 0 1	white	c5	c4c5	14.c5!² Locking in Black’s bishop on b7 makes it worth giving up the d5-square. White can manoeuvre the knight with Ne5-c4, and also wants to exchange dark-squared bishops with Bg5 or Bf4-d6.	Kasparov	Dubiel	Katowice (Simul)	1993	Kasparov – Dubiel, Katowice (Simul) 1993	147	147
170	priyome	public-education	2rq1rk1/pp1b1pbp/3p2p1/2pP3n/2B1P3/2N1BP2/PPQ3PP/R4RK1 b - - 0 1	black	f5 a4 Bd4 Qd2 f4	f7f5 a2a4 g7d4 c2d2 f5f4	16...f5 Threatening ...f5-f4 to fortify the e5-square. It’s possible to include 16...a6 17.a4 before 17...f5; 16...Bd4?! is ineffective. 17.Qd2² 17.exf5 gxf5³ 17...Bxf5 is also possible, but taking over the e4-square with the pawn is more ambitious. 18.Rfe1 18.f4 Re8 gives White concrete problems. 18...Be5³ Timman played 18...Qh4.	Karpov	Timman	Moscow (Blitz)	1993	Karpov – Timman, Moscow (Blitz) 1993	148	148
171	priyome	public-education	r2r2k1/pp1b1pb1/nn2p1pp/2p5/8/2NPBNP1/PP2PPBP/2R2RK1 w - - 0 1	white	Nd2	f3d2	14.Nd2!± The knight heads towards b3 (a threat) and a5 (a severe threat). It’s important to open the long diagonal before Black gets time for ...Bc6.	Kramnik	Short	Amsterdam	1993	Kramnik – Short, Amsterdam 1993	148	148
172	priyome	public-education	3r1rk1/2pbpqb1/np1p1npp/p2P1p2/2PB1N2/2N3P1/PP2PPBP/R2QR1K1 w - - 0 1	white	e4 fxe4 Nxe4 g5 Ne6	e2e4 f5e4 c3e4 g6g5 f4e6	16.e4! Achieving e2-e4 is usually a good sign for White in the Dutch. Black will be left with two central pawns against one, but also a weakened kingside (without the f-pawn). In this particular case, White obtains nice pressure along the e-file. 16...fxe4 17.Nxe4 g5 18.Ne6± Forcing Black to part with the bishop, after which White plays on the light squares.	Oll	Topalov	Groningen	1993	Oll – Topalov, Groningen 1993	149	149
173	priyome	public-education	r1bq1rk1/pppn2b1/3p1pp1/3Pp2p/2P1P1nB/2N2N2/PP2BPPP/R2QK2R w KQ - 0 1	white	Nd2 Nh6 f3	f3d2 g4h6 f2f3	11.Nd2 11.h3 also saves the bishop, but it won’t be happy on h2. 11...Nh6 12.f3 The bishop can retreat to f2 in case of ...g5, which was a threat in the initial position. The resulting position has been tested dozens of times in top-level games, so I guess that the players on both sides are happy with their chances.	Kramnik	Kasparov	Moscow (Rapid)	1994	Kramnik – Kasparov, Moscow (Rapid) 1994	150	150
174	priyome	public-education	b1r2rk1/p2nbppp/2p1p3/q7/2PP1B2/5NP1/P1Q2PBP/R2R2K1 w - - 0 1	white	c5 Nf6 Ne5 Nd5 Nc4 Qd8 Bd6 Bxd6 Nxd6	c4c5 d7f6 f3e5 f6d5 e5c4 a5d8 f4d6 e7d6 c4d6	17.c5! Killing the bishop on a8, and getting a winning positional advantage. More white than black pieces can reach the kingside, so White will win there in the long run. Let’s see how Salov executed another plan and quickly got a tremendous knight on d6. 17...Nf6 18.Ne5 Nd5 19.Nc4 Qd8 20.Bd6! Bxd6 21.Nxd6+–	Salov	Spassky	Montpellier	1994	Salov – Spassky, Montpellier 1994	150	150
175	priyome	public-education	rn2k2r/1pq1bppp/p2pbn2/4pP2/4P3/1NN5/PPP1B1PP/R1BQ1RK1 b kq - 0 1	black	Bc4	e6c4	A few dozen grandmasters have reached this position, and everyone chose 10...Bc4 with decent results for Black. 10...Bxb3?± gives up the bishop with the light squares already weakened, and White stands clearly better after either recapture. 10...Bd7!? moves backwards and blocks the best square for the knight. Some test solvers preferred it though, as it keeps a piece that can control d5. Still, this is a chapter about standard moves, so we will note the retreat as an interesting alternative while keeping our main line as the primary solution.	Oll	Kasparov	Moscow (Ol)	1994	Oll – Kasparov, Moscow (Ol) 1994	151	151
176	priyome	public-education	1r2r1k1/3nppb1/nq1p2p1/2pP3p/4PB1P/P1N2NP1/1P1QRPK1/2R5 w - - 0 1	white	e5 dxe5 Nxe5 Nxe5 Bxe5 Bxe5 Rxe5 Qxb2 Ne4	e4e5 d6e5 f3e5 d7e5 f4e5 g7e5 e2e5 b6b2 c3e4	20.e5!+– Black is much slower than usual on the queenside and has not managed to exchange any of the knights. There is thus time for White’s main pawn lever in Benko positions: e4-e5. It activates the rook on e2, closes the bishop on g7 and prepares Ne4 (which will not necessarily be played). Here White also threatens e5-e6, weakening the g6-pawn decisively. There is one key position to evaluate after the exchanges on e5: 20...dxe5 21.Nxe5 Nxe5 22.Bxe5 Bxe5 23.Rxe5 Qxb2 White avoids the queen exchange and gets a winning attack with Ne4 and/or g3-g4. 24.Qf4!+– is the best among several possible moves.	Karpov	Polgar	Alma-Ata (Blitz)	1995	Karpov – Polgar, Alma-Ata (Blitz) 1995	152	152
177	priyome	public-education	r1r3k1/1p1nppbp/p2pb1p1/3N4/P1P1P3/1P2BP2/3KB1PP/2R4R b - - 0 1	black	Bxd5 cxd5 Bb2	e6d5 c4d5 g7b2	16...Bxd5! Rather than spending a tempo to defend the e7-pawn, Black gives up the bishop pair to play for a dark-square blockade. It is worth knowing ...Bb2-a3-c5 as a possible manoeuvre, as well as ...Re8 followed by ...e7-e6 as a way to create counterplay. Black should avoid simply waiting, which allows White to push the kingside pawns with an initiative. 17.cxd5 Bb2!² The bishop is on its way to c5 to exchange one half of White’s bishop pair and play for the dark squares. It also fights for control over the c-file.	Hracek	Khalifman	Germany	1995	Hracek – Khalifman, Germany 1995	153	153
178	priyome	public-education	rq3rk1/1bp1npp1/pb1p1n1p/1p1Pp3/4P3/1BP1BN1P/PP1N1PP1/R2QR1K1 w - - 0 1	white	Bxb6 cxb6	e3b6 c7b6	14.Bxb6 cxb6² The change in the queenside structure means that Black can no longer attack the centre with ...c7-c6. White will slowly prepare the standard kingside attack.	Anand	Kamsky	Las Palmas (3)	1995	Anand – Kamsky, Las Palmas (3) 1995	153	153
179	priyome	public-education	r2q1rk1/3nppbp/bn1p2p1/2pP4/4P3/2N2NPP/PP3PB1/R1BQR1K1 b - - 0 1	black	Nc4	b6c4	13...Nc4!µ Preparing ...Qa5/b6 and ...Nde5. The knight on c4 is difficult to chase away. Alexander Khalifman “Never play for the win, never play for the draw – just play chess!”	Aseev	Khalifman	St. Petersburg	1995	Aseev – Khalifman, St. Petersburg 1995	154	154
180	priyome	public-education	2r1r1k1/1b1q1pb1/p2p1npp/1pp5/Pn1PP3/1PB2N1P/3N1PP1/RBQ1R1K1 w - - 0 1	white	d5 Nbxd5 exd5 Rxe1+ Nxe1 b4	d4d5 b4d5 e4d5 e8e1 f3e1 b5b4	20.d5!± Avoiding problems on the c-file, while leaving Black’s queenside pieces awkwardly placed. It’s not easy for White to break through, although in the long run it may be possible to use the f-pawn. 20.dxc5?? would of course be met by 20...Rxc5–+ with a terrible pin. 20.Qb2? leaves the f4-square undefended (...Nf6-h5-f4), but it also has another flaw: 20...Nbd5! 21.exd5 Rxe1+ 22.Nxe1 b4µ	Anand	Kamsky	Las Palmas	1995	Anand – Kamsky, Las Palmas 1995	155	155
181	priyome	public-education	r1r3k1/pp1bppbp/2n3p1/8/3PPP2/1B2B3/P3NKPP/2R4R b - - 0 1	black	Na5	c6a5	16...Na5„ Heading for c4, Black’s key square in the Grünfeld. White has to allow ...Nxb3 or ...Nc4.	Kamsky	Anand	Las Palmas (10)	1995	Kamsky – Anand, Las Palmas (10) 1995	155	155
182	priyome	public-education	2r1r1k1/pp1nbp1p/2pqb1p1/1P1p4/P2P4/1Q1BPN1P/4NPP1/R1R3K1 b - - 0 1	black	c5 dxc5 Nxc5 Qd1 Bf6 Nfd4	c6c5 d4c5 d7c5 b3d1 e7f6 f3d4	18...c5! Black should not allow bxc6. 19.dxc5 Nxc5 20.Qd1 Bf6 21.Nfd4= The squares on the c-file, mainly c4, compensate for the isolated pawn.	Karpov	Piket	Monte Carlo (Rapid)	1995	Karpov – Piket, Monte Carlo (Rapid) 1995	156	156
183	priyome	public-education	r4rk1/1p1b2qp/p1nbp1p1/3p3n/N2P3B/5N2/PP3PPP/2RQRBK1 b - - 0 1	black	Rxf3 gxf3 Qxd4 Qxd4	f8f3 g2f3 g7d4 d1d4	18...Rxf3! A standard sacrifice in the French. It’s almost too simple now, as Black immediately picks up the d-pawn. 19.gxf3 19.Qxf3? Qxd4! forks the loose pieces on a4 and h4. 19...Nxd4µ Black should keep the queens on the board, as White’s king is weak. 19...Qxd4? was the incorrect choice made by Black in the game.	Ponomariov	Firman	Kyiv	1995	Ponomariov – Firman, Kyiv 1995	156	156
184	priyome	public-education	2b1k1r1/2qnbpp1/p2ppn1p/8/1r1NPP2/2N1BBQ1/1PP3PP/2KRR3 b - - 0 1	black	g5 f5 e5 Nb3 g4 Be2 Rxb3 cxb3 Nxe4	g7g5 f4f5 e6e5 d4b3 g5g4 f3e2 b4b3 c2b3 f6e4	16...g5! 17.f5? 17.fxg5 hxg5³ gives Black the e5-square, but White should have preferred this. 17...e5 18.Nb3 g4 19.Be2 Rxb3! 19...Nxe4µ is also good, but the exchange sac is immediately winning. 20.cxb3 Nxe4–+ The queen is trapped.	Morozevich	Anand	Moscow (Rapid)	1995	Morozevich – Anand, Moscow (Rapid) 1995	157	157
185	priyome	public-education	r2r2k1/pb2qpb1/1pp1p1p1/6Np/3PP1nP/P1N5/BPQ2PP1/3R1RK1 w - - 0 1	white	e5	e4e5	20.e5!± 21.Bxe6 followed by 22.Qxg6 is a threat, and Ne2-f4 is a way to include another piece in the attack. Weakening the d5-square is no problem, as Black does not have a suitable piece to post there.	Kramnik	Short	Dortmund	1995	Kramnik – Short, Dortmund 1995	158	158
186	priyome	public-education	r1bqkb1r/ppn2ppp/2p2n2/3p2B1/3P4/P1N2N2/1PQ1PPPP/R3KB1R b KQkq - 0 1	black	g6 Bh4 Be7 e3 Ne4 Bxe7 Bf5 Bd3	g7g6 g5h4 f8e7 e2e3 f6e4 h4e7 c8f5 f1d3	8...g6! Developing the bishop to f5 before White has time to stop it with Bd3. A test reader argued that 8...Ne6 9.Bh4 Be7 is just as good, as there’s no constructive way for White to stop ...g7-g6, ...Ng7 and ...Bf5. However, I don’t agree. Executing ...Bf5 immediately gives more flexibility. Maybe the knight can jump to another square than g7. 9.e3 9.e4 dxe4 10.Nxe4 Be7= leaves Black ready for further exchanges. 9...Bf5 10.Bd3 Bxd3 11.Qxd3= Black has got rid of a piece that’s normally passive. The other bishop will go to e7, as placing it on g7 would leave it with few active prospects.	Vaganian	Kasparov	Horgen	1995	Vaganian – Kasparov, Horgen 1995	158	158
187	priyome	public-education	r1bq1rk1/1p1nbppp/p1p1p3/2Pp4/3P4/2NBP1B1/PP3PPP/R2QK2R b KQ - 0 1	black	e5	e6e5	11...e5! Undermining the c5-pawn. White will not capture, but Black is happy to exchange pawns on d4, as the d4-pawn will be slightly weak and it will be easier for Black to fight for the e4-square. Black could also consider the space-gaining ...e5-e4, possibly as a first step in an attack. Either way, Black has better prospects than in the cramped structure with the pawn on e6. It is possible to delay ...e6-e5 but, as I have stated so often during those exercises, starting with the essential idea gives you more flexibility.	Kasparov	Frolik	Internet (Simul)	1995	Kasparov – Frolik, Internet (Simul) 1995	159	159
188	priyome	public-education	r1bqrbk1/p2n1pp1/2p4p/3p4/3B4/2N3P1/PP2PPBP/2RQ1RK1 w - - 0 1	white	Na4 c5	c3a4 c6c5	15.Na4 Taking control over the c5-square. Karpov later exchanged the dark-squared bishops and the queens, increasing the significance of Black’s weaknesses. 15.e4? c5µ	Karpov	Fritz	The Hague	1996	Karpov – Fritz, The Hague 1996	160	160
189	priyome	public-education	rr4k1/4ppbp/3p2p1/q1pPn3/4PB2/2N3PP/PP2QPK1/2R1R3 b - - 0 1	black	Qa6 Bxe5 Bxe5 Rc2 Qxe2	a5a6 f4e5 g7e5 c1c2 a6e2	17...Qa6! Black is not unhappy to exchange queens, but more important is the ability to access the c4- and d3-squares. For that reason, White needs to capture on e5. 18.Bxe5 Bxe5 19.Rc2 Qxe2 20.Rexe2© Black can either take on c3 or double the rooks. The ...Qa6 idea can be delayed in the initial position, but... you know the rest.	Karpov	Salov	Belgrade	1996	Karpov – Salov, Belgrade 1996	160	160
190	priyome	public-education	qr4k1/r2nppbp/1n1p2p1/2pP4/4PB2/1PN2NPP/P1Q2PK1/R3R3 w - - 0 1	white	a4 c4 b4 Bxc3 Qxc3 Rxa4 Nd4	a2a4 c5c4 b3b4 g7c3 c2c3 a7a4 f3d4	17.a4!± Before Black has time for ...c5-c4. A slow move like 17.Re2 is punished by 17...c4 when 18.b4? is met by: 18...Ra3–+ Black can win back the pawn but it backfires: 17...c4 18.b4 Bxc3 19.Qxc3 Rxa4 The square that will secure White a winning position is not g7, but c6: 20.Nd4!+–	Ulibin	Khalifman	Elista	1996	Ulibin – Khalifman, Elista 1996	161	161
191	priyome	public-education	r2q1r1k/1bp1bppp/p1np4/4p3/Q1N1P3/2PP1N2/1P3PPP/R1B1R1K1 b - - 0 1	black	f5 Ne3 f4 Nd5 g5	f7f5 c4e3 f5f4 e3d5 g7g5	15...f5! Softening up the long diagonal for the light-squared bishop that has no counterpart. 16.Ne3 16.exf5 Rxf5 17.Ne3 Rxf3!?³ is a good exchange sacrifice, although retreating the rook is also entirely possible. 16...f4 16...fxe4 17.dxe4 Qe8= was possible, but Timman aims for a kingside attack. 17.Nd5 g5÷ Viswanathan Anand “In 1996, the players at the VSB tournament in Amsterdam sent me a card for my wedding with this dedication: ‘Anand, congratulations on your wedding. You were a great player – now be ready to lose 50 points.’”	Anand	Timman	Amsterdam	1996	Anand – Timman, Amsterdam 1996	162	162
192	priyome	public-education	r1b2k1r/4bp1p/3ppp2/p1q5/1p2PP2/3B3Q/PPP1N1PP/1K1R3R b - - 0 1	black	h5 Rc1 f5 a4 Qe5 exf5 exf5	h7h5 d1c1 f6f5 a2a4 c5e5 e4f5 e6f5	17...h5! Preventing Qh6+, as well as stopping White from posting a piece on h5 later. 18.Rc1 18.f5 is met by 18...a4 19.Nf4 Qe5µ and ...a4-a3. 18...a4 Kramnik’s proposal, which is nice for Black. 18...d5?! was the game. Also possible is the unusual 18...f5!? 19.exf5 exf5µ intending ...a5-a4 and ...Bf6.	Kasparov	Kramnik	Amsterdam	1996	Kasparov – Kramnik, Amsterdam 1996	163	163
193	priyome	public-education	3r1rk1/p3qpb1/Pp1p1nbp/1Np2np1/3Pp3/1QP1P1B1/1P1NBPPP/R4RK1 b - - 0 1	black	d5 h4 Nd6 Nxd6 Rxd6 Qb5 Re6	d6d5 h2h4 f5d6 b5d6 d8d6 b3b5 d6e6	20...h5‚ Kramnik has all his minor pieces on the kingside, and uses the exposed bishop on g3 as a point of attack. Other moves are playable, but less threatening for the opponent. The following lines are not a part of the exercise, but just showing that it’s not easy for White to find the best moves. 21.Nc4! 21.dxc5?! bxc5 22.Nc4 allows 22...d5!µ as the knight can’t jump to e5. 21...h4 22.Bxd6 Nxd6 23.Nbxd6! Rxd6 23...cxd4 24.cxd4 Rxd6 25.Nxd6 Qxd6 26.Qb5!„ White gets counterplay against the g5-pawn and on the c-file. 24.dxc5! 24.Nxd6? Qxd6µ 24...Re6 25.cxb6 axb6©	Short	Kramnik	Moscow (Rapid)	1996	Short – Kramnik, Moscow (Rapid) 1996	163	163
194	priyome	public-education	rnb1r1k1/pp2qpbp/2pp1np1/8/2PNP3/2N1BP2/PPQ1B1PP/R4RK1 b - - 0 1	black	d5 Rfe1 Bd7	d6d5 f1e1 c8d7	11...d5! Releasing Black’s position thanks to the threats along the e-file. (White to move would have stopped it by Rfe1, with rook against queen.) 12.cxd5 cxd5 12...Nxd5 13.Bf2 Nxc3 14.bxc3² 13.Bd3= 13.Bb5 Bd7=	Shirov	Topalov	Dortmund	1996	Shirov – Topalov, Dortmund 1996	164	164
195	priyome	public-education	rnbq1rk1/ppp3bp/3p2p1/3Ppp1n/2P1P3/2NB4/PP2NPPP/R1BQ1RK1 w - - 0 1	white	exf5 Ng3 Nf4 gxf5 Be3	e4f5 h5g3 e2f4 g6f5 c1e3	9.exf5! With the bishop on d3, White should make sure to open the diagonal. (Otherwise Black closes it with ...f5-f4.) 9.Ng3 Nf4! 10.exf5 Nxd3 11.Qxd3 gxf5„ 9...gxf5 10.f4 White’s normal development plan is Be3, Qd2 and Rae1. Black will probably go ...e5-e4 sooner or later, reaching a pawn structure discussed in other exercises. 10.f3!? stops ...e5-e4 while keeping the f5-pawn as a possible target. A downside is that it allows ...f5-f4!?. 10.Ng3 Nxg3 11.fxg3!² is a promising alternative.	Kasparov	Maroulis	Corfu (Simul)	1996	Kasparov – Maroulis, Corfu (Simul) 1996	165	165
196	priyome	public-education	r1b2rk1/ppbnqppp/2p1pn2/2Pp4/3P4/2NBPN2/PPQ2PPP/R1B2RK1 w - - 0 1	white	e4 dxe4 Nxe4 h6 Nxf6+	e3e4 d5e4 c3e4 h7h6 e4f6	10.e4! It’s important to play this before Black gets time for ...e6-e5. 10...dxe4 11.Nxe4± Black will find it difficult to activate the bishop on c8. For example: 11...h6 11...e5? 12.Nxf6++– is no good for Black. 12.Re1 Black still cannot play ...e6-e5.	Kramnik	Dreev	Linares	1997	Kramnik – Dreev, Linares 1997	165	165
197	priyome	public-education	r2r2k1/pb2qppp/np3b2/2pp4/Q2P4/P1N1PNP1/1P1R1PBP/5RK1 b - - 0 1	black	Nc7 Ne5 c4 b3 cxb3 Qxb3 Ne6 Qc4 Bxe5 dxe5 Bc6	a6c7 f3e5 c5c4 b2b3 c4b3 a4b3 c7e6 b3c4 f6e5 d4e5 b7c6	15...Nc7 Overprotecting d5 and preparing to expand on the queenside with ...c5-c4 and ...b6-b5. Black could play other moves first, but as the knight has to be brought into play it’s most flexible (and best) to do it immediately. Let’s see some illustrative lines, including a beautiful queen sac! 15...Nb8? is temporarily passive; and compared to the main line, the knight would be worse on c6 than on e6. 16.Ne5±; 15...c4 16.b3² Nc5! (16...cxb3 17.Qxb3± Both black bishops are passive and White will soon control the c-file – it’s difficult for Black to double up there.) 17.dxc5 Bxc3 18.Rc2 Qf6 19.bxc4 d4² 16.Rfd1 c4!? 16...Ne6 was Topalov’s choice17.Ne5! b5 17...Bxe5? 18.dxe5 Qxe5 19.Qxc4!+– 18.Qa5 18.Nxb5? Bxe5 19.dxe5 Bc6–+ 18...a6÷ Veselin Topalov “...unlike some of the other top players, I fight to the full in every game.”	Gelfand	Topalov	Novgorod	1997	Gelfand – Topalov, Novgorod 1997	166	166
198	priyome	public-education	rq2r1k1/1b3ppp/2p2n2/pp2b3/8/P1N1P2P/1PQ1BPP1/1RBR2K1 w - - 0 1	white	b4	b2b4	17.b4! Avoiding ...b5-b4 followed by ...c6-c5, releasing the bishop on b7. 17.b3 b4 18.Na4 Ne4‚	Karpov	Mephisto	Gelsenkirchen (Rapid)	1997	Karpov – Mephisto, Gelsenkirchen (Rapid) 1997	167	167
199	priyome	public-education	1qr1rbk1/1b1n1p1p/pp1pp1p1/6Pn/2P1PP2/1PN1BN1P/P4Q2/1BR2RK1 b - - 0 1	black	d5 Nb5 Nxf4	d6d5 c3b5 h5f4	22...d5! With the h5-knight and queen combining to threaten the f4-pawn, it’s a good moment for the pawn lever Black wants to achieve in the Hedgehog. 22...b5!? 23.cxb5 axb5 24.Nxb5 d5µ works as well, but Black can get the same effect without sacrificing the queenside. 23.cxd5 Nxf4µ	Ptacnikova	Khalifman	Sweden	1997	Ptacnikova – Khalifman, Sweden 1997	167	167
200	priyome	public-education	r1bqr1k1/5pbp/3p1np1/1ppP4/4P3/2N3P1/1P3PBP/1RBQ1RK1 w - - 0 1	white	b4	b2b4	17.b4!³ Black has active prospects on the queenside, but allowing ...b5-b4 would be much worse.	Karpov	Adianto	Jakarta (4)	1997	Karpov – Adianto, Jakarta (4) 1997	168	168
201	priyome	public-education	r2qr1k1/pp1nbp1p/2p2np1/3p2B1/3P4/2N1PN2/PPQ2PPP/1R3RK1 b - - 0 1	black	Ne4 Nxe4 dxe4 Bxe7 Qxe7 Nd2 c5	f6e4 c3e4 d5e4 g5e7 d8e7 f3d2 c6c5	13...Ne4! The knight occupies an excellent square, and if White exchanges it, Black gets a strong pawn on e4. Other moves are playable, but less logical and less strong. 14.Nxe4 dxe4 15.Bxe7 Qxe7 16.Nd2 c5= Before White stops it with b2-b4.	Gyimesi	Khalifman	Ulcinj	1998	Gyimesi – Khalifman, Ulcinj 1998	169	169
202	priyome	public-education	2r2rk1/3bbppp/1qn1p1n1/p2pP3/3P2P1/PP3N1P/1B1N1P2/R2QRBK1 b - - 0 1	black	f6 g5 Nf4 Rc1 fxe5 dxe5 Bc5 Re2	f7f6 g4g5 g6f4 a1c1 f6e5 d4e5 e7c5 e1e2	16...f6!–+ Opening the f-file, which White has weakened seriously with g2-g4. 16...f5 allows 17.g5µ when White is still in trouble, but has chances to stay in the game. 16...Nf4µ is also strong, but the text move is clearly best. 17.Rc1 17.exf6 Bxf6 and the only way to defend the d-pawn is to retreat with the knight to b1. 17...fxe5 18.dxe5 Black has more than one way to win. The simplest is to take material with: 18...Bc5 19.Re2 Nf4–+	Exercise 202				Exercise 202	170	170
203	priyome	public-education	r1bq1rk1/ppp2ppp/2nbpn2/8/2QP4/5NP1/PP1BPPBP/RN3RK1 b - - 0 1	black	e5 dxe5 Ne7 Nc3 h6 Rfd1 a6	e6e5 d4e5 c6e7 b1c3 h7h6 f1d1 a7a6	9...e5 To develop the bishop on e6 – otherwise Black would be worse. Chess does not have to be difficult. 10.dxe5 10.d5 Ne7 11.Nc3 keeps more tension, but after something like 11...h6 12.Rfd1 a6÷ Black is not worse. 10...Nxe5 11.Nxe5 Bxe5= Black is ready for ...c7-c6 followed by ...Be6.	Karpov	Kramnik	Wijk aan Zee	1998	Karpov – Kramnik, Wijk aan Zee 1998	170	170
204	priyome	public-education	r2r2k1/p2nppb1/1p5p/3P2p1/4P3/5BB1/q4PPP/1R1QR1K1 w - - 0 1	white	e5 Rac8 d6 e6 Bd5	e4e5 a8c8 d5d6 e7e6 f3d5	19.e5! White will use the pawns to open space around Black’s king. 19.Re2² 19...Rac8 19...Nc5 20.d6 Rac8 21.Bd5+– The line could be continued, but let’s stop here. 20.e6! fxe6 21.Rxe6+– The e7- pawn is hanging and Black’s light squares are chronically weak; d5-d6 followed by Bd5 is one of many threats.	Anand	Illescas Cordoba	Madrid	1998	Anand – Illescas Cordoba, Madrid 1998	171	171
205	priyome	public-education	r2qkb1r/5ppp/pn1pbn2/Np2p3/4P1P1/2N1BP2/PPPQ3P/R3KB1R b KQkq - 0 1	black	b4 g5 d5	b5b4 g4g5 d6d5	11...b4! 11...d5 12.g5 d4 13.gxf6 dxe3 14.Qxd8+ Rxd8 15.fxg7 Bxg7³ is good, but Kasparov’s choice is even better. 12.Ne2 d5 13.g5 Nfd7µ White has lost control over the centre.	Svidler	Kasparov	Internet (Blitz)	1998	Svidler – Kasparov, Internet (Blitz) 1998	172	172
206	priyome	public-education	r3k2r/3bbpp1/pq1p3p/N2Pp3/1p4PP/5P2/PPPQ4/1K1R1B1R w kq - 0 1	white	Nc6 Bxc6 dxc6 Qxc6 Qxb4 d5 Qa4 Rd8 c4	a5c6 d7c6 d5c6 b6c6 d2b4 d6d5 b4a4 a8d8 c2c4	18.Nc6 A thematic sacrifice to weaken the light squares. It’s interesting to see a few more moves of this game in which two elite players could use computer assistance. 18...Bxc6 19.dxc6 Qxc6 20.Qxb4 20.b3 offers good compensation, but it allows Black to give back the pawn with 20...d5 to simplify matters and relieve the pressure. 20...d5 20...Qxf3 21.Qa4+ Without castling, Black is doomed. 21.Qb3 Rd8 22.c4ƒ	Topalov	Kasparov	Leon (Advanced)	1998	Topalov – Kasparov, Leon (Advanced) 1998	172	172
207	priyome	public-education	r1b2rk1/2q2ppp/p1p1p3/2bp1P2/4P3/2N5/PPP3PP/R1BQ1R1K w - - 0 1	white	f6 Bd6 Na4 e5 Qd2	f5f6 c5d6 c3a4 e6e5 d1d2	13.f6! Creating a kingside weakness, before Black has time to open up for the light-squared bishop with ...exf5. 13.Na4!? tends to be a good positional move in this central structure, but it’s strange to combine it with kingside play: 13...Bd6 14.f6! Despite the previous comment, this is still clearly best. 14...Rd8± Black has better survival chances than in the game. 13...Rd8 13...gxf6? gives White a choice of winning lines using the queen, rook and bishop to attack. 13...g6 14.Na4! Not the only winning move, but the most precise, as the bishop can’t stay on the b4-f8 diagonal. 14...Bd6 15.e5! Bxe5 16.Qd2 Without ...Bf8, there is no defence. 14.fxg7+– Smyslov won without trouble.	Smyslov	Arakhamia-Grant	Roquebrune	1998	Smyslov – Arakhamia-Grant, Roquebrune 1998	173	173
208	priyome	public-education	r1bq1rk1/ppp2pbp/n2p1np1/3Pp3/2P1P3/2N2N2/PP2BPPP/R1BQ1RK1 b - - 0 1	black	Nc5 Qc2 a5 Bg5 a4 Be3 b6 Nd2 Ng4 a3 f5	a6c5 d1c2 a7a5 c1g5 a5a4 g5e3 b7b6 f3d2 f6g4 a2a3 f7f5	8...Nc5 Going to c5 with tempo, not allowing White to push b2-b4. 9.Qc2 a5 Before White kicks the knight with b2-b4, Black needs to get contact with e4 (normally ...f7-f5). There’s plenty of time. 10.Bg5 10.a3? a4 immobilizes White’s queenside. 10...h6 11.Be3 b6 12.Nd2 Ng4!?÷ 12...Nh7 13.a3 f5 was standard and fine.	Miladinovic	Topalov	Elista (Ol)	1998	Miladinovic – Topalov, Elista (Ol) 1998	174	174
209	priyome	public-education	r2qkb1r/pb1n1pp1/1p1ppn1p/8/2PNPP2/2N3P1/PP4BP/R1BQR1K1 w kq - 0 1	white	e5 Bxg2 exf6 Bb7 Rxe6+ fxe6 Qh5+ g6 Qxg6#	e4e5 b7g2 e5f6 g2b7 e1e6 f7e6 d1h5 g7g6 h5g6	12.e5! Bxg2 It’s important that this doesn’t threaten the rook on f1. 13.exf6 With Black’s bishop on e7, it would have been game over immediately. Now it lasts another move (or three). 13...Bb7 14.Rxe6+ Or with the knight. 14...fxe6 15.Qh5+ g6 16.Qxg6# Why is this exercise in a positional book? It’s a positional concept that in a Hedgehog structure with a pawn on e4 and bishop on g2, Black needs to have the bishop on b7 defended.	Kramnik	N.N.	Paris (Simul)	1999	Kramnik – N.N., Paris (Simul) 1999	174	174
210	priyome	public-education	r4rk1/p4pbp/3qp1p1/2R5/3PP3/4BQ1P/5PP1/5RK1 w - - 0 1	white	e5 a5 d5 Qd7 Ra1	e4e5 a7a5 d4d5 d6d7 f1a1	19.e5! 19.Rd1 defends the pawn, but the rook should get a more active task. 19...a5„; 19.d5 a5„ 19...Qd7 20.Ra1² White will attack a7 with everything. 20.Ra5² is practically the same.	Anand	Shirov	Monte Carlo (Blindfold)	1999	Anand – Shirov, Monte Carlo (Blindfold) 1999	175	175
211	priyome	public-education	r1b2rk1/2qn1ppp/4p3/p1bpP2P/1p1B1P2/4Q3/PPP1N1P1/1K1R1B1R b - - 0 1	black	Ba6 a4 Bb7 Bxc5	c8a6 a2a4 a6b7 d4c5	16...Ba6 Activating the bishop and connecting the rooks before pushing the queenside pawns. 16...a4 17.c3! Rb8 18.Rc1 subjects Black to unnecessary problems on the c-file. 16...Bb7 places the bishop on a passive square. 17.Bxc5 Nxc5‚ Keeping the queens on the board to attack.	Topalov	Morozevich	Sarajevo	1999	Topalov – Morozevich, Sarajevo 1999	176	176
212	priyome	public-education	r1bq1rk1/1pp1npbp/3p2p1/p2Pp2n/1PP1P3/B1N2N2/P3BPPP/R2Q1RK1 w - - 0 1	white	c5 b6 Nb5 Nf4 bxa5 Rxa5 Bb4 dxc5	c4c5 b7b6 c3b5 h5f4 b4a5 a8a5 a3b4 d6c5	11.c5! White’s main pawn lever to open the position. 11.bxa5 can be met by 11...b6!? to stop c4-c5, even though White probably keeps an edge. 12.Bb4 (12.axb6!? Rxa3 13.Nb5 Ra8 14.bxc7²) 12...bxa5 13.Ba3 Nf4 14.c5² 11...Nf4 12.b5 Threatening b5-b6. 12.bxa5 Rxa5 13.Bb4 allows 13...Rxc5!? 14.Bxc5 dxc5 with some compensation. 12...b6 13.cxd6 cxd6± White increases the pressure with Nd2-c4 and Rc1.	Topalov	Polgar	Frankfurt (Rapid)	1999	Topalov – Polgar, Frankfurt (Rapid) 1999	176	176
213	priyome	public-education	1r1r2k1/4bpp1/p2pq2p/1p2p3/P1P5/1P1QBPP1/2R1P2P/3R2K1 w - - 0 1	white	cxb5 axb5 a5 d5 Qxd5 Qxd5 Rxd5 Bg5 Bb6 e4 Rcd2	c4b5 a6b5 a4a5 d6d5 d3d5 e6d5 d1d5 e7g5 e3b6 e5e4 c2d2	26.cxb5! axb5 27.a5 White has created a passed pawn, and Black’s centre is not too important with only one minor piece on the board. 27.axb5 d5 may also be better for White, but it’s messier. 27.Qd5 holds on to the d5-square, but with few pieces on the board, it’s not enough for an advantage. 27...Qxd5 28.Rxd5 bxa4 29.bxa4 Rb3 30.Kf2 Bg5= 27...d5 28.Bb6± The b5-pawn drops, but after 28...e4 White can change plans to 29.Qe3!? winning one of the central pawns, with Rcd2 coming next.	Topalov	Kramnik	Las Vegas (Rapid)	1999	Topalov – Kramnik, Las Vegas (Rapid) 1999	177	177
214	priyome	public-education	r1bqr1k1/pp3pbp/1n4p1/n2Pp3/8/2N3P1/PP2NPBP/R1BQ1RK1 b - - 0 1	black	Nac4 d6 Bf5 h3 h5 b3 e4 Be3	a5c4 d5d6 c8f5 h2h3 h7h5 b2b3 e5e4 c1e3	16...Nac4 The knight is the best blockading piece, not being afraid of exchanges by enemy pieces, while still having influence over the squares on the other side of the passed pawn. The knight should jump to d6 before b2-b3 prevents it. 16...Bf5 17.h3 h5 18.b3 e4 19.Be3²	Smejkal	Khalifman	Germany	2000	Smejkal – Khalifman, Germany 2000	178	178
215	priyome	public-education	r4rk1/pR3pbp/2n1p1p1/8/3PP1b1/4BN2/q3BPPP/3Q1RK1 w - - 0 1	white	d5 exd5 Rxf7 dxe4 Rxg7+ Kxg7 Qc1 exf3 Qc3+ Ne5 Rd1	d4d5 e6d5 b7f7 d5e4 f7g7 g8g7 d1c1 e4f3 c1c3 c6e5 f1d1	15.d5! White’s passed pawn and active rook can be considered more valuable than Black’s a-pawn and pressure along the d-file. However, the pawn must be pushed before Black stops it with ...Rd8. 15...exd5 15...Rad8?! 16.d6±; 15...Rfd8?! gives White a choice of strong continuations, the best being: 16.Rxf7!+– Intending Ng5+ if the rook is captured. The following line is not relevant for the exercise: 16...exd5 17.Bb5 dxe4? 18.Rxg7+ Kxg7 19.Qc1 exf3 20.Qc3++– 16.exd5 In this line of the Grünfeld, White’s passed d-pawn, supported by the rook on the seventh rank and the dark-squared bishop, is usually more important than Black’s passed a-pawn. 16...Rfd8 16...Ne5?! 17.d6± was the game. 16...Rad8?! 17.d6± 17.d6² 17.dxc6!? Rxd1 18.Bxd1 is also possible, although Black can hold.	Ivanchuk	Kramnik	Monte Carlo (Rapid)	2000	Ivanchuk – Kramnik, Monte Carlo (Rapid) 2000	178	178
216	priyome	public-education	r1b2rk1/pp3pbp/2pp1np1/q3n3/2PNP3/2N3PP/PP3PB1/R1BQR1K1 w - - 0 1	white	Bf1 Qc5	g2f1 a5c5	12.Bf1 Defending the pawn. The bishop counts as developed, even though it’s back on its initial square. There’s actually no other good way to defend, as b2-b3 is impossible and the queen wants to keep an eye on the d4-knight. The Bf1 retreat is a standard idea to keep in mind in these positions. 12.Qe2 Qc5! is a double threat.	Karpov	Topalov	Monte Carlo (Blindfold)	2000	Karpov – Topalov, Monte Carlo (Blindfold) 2000	179	179
217	priyome	public-education	r1bq1rk1/pppn1p1p/3b1pp1/8/2BP4/2N1PN2/PP3PPP/R2Q1RK1 b - - 0 1	black	f5 e4 c5 Rc1 fxe4 Nxe4 Nf6 Re1	f6f5 e3e4 c7c5 a1c1 f5e4 c3e4 d7f6 f1e1	9...f5 Avoiding e3-e4, and vacating the f6-square for the knight. A test solver offered 9...Kg7 and claimed that 10.e4 c5 is equal. Maybe, but White doesn’t need to go e3-e4 immediately – and if not, Black’s best follow-up is to play ...f6-f5 anyway. 9...c5 aims to open the centre, which is logical with the bishop pair, but Black is also behind in development. 10.Rc1 White will get some initiative. 10.e4 10.Rc1 was the game continuation, with a draw after only five more moves. 10...fxe4 11.Nxe4 Nf6= 11...Be7?! Black can’t play for an advantage by keeping the bishop pair. White has active pieces and at least one strong knight in the centre. 12.Re1 Nf6 13.Ne5²	Kasparov	Baramidze	Frankfurt (Simul)	2000	Kasparov – Baramidze, Frankfurt (Simul) 2000	180	180
218	priyome	public-education	r1b2rk1/ppq1bpp1/1np1pn1p/8/1PNPP3/P2B1N2/2Q2PPP/R1BR2K1 w - - 0 1	white	Na5 e5 Bd2	c4a5 e6e5 c1d2	16.Na5! Keeping pieces, as Black has less space. The knight is strong on a5, making it difficult for Black to develop with ...b7-b6. White is positionally winning. A test solver queried the suitability of this exercise, on the basis that 16.e5 Nfd5 17.Bd2+– also gives White a decisive advantage. Nevertheless, it’s still preferable to gain the maximum advantage possible from the position, making it easier to find a path to victory later.	Karpov	Galanis	Rethymno (Simul)	2001	Karpov – Galanis, Rethymno (Simul) 2001	181	181
219	priyome	public-education	rnbqkb1r/ppp2ppp/5n2/3p4/2PP4/5N2/PP3PPP/RNBQKB1R b KQkq - 0 1	black	Bb4+	f8b4	5...Bb4+! Black “punishes” White for playing c2-c4 slightly prematurely. It’s likely that we will get a position with either an isolated pawn on d4 or hanging pawns after an exchange on c3. In both cases, Black is happy to exchange minor pieces.	Spassky	Korchnoi	Zurich	2001	Spassky – Korchnoi, Zurich 2001	181	181
220	priyome	public-education	r2q1rk1/1p3pbp/pn1p1np1/2pP4/P1N1P3/2N5/1P2QPPP/R1B2RK1 w - - 0 1	white	Ne3 Re8 a5 Nbxd5	c4e3 f8e8 a4a5 b6d5	14.Ne3 Avoiding the exchange as White has more space. White will soon kick back the knight with a4-a5. 14.Na3?! serves the same purpose, but runs into 14...Re8„ intending: 15.a5? Nbxd5–+ 14...Re8 15.a5±	Anand	Hernandez	Mirabal (Rapid)	2001	Anand – Hernandez, Mirabal (Rapid) 2001	182	182
221	priyome	public-education	2rq1rk1/1p1nb2p/3p2p1/p2Ppp2/2P5/1Q2BP2/PP1N2PP/R4RK1 b - - 0 1	black	Bg5 f4 exf4 Bxf4 Nc5 Qg3 Bxf4 Qxf4 Qf6 b3 g5	e7g5 f3f4 e5f4 e3f4 d7c5 b3g3 g5f4 g3f4 d8f6 b2b3 g6g5	19...Bg5 It is also possible to start with 19...Nc5 or 19...b6, with ...Bg5 to follow. 20.f4?! Weakening even more dark squares. 20.Rae1³ 20...exf4 21.Bxf4 Nc5 There are other ways as well. 22.Qg3 Bxf4 23.Qxf4 Qf6 24.b3 g5µ	Anand	Shirov	Leon (Advanced)	2001	Anand – Shirov, Leon (Advanced) 2001	183	183
222	priyome	public-education	2rq2k1/1prnbpp1/p2p3p/P2PpP2/2P5/4BQ2/1P1N2PP/R1R4K b - - 0 1	black	Bg5 Qe2 Bxe3 Qxe3 Qh4 b3 Nf6 Qg5 Ne4 Qe7 Nf6	e7g5 f3e2 g5e3 e2e3 d8h4 b2b3 d7f6 e3g5 f6e4 g5e7 e4f6	21...Bg5 Exchanging the passive bishop. If 21...e4 22.Qe2!± White captures the pawn with the knight. 22.Bxg5! White’s position is loose after 22.b4 Bxe3 23.Qxe3 Qh4 with ...Nf6-g4 as a threat. 22.b3 Bxe3 23.Qxe3 Nf6= 22...Qxg5 23.Ne4 Qe7 24.b3 Nf6 Black has less space but is close to equality due to the limited material.	Kolev	Anand	Villarrobledo (Rapid)	2001	Kolev – Anand, Villarrobledo (Rapid) 2001	183	183
223	priyome	public-education	r1bqk2r/ppp1bpp1/2n2n1p/3p4/3P3B/2PB1N2/PP3PPP/RN1QK2R b KQkq - 0 1	black	Nh5 Bg3 Nf4 Bf1 Bf5	f6h5 h4g3 h5f4 d3f1 c8f5	8...Nh5! Pinpointing the f4-square that has been weakened with Bg5-h4. 9.Bg3 Black will be happy with the bishop pair. 9.Bxe7 Qxe7+ 10.Qe2 Nf4 11.Qxe7+ Nxe7 12.Bf1 Bf5 gives Black a lead in development.	Kramnik	Bareev	Monte Carlo (Rapid)	2002	Kramnik – Bareev, Monte Carlo (Rapid) 2002	184	184
224	priyome	public-education	rnbqk2r/1p2bp1p/p3p3/2p2p2/2PP4/2N2N2/PP3PPP/R2QKB1R w KQkq - 0 1	white	d5	d4d5	10.d5 Black’s last move (...c7-c5) forces the d-pawn to move or get exchanged, thus increasing the scope for Black’s dark-squared bishop. To play for an advantage – and to avoid being worse – White needs to get a passed d-pawn in return.	Anand	Short	Dubai (Rapid)	2002	Anand – Short, Dubai (Rapid) 2002	185	185
225	priyome	public-education	2r1n1k1/p2qnppp/1p2r3/3pP3/3P4/P2Q1PN1/1B2R1PP/3R2K1 w - - 0 1	white	f4 g6 f5 Nxf5 Nxf5 gxf5 Qxf5	f3f4 g7g6 f4f5 e7f5 g3f5 g6f5 d3f5	21.f4! Using the pawn majority. 21...g6! Black’s best chance, though far from ideal. 21...Rec6 22.f5± White can double up on the f-file before advancing further. Nh5 is another dangerous attacking move. 22.f5! Before Black has time for ...Ng7. 22...Nxf5 23.Nxf5 gxf5 24.Qxf5² Black’s king misses the g- pawn, even though the advantage is not big.	Khalifman	Bologan	Prague (Rapid)	2002	Khalifman – Bologan, Prague (Rapid) 2002	185	185
226	priyome	public-education	3rk2r/2q1bpp1/p2pbn1p/1p2p3/4P2B/P1N2P2/1PPQ2PP/1K1R1B1R w k - 0 1	white	Bxf6 Bxf6 Nd5 Bxd5 Qxd5	h4f6 e7f6 c3d5 e6d5 d2d5	17.Bxf6 Winning the d5-square. Black threatened 17...Nxe4 but was also ready to move the knight to other squares. 17...Bxf6 18.Nd5 Bxd5 19.Qxd5² White’s plan is to attack on the kingside, but an endgame could also be favourable with weak black pawns on the queenside. With the better structure, stronger bishop and safer king, White has at least a small advantage.	Anand	Ivanchuk	Prague (Rapid)	2002	Anand – Ivanchuk, Prague (Rapid) 2002	186	186
227	priyome	public-education	2b1r1k1/1p1nqpbp/2ppn1p1/8/1PPNPP2/r1N3PP/2Q2BB1/1R1R2K1 w - - 0 1	white	Nde2 g5	d4e2 g6g5	21.Nde2! Black’s pieces are cramped, so White should avoid exchanges. The next idea might be to double rooks on the d-file. Khalifman won the d-pawn on move 29. Note that after 21...g5!? White should stay with the pawn on f4.	Khalifman	Kovalev	Bled (Ol)	2002	Khalifman – Kovalev, Bled (Ol) 2002	187	187
228	priyome	public-education	r2q1rk1/2p1bppp/p1n5/1pn1P2b/3p4/2P2N1P/PPB2PP1/R1BQRNK1 w - - 0 1	white	Ng3 d3	f1g3 d4d3	15.Ng3 The pin was annoying, so White needs to break it immediately. 15.g4 is too weakening with the centre wide open. Black’s best is 15...d3! 16.gxh5 dxc2 17.Qxc2 Qd5 with at least compensation for the pawn. 15...Bxf3 16.Qxf3²	Ponomariov	Krasenkow	Bled (Ol)	2002	Ponomariov – Krasenkow, Bled (Ol) 2002	187	187
229	priyome	public-education	r1b2rk1/2qn1ppp/p3p3/1pbpP3/3B1P1P/2N4R/PPPQ2P1/1K1R1B2 b - - 0 1	black	b4 Na4 Bxd4 Qxd4 a5 h5 h6	b5b4 c3a4 c5d4 d2d4 a6a5 h4h5 h7h6	14...b4 Kicking away the knight and starting to push pawns towards White’s king. It’s important to be quick! 14...Bb7 can be met by 15.a3!?. 15.Na4 Bxd4 16.Qxd4 a5 Buhmann played 16...Rb8. 17.h5 17.Bb5 was played in Glek – Korchnoi, Willingen 1999. 17...h6!? Black seems to have enough counterplay.	Anand	Buhmann	Germany	2002	Anand – Buhmann, Germany 2002	188	188
230	priyome	public-education	r2qk2r/1b1nbp1p/pp1ppnp1/8/4P3/1NNB4/PPPBQPPP/4RRK1 w kq - 0 1	white	Bh6 Bf8 Bxf8 Kxf8 f4	d2h6 e7f8 h6f8 e8f8 f2f4	13.Bh6! Prophylaxis against castling. 13...Bf8 14.Bxf8 14.Qd2² is also possible, to keep Black’s king in the centre. It may actually castle long. 14...Kxf8 The exchange of bishops has weakened the d6-pawn, but also Black’s king’s position. 15.f4²	Motylev	Topalov	Bastia (Rapid)	2003	Motylev – Topalov, Bastia (Rapid) 2003	189	189
231	priyome	public-education	r4rk1/3nqpbp/p2p1np1/P1pP4/4P3/1QN2P2/1P2BP1P/R1B1K2R b KQ - 0 1	black	Nh5 f4 Rab8 Qc2 Qh4	f6h5 f3f4 a8b8 b3c2 e7h4	14...Nh5! Soon taking control over f4 with ...Be5, ...f7-f5 (opening the f-file for the rook) and/or ...Qh4. 15.Ra4 15.f4? is too weakening. 15...Rab8 16.Qc2 Qh4–+ 15...Be5µ The game ended prematurely with a draw. ½–½	Karpov	Stark	Kamp Lintfort (Simul)	2004	Karpov – Stark, Kamp Lintfort (Simul) 2004	189	189
232	priyome	public-education	r2qrbk1/1b1n1ppp/p1pp1n2/1p2pN2/4P3/PB1P1N1P/1PP2PP1/R1BQR1K1 w - - 0 1	white	Nh2 Ng4 hxg4 c5 d4 exd4	f3h2 f6g4 h3g4 c6c5 d3d4 e5d4	15.Nh2!² Preparing Qf3 and Ng4 (intending hxg4, if Black exchanges) – a standard way to build a slow attack. 15.g4 c5„; 15.d4? exd4–+ The e4-pawn is lost.	Kramnik	Shirov	Monte Carlo (Blindfold)	2004	Kramnik – Shirov, Monte Carlo (Blindfold) 2004	190	190
233	priyome	public-education	r1br2k1/pp1nqpbp/2p3p1/P1p1p3/2N1P3/3P1N2/1PPB1PPP/R2QR1K1 b - - 0 1	black	Nf8 d4 f6 b4 Be6 bxc5 b6 axb6 axb6	d7f8 d3d4 f7f6 b2b4 c8e6 b4c5 b7b6 a5b6 a7b6	12...Nf8 The best square for the knight is e6, controlling d4 and f4. But it’s not certain that it will go there immediately – Black also wants to develop the light-squared bishop. 13.Rb1 f6 13...Qc7 is another way to keep e5 defended after ...Ne6. 14.b4 Be6! 14...Ne6 15.bxc5 Nxc5 16.Bb4² 15.Ne3 b6 15...cxb4= 16.axb6 axb6 17.bxc5 The players agreed a draw.	Anand	Leko	Monte Carlo (Rapid)	2004	Anand – Leko, Monte Carlo (Rapid) 2004	191	191
234	priyome	public-education	r2qr1k1/1bpn1pp1/p1np3p/1p1Np3/4P3/P1PPRN1P/BP3PP1/R2Q2K1 b - - 0 1	black	Ne7 Nxe7+ Qxe7 Nh4	c6e7 d5e7 d8e7 f3h4	16...Ne7 Exchanging White’s active knight. 17.Nxe7+ Qxe7= 17...Rxe7? blocks the diagonal d8-h4 and allows 18.Nh4!+– when the knight reaches f5.	Kramnik	Anand	Dortmund	2004	Kramnik – Anand, Dortmund 2004	191	191
235	priyome	public-education	r2q1rk1/1pp2pp1/p1np1n1p/2b1p2b/4P3/1BPP1N1P/PP2QPP1/R1B1KN1R w KQ - 0 1	white	g4 Bg6 Ng3	g2g4 h5g6 f1g3	11.g4! Black’s bishop will be passive on g6. 11...Bg6 12.Ng3± 12.g5! hxg5 13.Bxg5+– was even stronger, as Black can’t get out of the pin in any convenient way. White continues with Ng3 and h4- h5.	Kasparov	Queiroz	Sao Paulo (Simul)	2004	Kasparov – Queiroz, Sao Paulo (Simul) 2004	192	192
236	priyome	public-education	r1b1kb1r/ppp1npp1/2p4p/4P3/8/2N1BN1P/PPP2PP1/R2R2K1 b kq - 0 1	black	Ng6 Nd4 Be6 a3 Nxe5 Bf4 Nc4 Ndb5	e7g6 f3d4 c8e6 a2a3 g6e5 e3f4 e5c4 d4b5	12...Ng6 Often the best placement for the knight in the Berlin endgame. The knight avoids obstructing the light-squared bishop, and at the same time makes it harder for White to prepare Nd4 and f2-f4 (as the e5-pawn would be hanging). Black will continue developing with ...Bb4 or ...Be7, and will then prepare to exchange a pair of rooks with ...Rd8. 12...Be6 13.Nd4±; A test solver noted 12...a5 13.a3 Ng6 14.Nd4 Nxe5 15.Bf4 Nc4 16.Ndb5!!± as an argument for not starting with 12...a5. A better argument is that we should develop pieces before pawns, unless there’s a truly compelling reason not to.	Kramnik	Anand	Monte Carlo (Rapid)	2005	Kramnik – Anand, Monte Carlo (Rapid) 2005	193	193
237	priyome	public-education	r1b2rk1/p1q2pp1/1ppbpn1p/4N3/2PP4/3B2B1/PP2QPPP/R4RK1 w - - 0 1	white	c5 bxc5 dxc5 Bxc5 Ng6 Qd7 Qg4	c4c5 b6c5 d4c5 d6c5 e5g6 c7d7 e2g4	17.c5! Forcing Black to part with the bishop, and at the same time stopping ...c6-c5 forever. 17.b4 is a decent move, with the idea to meet 17...c5 with: 18.dxc5 bxc5 19.b5± 17...Bxe5 17...bxc5 18.dxc5 Bxc5 19.Ng6+– 18.Bxe5 Qd7 If 18...Qd8 19.f4+– White’s attack should decide the outcome, as Black is essentially a piece down. 19.Bxf6 gxf6 20.Qg4+ Kh8 Surprisingly, Karpov opted to force a draw by repetition. In a serious competition he would surely have played for (and most likely obtained) the win. One good method is: 21.Qf4 The game ended: 21.Qh5 Kg7 22.Qg4+ Kh8 23.Qh5 Kg7 24.Qg4+ Kh8 ½–½ 21...Kg7 22.Rfd1+– Intending to transfer the other rook to the kingside via the third rank.	Karpov	Zechner	Vienna (Simul)	2005	Karpov – Zechner, Vienna (Simul) 2005	194	194
238	priyome	public-education	r1b1kb1r/2q2ppp/p3pn2/3n2B1/NpBN4/5P2/PPPQ2PP/2KR3R w kq - 0 1	white	Bxd5 Nxd5 Rhe1 Bb7 Qe2 Qd6 f4	c4d5 f6d5 h1e1 c8b7 d2e2 c7d6 f3f4	14.Bxd5! Rather than losing a tempo by moving the bishop, White opens up by exchanging. 14...Nxd5 15.Rhe1 Bb7 16.Qe2! Threatening to sacrifice on e6. 16...Qd6 17.f4!+– The most direct and powerful. 17.Kb1± was the game continuation.	Leko	Topalov	San Luis	2005	Leko – Topalov, San Luis 2005	195	195
239	priyome	public-education	r2q1rk1/1b1nbppp/p2p4/3Pp3/P7/1NP1BP2/4B1PP/R2Q1R1K b - - 0 1	black	Bg5	e7g5	16...Bg5 Activating the passive bishop is correct, even though White can (and should) avoid the exchange.	Adams	Anand	Bastia (Rapid)	2005	Adams – Anand, Bastia (Rapid) 2005	195	195
240	priyome	public-education	rnbq1rk1/pp2bppp/4pn2/2Pp4/3P4/2N2N2/PPQ2PPP/R1B1KB1R b KQ - 0 1	black	b6 b4 a5 Na4 axb4 Nxb6 Ra5 Nxc8 Ne4 Bd3 Nc6 O-O	b7b6 b2b4 a7a5 c3a4 a5b4 a4b6 a8a5 b6c8 f6e4 f1d3 b8c6 e1g1	8...b6! Challenging White’s pawn before it’s properly defended. 9.b4 9.cxb6 Qxb6³ 9...a5 9...bxc5? 10.bxc5± 10.Na4! The only way to avoid a collapse. 10...axb4 10...Nbd7 allows 11.b5 with the c5- pawn still protected. 11.Nxb6 Ra5! Karpov played 11...Ra7 but the text move is stronger. Black develops actively and will exert pressure on the a2-, c5- and d4-pawns. For example: 12.Nxc8 Or 12.Bd3 Ba6 13.0-0 Bxd3 14.Qxd3 Ne4³ threatening 15...Bxc5. 12...Qxc8 13.Bd3 Nc6 14.0-0 Qa8³	Yemelin	Karpov	Tallinn (Rapid)	2006	Yemelin – Karpov, Tallinn (Rapid) 2006	196	196
241	priyome	public-education	rnbqkb1r/1pp2ppp/p3pn2/3p4/2PP4/4PN2/PP1N1PPP/R1BQKB1R b KQkq - 0 1	black	c5	c7c5	5...c5!= 5...Nbd7 is another way of playing. In some ways the choice is a matter of taste, but I included it as an exercise since there’s no better moment to go for the Tarrasch approach with an isolated pawn. One reason is that the knight on d2 does not exert pressure on d5, and would be better on c3. The fact that White has committed to e2-e3 also helps Black in two ways: it prevents the c1- bishop from going to g5, and it means that the f1-bishop is likely heading for e2 rather than g2. (The kingside fianchetto is considered optimal against the IQP structure, as it fortifies the kingside while enabling the bishop to exert pressure against d5.)	Gustafsson	Anand	Germany	2006	Gustafsson – Anand, Germany 2006	197	197
242	priyome	public-education	r1b4r/ppp1kppp/2p5/4Pn2/8/2N4P/PPP1NPP1/R4RK1 b - - 0 1	black	h5	h7h5	14...h5 Prophylaxis against g2-g4. (It’s not clear if it was an immediate threat, but Black could not ignore it for much longer.) A test solver argued that 14...b6 is “as good”, but I disagree. The computer may not indicate much of a difference, but from a human perspective Black’s first priority should be the kingside.	Anand	Almasi	Germany	2006	Anand – Almasi, Germany 2006	198	198
243	priyome	public-education	rn2k2r/pb2q1pp/1p1bpn2/3p1p2/3P4/1P1BPN2/PB3PPP/RNQ2RK1 w kq - 0 1	white	Ba3 Bxa3 Nxa3 Qxa3	b2a3 d6a3 b1a3 e7a3	11.Ba3!² Exchanging the black bishop that controls e5. 11...Bxa3 In the event of 11...Nbd7 12.Bxd6 Qxd6 White might, in the long run, manoeuvre with Nc3-e2-f4-d3. 12.Nxa3² 12.Qxa3 is not so logical with Black’s king still in the centre.	Kramnik	Caen University	Paris (Simul)	2006	Kramnik – Caen University, Paris (Simul) 2006	198	198
244	priyome	public-education	1q3rk1/3rppbp/p2p1np1/1p4B1/2P4Q/1PN2PP1/P4P1P/2RR2K1 w - - 0 1	white	Nd5 Rb7 Bxf6 Bxf6 Nxf6+ exf6 Qh6 Rc7	c3d5 d7b7 g5f6 g7f6 d5f6 e7f6 h4h6 b7c7	18.Nd5! Threatening to take on f6. 18.cxb5 axb5 19.Qb4 Rb7² 18...Nxd5 In the event of 18...Qd8 19.Bxf6 Bxf6 20.Nxf6+ exf6 White has some pressure on the d-file, but mainly a dangerous plan with 21.Qh6± followed by Rd4-h4. 19.cxd5 Black is not in time to defend e7 and fight for the c-file. 19...Rc7 20.Rc6± Or simply: 20.Bxe7+–	Kramnik	Aronian	Turin (Ol)	2006	Kramnik – Aronian, Turin (Ol) 2006	199	199
245	priyome	public-education	2rq1rk1/1p2bppp/pn1pbn2/4p3/P3P3/2N2BP1/1PPN1P1P/R1BQR1K1 w - - 0 1	white	Nf1 d5	d2f1 d6d5	14.Nf1! Preventing the positional threat of ...d6-d5, while preparing Ne3 followed by a timely occupation of d5 or perhaps f5.	Vallejo Pons	Topalov	Leon (Rapid)	2006	Vallejo Pons – Topalov, Leon (Rapid) 2006	200	200
246	priyome	public-education	r1bq1rk1/1p1n2bn/p2p4/3Ppp2/7p/2N1B3/PP1QBPPP/2R2RKN w - - 0 1	white	f4 h3 Nf2	f2f4 h4h3 h1f2	16.f4! Black’s pawn duo e5-f5 is halted. 16.f3? f4 17.Bf2 h3 and White’s king is weak. 16.Bh6?! Bxh6 17.Qxh6 Qf6³ 16...exf4 16...b5² 17.Bxf4 Ne5 Black has an active knight but weak pawns. 18.Nf2² Ruslan Ponomariov “Even the slightest details are important, and if something goes wrong, your rivals will pounce on it.”	Ponomariov	Bologan	Tomsk (Rapid)	2006	Ponomariov – Bologan, Tomsk (Rapid) 2006	200	200
247	priyome	public-education	1rbq1rk1/5ppp/p1np3b/1p1Np3/4P2P/2P3P1/PPN2P2/R2QKB1R w KQ - 0 1	white	Bh3 Bxh3 Ncb4 Nxb4 Nxb4 Qd7 Nd3 Qc6 Qe2	f1h3 c8h3 c2b4 c6b4 d5b4 d8d7 b4d3 d7c6 d1e2	15.Bh3! Exchanging bishops to get rid of a piece that can challenge for the weak d5-square. 15.Bg2 is less testing. 15...Bxh3? Positionally correct is: 15...Be6 16.Ncb4 Reinforcing d5 without allowing ...Bxe3. 16...Nxb4 17.Nxb4 Qd7 18.Bxe6 fxe6 19.0-0 a5 20.Nd3 Qc6 21.Qe2 White can try to play on the queenside where the black bishop doesn’t participate. 15...Bb7 is also better than the game continuation. 16.Rxh3²	Polgar	Topalov	Bilbao (Blindfold)	2006	Polgar – Topalov, Bilbao (Blindfold) 2006	201	201
248	priyome	public-education	1qr1k2r/3nbp2/p2pbnp1/Np2p3/4PP1p/2NBB2P/PPP2QP1/1K1RR3 w k - 0 1	white	f5 gxf5 exf5 Bc4 Nxc4 bxc4 Be4 Nxe4 Nxe4 Nf6 Nxf6+ Bxf6 Ba7 Qc7 Rd5	f4f5 g6f5 e4f5 e6c4 a5c4 b5c4 d3e4 f6e4 c3e4 d7f6 e4f6 e7f6 e3a7 b8c7 d1d5	18.f5! Forcing Black to part with the bishop. 18...gxf5 19.exf5 Bc4 20.Nxc4 bxc4 21.Be4 21.Be2 is also good. 21...Nxe4 22.Nxe4 Nf6 White dominates the light squares. A good way to continue would have been: 23.Nxf6+ Bxf6 24.Ba7 Qc7 25.Rd5+–	Karjakin	Topalov	Wijk aan Zee	2007	Karjakin – Topalov, Wijk aan Zee 2007	202	202
249	priyome	public-education	r1bq1rk1/1p4bp/p2p1pp1/2pPn2n/P3P3/2NB1N1P/1P1B1PP1/R2Q1RK1 w - - 0 1	white	Be2 f5 Bh6 f4	d3e2 f6f5 d2h6 f5f4	14.Be2! Black can’t avoid the upcoming Bxh5. However, retreating the bishop to e2 would have been a standard move even if the h5-knight could retreat. 14.Nxe5?! fxe5 helps Black to control f4. 14...f5 Defending against g2-g415.Nxe5 Bxe5 16.Bxh5 gxh5 17.Bh6+– 17.Qxh5 allowed 17...f4± in the game.	Karpov	Marin	Calatrava (Rapid)	2007	Karpov – Marin, Calatrava (Rapid) 2007	202	202
250	priyome	public-education	2rr2k1/qb1nbpp1/pp1ppn1p/8/1PP5/P1N1PNB1/4BPPP/1QRR2K1 b - - 0 1	black	d5 Nh4 Qb8 h3	d6d5 f3h4 a7b8 h2h3	19...d5!= It’s generally a good idea to get rid of the slightly weak d6-pawn, provided White is unable to achieve anything concrete from the opening of the centre. 19...e5? 20.Nh4±; 19...Qb8 20.h3²	Carlsen	Aronian	Elista	2007	Carlsen – Aronian, Elista 2007	203	203
251	priyome	public-education	2rr2k1/ppq1bpp1/4pnp1/8/4n3/P1N1P3/1PQBBPPP/2RR2K1 w - - 0 1	white	Be1	d2e1	18.Be1! Keeping the bishop pair is the only way to fight for the advantage. Magnus Carlsen “I spend hours playing chess because I find it so much fun. The day it stops being fun is the day I give up.”	Carlsen	Anand	Dortmund	2007	Carlsen – Anand, Dortmund 2007	204	204
252	priyome	public-education	r4rk1/2p1b1pp/p1nqpn2/1p1pp3/4P3/P1PP1N2/1P1NQPPP/R1B2RK1 w - - 0 1	white	b4 Rfd8 Bb2 dxe4 Nxe4 Nxe4 Qxe4 Qd5	b2b4 f8d8 c1b2 d5e4 d2e4 f6e4 e2e4 d6d5	13.b4! With this move White fixes the pawn on b5, thus preparing a3-a4 without allowing ...b5-b4 in reply. White may also be happy to develop the bishop to b2, eyeing the slightly weak e5-pawn. 13.a4?! b4= is fine for Black. 13...Rfd8 13...a5 14.Bb2 threatens a3-a4, and if 14...a4? 15.c4! Black’s centre collapses. 14.Rd1 Defending the d3-square. 14...dxe4 Aronian tries to be active, but it doesn’t lead anywhere. 15.Nxe4 Nxe4 16.Qxe4 Qd5 17.Bb2²	Anand	Aronian	Mainz (Rapid)	2007	Anand – Aronian, Mainz (Rapid) 2007	205	205
253	priyome	public-education	r5k1/2nnppbp/rq1p2p1/2pP4/4PBP1/2N2N1P/PPQ1RPK1/R7 b - - 0 1	black	Nb5 Nxb5 Qb7 a3	c7b5 c3b5 b6b7 a2a3	19...Nb5 Exchanging the defender of the a2-pawn while opening the g7-a1 diagonal. Black is generally happy to exchange minor pieces. 20.Nxb5 After 20.a4 Black can take on c3, but another option is: 20...Nd4 21.Nxd4 cxd4 22.Nb5 Qb7!³ The last move prepares ...Nc5 by ensuring that b2- b4xc5 will not hit the queen. 20...Qxb5 21.a3 Rb6©	Karpov	Levitov	Ajaccio (Blitz)	2007	Karpov – Levitov, Ajaccio (Blitz) 2007	205	205
254	priyome	public-education	r2qk2r/pp1nbppp/2p1pn2/6B1/3PN3/5N2/PPP1QPPP/2KR3R b kq - 0 1	black	Nxe4 Bxe7 Nc3 Bxd8 Nxe2+ Kd2 Nxd4	f6e4 g5e7 e4c3 e7d8 c3e2 c1d2 e2d4	10...Nxe4 11.Bxe7 Nc3! A standard intermediate move, with many different versions. 12.Bxd8 12.bxc3 Qxe7µ 12...Nxe2+ 13.Kd2 Nxd4!µ Black is a healthy pawn up.	Drazic	Karpov	Ajaccio (Blitz)	2007	Drazic – Karpov, Ajaccio (Blitz) 2007	206	206
255	priyome	public-education	r2qk2r/5ppp/p2b1n2/3PpP2/6P1/4BQ2/pP2N2P/1K1R3R w kq - 0 1	white	Ka1 Qa5	b1a1 d8a5	20.Ka1² Keeping the pawn to hide behind. White’s attack with g4-g5 and f5-f6 has more potential than Black’s. 20.Kxa2? Qa5+ 21.Kb1 Rb8–+	Nisipeanu	Topalov	Vitoria-Gasteiz	2007	Nisipeanu – Topalov, Vitoria-Gasteiz 2007	207	207
256	priyome	public-education	q1r3k1/r1p1bppp/p3pn2/n2bN3/1p1P4/4P1P1/PP1N1PBP/R1R1BQK1 b - - 0 1	black	c5	c7c5	18...c5 Exchanging a backward pawn and activating the rook on a7. There is no other move to consider, so we don’t need an evaluation.	Kramnik	Leko	Moscow	2007	Kramnik – Leko, Moscow 2007	207	207
257	priyome	public-education	r4rk1/1pqnbpp1/p2p1n1p/4pP2/2b1P1PP/1NN5/PPP2RB1/R1BQ2K1 b - - 0 1	black	Nh7 h5 d5 g5 hxg5 Bxg5 f6 Be3 Ng5	f6h7 h4h5 d6d5 g4g5 h6g5 c1g5 f7f6 g5e3 h7g5	14...Nh7! The best way to handle g4-g5, which White nevertheless is forced to play as the h4-pawn is hanging. 14...h5!? 15.gxh5 d5 is okay (better) for Black according to the engine, but 16.h6÷ still looks shaky for Black’s king. 15.g5 15.h5 is positionally lost for White. 15...hxg5 16.hxg5 Bxg5 The time control must be the explanation why Anand chose to keep the bishops with 16...Nxg5?. After 17.Qg4 f6 18.Be3± there is no doubt as to which bishop is best. 17.Bxg5 Nxg5 Black continues with ...f7-f6, avoiding any mate on the h-file as the king has an escape square.	Savchenko	Anand	Moscow (Blitz)	2007	Savchenko – Anand, Moscow (Blitz) 2007	208	208
258	priyome	public-education	2rq1rk1/1bp1bppp/p3pn2/1p6/3P4/P3PNP1/1PQN1PBP/R4RK1 w - - 0 1	white	b4 Nd5	b2b4 f6d5	15.b4! Stopping Black from executing the pawn lever that would exchange his weak pawn and open the file for his rook15...a5 16.Ne5! 16.Rfb1 axb4 17.axb4 Nd5 gives counterplay. 16...Nd5?! The game continues in Exercise 943. 16...Bxg2 17.Kxg2 c6² was a better defensive try.	Kramnik	Carlsen	Dortmund	2007	Kramnik – Carlsen, Dortmund 2007	209	209
259	priyome	public-education	q1r3k1/r1pn1ppp/p2bpn2/Bp1b4/3P4/P3PNP1/1P1N1PBP/R1R2QK1 w - - 0 1	white	b4 e5 dxe5 Bxe5 Nxe5 Nxe5 Ra2 c5	b2b4 e6e5 d4e5 d6e5 f3e5 d7e5 a1a2 c7c5	19.b4! White’s entire strategy has been based on stopping ...c7-c5. His next plan is to double up on the c-file. 19...e5 A less tasty pawn lever. 20.dxe5 Bxe5 20...Nxe5 21.Nxe5 Bxe5 22.Ra2!² 21.Nxe5 Nxe5 22.f3!?² Not forced, but given an exclamation mark by Kramnik. He will expand in the centre (while Black’s c-pawn can’t reach c5) and the queen on a8 may feel uncomfortable.	Kramnik	Anand	Wijk aan Zee	2007	Kramnik – Anand, Wijk aan Zee 2007	209	209
260	priyome	public-education	r2qkb1r/1p3p2/pn1p1np1/Q2Pp2p/8/1N2BP2/PPP3PP/2KR1B1R b kq - 0 1	black	Bh6	f8h6	13...Bh6!= Exchanging the bishop pair.	Anand	Topalov	Wijk aan Zee	2008	Anand – Topalov, Wijk aan Zee 2008	210	210
261	priyome	public-education	r2q1rk1/1p2npbp/2n1b1p1/p1p1p3/2N5/P1NP2P1/1P2PPBP/R1BQ1RK1 w - - 0 1	white	Bg5 f6 Na4 b5 Bd2 bxc4 Rc1 Qb6 dxc4 Qxb2 Be3 Bd7 Qb3	c1g5 f7f6 c3a4 b7b5 g5d2 b5c4 a1c1 d8b6 d3c4 b6b2 d2e3 e6d7 d1b3	14.Bg5! Threatening Bxc6. 14...f6 After 14...Qc7 the knights defend each other, but Black’s position is shaky. 15.Na4! is interesting (but not the only good move). 15...b5 (15...f6 16.Bd2²) 16.Nxc5 bxc4 17.Nxe6 fxe6 18.Bxe7 Nxe7 19.Bxa8 Rxa8 20.Rc1 Qb6 21.dxc4 Qxb2 22.c5² 15.Be3 By inducing ...f7-f6, White has reduced the scope of the g7-bishop and opened the diagonal leading towards Black’s king. No further lines are needed, but let’s see one anyway: 15...b6 16.Qa4 Bd7? This would be a good move if the pawn was still on f7, but here it loses to 17.Qb3! with a double threat thanks to ...f7-f6.	Kramnik	Navara	Prague (Rapid)	2008	Kramnik – Navara, Prague (Rapid) 2008	211	211
262	priyome	public-education	rnr3k1/1pq1bppp/p2pbn2/4p1N1/4P3/1BN1B3/PPPQ1PPP/R4RK1 b - - 0 1	black	Bc4	e6c4	12...Bc4= 12...Bxb3?! 13.cxb3!² opens up the c-file in White’s favour – Black was supposed to exert pressure along this file.	Ivanchuk	Anand	Leon (Rapid)	2008	Ivanchuk – Anand, Leon (Rapid) 2008	212	212
263	priyome	public-education	rn1qkb1r/p2p1ppp/bp2pn2/2p5/2PP4/5NP1/PPQ1PP1P/RNB1KB1R w KQkq - 0 1	white	d5 exd5 cxd5 Bb7 Bg2 Qe7	d4d5 e6d5 c4d5 a6b7 f1g2 d8e7	6.d5! Not allowing Black to get a Hedgehog. 6.Bg2 allows 6...Nc6. 6...exd5 7.cxd5 Bb7 8.Bg2 8.e4 Qe7 9.Bg2 is another way to sacrifice the pawn, but allowing a queen exchange is less critical. 8...Nxd5 White’s compensation consists of development, a semi-open d-file and the d5-square. Practice has shown that White tends to have the easier play, although several World Champions and other elite players have tried the black side as well.	Kramnik	Leko	Dortmund	2008	Kramnik – Leko, Dortmund 2008	212	212
264	priyome	public-education	rn1qk2r/1p2bppp/p2pbn2/4p1B1/4P3/1NNQ4/PPP1BPPP/R3K2R b KQkq - 0 1	black	Nbd7 O-O	b8d7 e1g1	9...Nbd7 The knight almost always belongs on d7 rather than c6 in this structure. The main advantages are that the c-file is kept open for the rook and, in the event of an exchange on f6, Black can recapture with the knight to maintain control over d5. Moreover, ...Nb6-c4 is an attractive possibility in some lines. (...Nc6-a5-c4 would be less threatening due to the possibility of Nxa5.) A quick search shows that in games between strong players, the knight is developed to d7 in 90% of the games. Does anyone want to argue with decades of experience? Not even Stockfish. 9...0-0 may be okay, but it gives White the option of 10.Bxf6!? with increased control over the d5-square.	Polgar	Anand	Mainz (Rapid)	2008	Polgar – Anand, Mainz (Rapid) 2008	213	213
265	priyome	public-education	r6r/pbp1kppp/1pp5/4Pn2/8/2N2N1P/PPP2PP1/R2R2K1 w - - 0 1	white	g4 Rhd8 Nd5+ Rxd5 Ng5 Rd2	g2g4 h8d8 c3d5 d8d5 f3g5 d5d2	14.g4! White wants to use the pawn majority on the kingside, if the pawns are not too weak after an immediate ...h7-h5. That’s not going to happen with Black’s knight on h6. 14.Rd3 Rhd8³ 14...c5! A pawn sacrifice is the best chance. The game went 14...Nh6?! when White is positionally dominating, though still a long way from winning the game. 15.Nd5+ 15.Rd5!? also wins a pawn: 15...Nh6 16.Rad1 Rhd8 17.Rxd8 Rxd8 18.Rxd8 Kxd8 19.Ng5 Black is unable to defend h7. 15...Bxd5 16.Rxd5 Ke6 17.Rd2 Nd4 Black has good drawing chances.	Ivanchuk	Kramnik	Moscow (Blitz)	2008	Ivanchuk – Kramnik, Moscow (Blitz) 2008	214	214
266	priyome	public-education	r1qbr1k1/1p1n1pp1/p1p1pnp1/2Pp4/1P1P4/2NBP2P/P4PPB/R2Q1RK1 w - - 0 1	white	f4 b6 a3 a5 Qc2 Qb7	f2f4 b7b6 a2a3 a6a5 d1c2 c8b7	15.f4! Stopping ...e6-e5. Only this move is needed to solve the exercise. 15...b6 16.a3 16.g4!? is a logical alternative suggested by some test solvers. 16...a5 17.Qc2 Qb7² Black will continue with ...Bc7 followed by rook exchanges on the a-file. This should stop White’s kingside attack from becoming too dangerous, but Black is still on the defensive.	Anand	Wang Yue	Nice (Rapid)	2009	Anand – Wang Yue, Nice (Rapid) 2009	214	214
267	priyome	public-education	rr4k1/1q1nppbp/b2p1np1/2pP4/4P3/2N2NP1/PPQB1PBP/1R2R1K1 b - - 0 1	black	Ng4 Red1 Nge5 Ne1 Nc4 Bc1 Qb4 Nd3 Qa5	f6g4 e1d1 g4e5 f3e1 e5c4 d2c1 b7b4 e1d3 b4a5	16...Ng4! Not only preparing a knight exchange (which is in Black’s favour in the Benko Gambit), but also eyeing the d3-square. White would have loved to replace e2-e4 with h2-h3. 17.Red1 Nge5 18.Ne1 Nc4 19.Bc1 White has been pushed back. The best way to increase the pressure was 19...Qb4! 20.Nd3 Qa5, threatening to take on c3.	Ponomariov	Bareev	Moscow (Blitz)	2009	Ponomariov – Bareev, Moscow (Blitz) 2009	215	215
268	priyome	public-education	b2r2k1/p1r1qpp1/7p/2p1p3/2N1P3/R4PP1/PP3RKP/2Q5 b - - 0 1	black	f5 exf5 Rd4 Nd2 e4 fxe4 Qxe4+ Kh3 Qe8 g4 h5	f7f5 e4f5 d8d4 c4d2 e5e4 f3e4 e7e4 g2h3 e4e8 g3g4 h6h5	30...f5! To activate the bishop. 31.exf5? 31.Re2?! fxe4 32.fxe4 Rd4µ; 31.Nd2!= was the best way to fight against the bishop. 31...e4 32.fxe4? Losing, but White was in trouble anyway. 32...Qxe4+ 33.Kh3 Rd4 Black is winning. Anand’s next moves were instructive: 34.Ne3 Qe8! 35.g4 h5!–+	Topalov	Anand	Sofia (12)	2010	Topalov – Anand, Sofia (12) 2010	216	216
269	priyome	public-education	rnbqr1k1/pp3pbp/3p1np1/3P2B1/2p1P3/2N2N1P/PPB2PP1/R2QK2R b KQ - 0 1	black	b5 Be3 Nbd7 O-O Nc5 e5 Qa5 Ne4 b4 Nxc5	b7b5 g5e3 b8d7 e1g1 d7c5 e4e5 d8a5 c3e4 b5b4 e4c5	11...b5! The move Black wants to play in the Benoni. Black should not start with 11...h6?! 12.Be3 as it gives White a tactical idea: 12...b5 13.a3 Nbd7 14.0-0 Nc5? 15.e5! 12.a3 12.Nxb5 Qa5+ 13.Nc3 Nxe4 and White loses a pawn. 12.0-0 b4 13.Nb5÷ 12...Nbd7 13.0-0 Nc5÷ It’s possible to delve deeper into these lines but there’s no need – when it comes to the decision on the first move of the exercise, Black’s b-pawn should be pushed.	Kramnik	Grischuk	Monte Carlo (Rapid)	2011	Kramnik – Grischuk, Monte Carlo (Rapid) 2011	216	216
270	priyome	public-education	r1b2rk1/pp2bppp/2n1p3/q7/3PP3/P2B1N2/1B3PPP/R2QK2R w KQ - 0 1	white	Kf1 b6 Qe2	e1f1 b7b6 d1e2	12.Kf1! The strong pawn centre would be less valuable without queens. Yes, White would have preferred to castle, but the rook can still become useful on the h-file after h2-h4. 12...b6 13.Qe2!²	Vitiugov	Khalifman	Taganrog	2011	Vitiugov – Khalifman, Taganrog 2011	217	217
271	priyome	public-education	r3r1k1/1p2q2p/pnpn1pp1/1P1p4/P2P4/2NQPN1P/5PP1/1R2R1K1 b - - 0 1	black	cxb5 axb5 axb5 Nxd5 Qf7 Nd2 f5 e4	c6b5 a4b5 a6b5 c3d5 e7f7 f3d2 f6f5 e3e4	21...cxb5! 21...axb5 22.axb5 Nbc4 23.bxc6 bxc6² reaches a position where it’s hard for White to win, but the weak c6-pawn will be there for a long time. 22.axb5 22.a5 Nbc4 23.Nxd5 Qf7³ Black controls the most important light squares. 22...a5 White has not achieved anything on the queenside; the a-pawn is more strong than weak. 23.Nd2 Black could now have prevented e3-e4 at the price of a weak e5-square. 23...f5!?÷ 23...a4 24.e4÷	Giri	Ponomariov	Beijing (Blitz)	2011	Giri – Ponomariov, Beijing (Blitz) 2011	218	218
272	priyome	public-education	r2q1rk1/1p1nbp2/2p2np1/p2p3p/3P1B2/2NQP2P/PP2NPP1/R4RK1 w - - 0 1	white	f3 a4 e4	f2f3 a5a4 e3e4	14.f3!² Mobilizing the central pawns. 14.Rad1 is a decent move but puts less pressure on Black. One difference is 14...a4 15.f3 b5 16.e4 b4 when White can’t go to a4 with the knight. 273 Karpov – Humeau, Ciamannacce (Simul) 2012	Carlsen	Aronian	Wijk aan Zee	2012	Carlsen – Aronian, Wijk aan Zee 2012	218	218
273	priyome	public-education	r6r/1b2kppp/p1nb1n2/P3p3/1p6/1N2PN2/1P1BBPPP/R2R2K1 w - - 0 1	white	Be1	d2e1	16.Be1!+– Preparing Nd2-c4 to make use of the weak squares on the queenside. Black is surprisingly helpless.	Exercise 273				Exercise 273	219	219
274	priyome	public-education	1r1q1rk1/2p1bppp/p2pbn2/n3p3/Pp2P3/2PP1N2/BP1N1PPP/R1BQR1K1 w - - 0 1	white	Bxe6 c5 d4 bxc3 bxc3 exd4 cxd4	a2e6 c7c5 d3d4 b4c3 b2c3 e5d4 c3d4	13.Bxe6 13.d4 Bxa2 14.Rxa2 exd4 15.cxd4 c5³ 13...fxe6 Black’s doubled pawns are not weak for the moment, but they are (as usual) making it difficult to advance other pawns without creating weaknesses. For example, White does not have to worry about ...d6-d5 as it would weaken the e5- pawn. Even so, White’s standard reaction after doubling Black’s pawns is to exchange one of them. 14.d4! bxc3 15.bxc3 exd4 16.cxd4± Black soon needs to spend energy defending the e6-pawn. With the position opening up, Black’s king would have preferred to have a pawn on f7.	Ponomariov	Harikrishna	Leon	2012	Ponomariov – Harikrishna, Leon 2012	220	220
275	priyome	public-education	2rq1rk1/1p2bppp/pn1pbn2/4p3/P3P3/2N3P1/1PPN1PBP/R1BQR1K1 w - - 0 1	white	Nf1	d2f1	13.Nf1!² Heading for e3 to control d5. (Black was threatening ...d6-d5.)	Ponomariov	Cheparinov	Leon	2012	Ponomariov – Cheparinov, Leon 2012	220	220
276	priyome	public-education	r3k2r/ppp1bpp1/2p1b3/4PnBp/8/1PN2N1P/P1P2PP1/3R1RK1 b kq - 0 1	black	h4	h5h4	13...h4 Planning ...Rh5 (sometimes) and restricting White’s pawn majority before g2-g3 is played.	Aronian	Kramnik	London	2012	Aronian – Kramnik, London 2012	221	221
277	priyome	public-education	rnbqr1k1/pp3pbp/2pp2p1/7n/2PNP3/2N2P2/PP2B1PP/R1BQ1R1K w - - 0 1	white	g4 Nf6 Bf4 h5 Nf5	g2g4 h5f6 c1f4 h7h5 d4f5	11.g4! Before Black has played ...Qh4. 11...Nf6 Black has spent a tempo to weaken White’s kingside. (Moving the knight from f6 to h5 and back to f6 takes one more tempo than g2-g4.) There is some logic to the idea, but practical results have favoured White. 12.Bf4 h5 13.Nf5!? The sacrifice is strong, but the details of it are another story. White has other decent options, so you don’t need to have planned this move to solve the exercise. Rustam Kasimdzhanov “I’ve been playing chess for 35 years and I’m still warming up!”	Kasimdzhanov	Topalov	Zug	2013	Kasimdzhanov – Topalov, Zug 2013	222	222
278	priyome	public-education	r1b1k2r/pb2nppp/1qn1p3/2ppP3/3P1P2/8/PPPQN1PP/2KR1BNR b kq - 0 1	black	c4 Kb1	c5c4 c1b1	9...c4! White should not castle long before the pawns have been exchanged with dxc5 or ...c5xd4. Black has a self-playing attack9...Qa6 10.Kb1 c4! is an alternative leading to the same type of situation.	Ardelean	Khalifman	Legnica	2013	Ardelean – Khalifman, Legnica 2013	223	223
279	priyome	public-education	r1b3k1/p1r2ppp/1ppq1n2/3p4/Q2P1N2/P3P1P1/1P3PBP/2R1R1K1 w - - 0 1	white	f3 Qb4 e4 dxe4 Ne6 Ne8 f4	f2f3 d6b4 e3e4 d5e4 f4e6 f6e8 f3f4	19.f3! Making use of the centre pawns. 19.b4?! is unnecessary because Black cannot play ...c6-c5 anyway. 19.Qb4!? tries to exchange the well-placed black queen, but 19...Qd8 is a possible reply. 19...Be6 19...c5?! 20.e4 and the threat of e4-e5 leaves Black on the brink of collapse. 20.e4 dxe4?! 20...Qd7 21.Nxe6 Qxe6 22.e5 Ne8 23.f4² White will not manage to push f4-f5 soon, but will slowly increase the pressure on the kingside while holding back ...c6-c5. 21.fxe4±	Carlsen	Anand	Moscow	2013	Carlsen – Anand, Moscow 2013	223	223
280	priyome	public-education	r5k1/p2r1ppp/1p2bn2/3p4/4PN2/P5P1/1P4BP/2R1R1K1 w - - 0 1	white	Nxe6 fxe6 Bh3	f4e6 f7e6 g2h3	24.Nxe6! After 24.exd5 Black can’t recapture on d5, but 24...Bf5! leaves White with only a small advantage. 24...fxe6 25.Bh3+– Black collapses. (A tactical exercise? Well, Bh3 is a standard move.)	Carlsen	Anand	Moscow	2013	Carlsen – Anand, Moscow 2013	224	224
281	priyome	public-education	r2q1rk1/1bp1npp1/pb1p1n1p/1p1P4/4P3/1B2BN1P/PP1N1PP1/R2QR1K1 b - - 0 1	black	c6 dxc6 Nxc6	c7c6 d5c6 e7c6	14...c6! Activating the b7-bishop as well as the e7-knight. 14...Bxe3?! 15.Rxe3 helps White’s rook to develop, making it easier to double up in the future. 15.dxc6 Nxc6= Black has plenty of active possibilities, so the backward d6-pawn is no big deal.	Khalifman	Predke	Voronezh	2014	Khalifman – Predke, Voronezh 2014	225	225
282	priyome	public-education	r3rnk1/pp2qppp/2p1b3/3p3n/3PP3/2NB1P2/PPQ1N1PP/R4RK1 w - - 0 1	white	e5 g6 f4 Ng7 Ng3 f5	e4e5 g7g6 f3f4 h5g7 e2g3 f7f5	14.e5!± White continues with f4-f5 (unless g2-g4 traps the knight). The e4-e5 advance can be delayed, but it’s most forceful if played immediately. 14...g6 15.f4 Ng7 16.Ng3 f5 The normal way to avoid f4-f5. Kramnik should now have directed his attention to the queenside, while having g2-g4 as a long-term plan.	Kramnik	Giri	London (Rapid)	2014	Kramnik – Giri, London (Rapid) 2014	225	225
283	priyome	public-education	rnbq1rk1/1pp3b1/3p1npp/p2PpP2/2P5/2N2N1P/PP1BBPP1/R2QK2R b KQ - 0 1	black	gxf5 g4 Bd7 g5 f4 Nh4	g6f5 g2g4 c8d7 g4g5 f5f4 f3h4	12...gxf5 Every Russian schoolboy knows that Black must take back with the pawn. Every American superstar as well. 12...Bxf5 13.g4! Bd7 and White’s pieces are better – especially after 14.g5!± gaining the g5-square. The following moves are not part of the exercise, but since they are instructive, let’s include them: 13.Qc1! f4! 14.g3! e4! 15.Nh4 e3! 16.fxe3 fxg3 17.Ng6 With a position that’s been discussed a lot in top-level games.	Kramnik	Nakamura	London	2014	Kramnik – Nakamura, London 2014	226	226
284	priyome	public-education	r2q1rk1/2pnbppp/p3pn2/1p6/3PP2N/2N3P1/PPQB1PKP/R4R2 b - - 0 1	black	c5 dxc5 Nxc5	c7c5 d4c5 d7c5	14...c5 Getting rid of the backward pawn. 15.dxc5 Nxc5³ White’s pieces are misplaced.	Caruana	Anand	Stavanger (Blitz)	2015	Caruana – Anand, Stavanger (Blitz) 2015	227	227
285	priyome	public-education	r2rb1k1/ppp1qpp1/4p2p/n7/3P4/2P1PN2/PQ2BPPP/R4RK1 w - - 0 1	white	Qb4 Qxb4 cxb4 Nc6 Rab1	b2b4 e7b4 c3b4 a5c6 a1b1	16.Qb4! Before Black has time for ...c7-c5. To avoid losing material Black is forced to exchange queens, which opens the c-file in White’s favour. 16...Qxb4 17.cxb4 Nc6 18.Rab1²	Topalov	Aronian	Stavanger (Blitz)	2015	Topalov – Aronian, Stavanger (Blitz) 2015	227	227
286	priyome	public-education	r1bq1rk1/5ppp/p2p1n2/1pnP4/4PN2/1PN2P2/4B1PP/R2Q1RK1 b - - 0 1	black	b4 Na4 Qb6 Kh1 g5	b5b4 c3a4 d8b6 g1h1 g7g5	15...b4 Not allowing White to play b3-b4. 15...Qb6 can be included first. 16.Na4 16.Nb5? Qb6 17.Kh1 g5! was the game, and Black soon won a piece. 16...Nxa4 17.Rxa4 a5=	Grischuk	Topalov	Stavanger	2015	Grischuk – Topalov, Stavanger 2015	228	228
287	priyome	public-education	1rbq1rk1/3nbppp/2n1p3/p1ppP2P/1p6/3P1NP1/PPP2PBN/R1BQR1K1 b - - 0 1	black	h6 a4 g6 c4	h7h6 a2a4 g7g6 c2c4	13...h6! Not allowing h5-h6, which would create eternal weaknesses in Black’s position. After h5-h6 and ...g7-g6 White could attack on the dark squares in the middlegame, and Black would also have to worry about the back rank and weak h7-pawn in future endgames. 13...f5? 14.exf6±; 13...a4? 14.h6 g6 15.c4!?± 14.Ng4 A sacrifice on h6 is not yet a threat, but Black will have to prepare for it by playing ...Bf8 at some point. Kasparov managed to sacrifice an exchange on a3(!) and later the bishop on h6, winning in style.	Kasparov	Rajkovic	Pula (Simul)	2015	Kasparov – Rajkovic, Pula (Simul) 2015	228	228
288	priyome	public-education	r2qk2r/1p1nbpp1/2p2np1/p1Ppp3/3P4/P1N1P1P1/1P3PBP/1RBQK2R b Kkq - 0 1	black	e4 O-O b5 b4 Nf8 Bd2 g5	e5e4 e1g1 b7b5 b2b4 d7f8 c1d2 g6g5	12...e4 This pawn provides the starting ground for an expansion on the kingside. 12...exd4 13.exd4 is usually only advisable when Black can follow up with ...Ne4 soon. 12...0-0 is okay for Black, but less flexible given the choices mentioned at the end of the main line. (This is in contrast to the common scenario where it’s most flexible to start by castling!) 12...b5 13.b4 leaves the pawn on c6 weak, which encourages White to play for e3-e4. In the event of 13...e4 White plays 14.f3 exf3 15.Qxf3² with good chances on the light squares. 13.b4 Now 13.f3? exf3 14.Qxf3 is well met by 14...Nf8 intending ...Ne6-g5. 13...axb4 14.axb4 Nf8 15.b5 Ne6 16.Bd2÷ Black has two major choices to make. Should he castle or keep the rook on the h-file? And should the knight go to g5 quickly, or wait until ...g6-g5-g4 has been played? These decisions are beyond the scope of the exercise; but in any case, White is not playing on the queenside for free.	Nakamura	Topalov	Moscow	2016	Nakamura – Topalov, Moscow 2016	229	229
289	priyome	public-education	r2q1rk1/1b2bppp/p2pp1P1/1p5P/2nNP3/P1N1B3/1PP1QP2/2KR3R b - - 0 1	black	Bf6 h6 fxg6 hxg7 Qe7 Rh3	e7f6 h5h6 f7g6 h6g7 d8e7 h1h3	17...Bf6!÷ Defending the king while also having active possibilities in mind. 17...Rc8? was played in the game, and we’ll return to it in Exercise 542. 17...Qc8?! guards e6 but is too passive. The exercise ends here, as White has many possibilities and we can’t realistically expect to calculate all of them. One of many possible continuations is: 18.h6!? fxg6! 19.hxg7 19.Nxe6?! Qe7 20.Nxf8 Bxc3 21.bxc3 Bxe4© is balanced according to the engine, but from a human perspective it’s clearly more dangerous for White. 19...Re8 20.Rh3! The complicated fight continues.	Karjakin	Topalov	Moscow	2016	Karjakin – Topalov, Moscow 2016	230	230
290	priyome	public-education	r2q1rk1/ppp2pp1/3pbn1p/8/3bP2B/1BNP1Q2/PPP3PP/R3KR2 w Q - 0 1	white	Ne2 Bxb2 Rb1 Ba3 Bxe6 fxe6 d4	c3e2 d4b2 a1b1 b2a3 b3e6 f7e6 d3d4	13.Ne2! Chasing away the bishop from the defence of the knight. 13...Bxb2 14.Rb1 Ba3 White has two good options here, the strongest being: 15.Bxe6! 15.Bxf6 Qxf6 16.Qxf6 gxf6 17.Rxf6± is excellent for White. 15...fxe6 16.d4 Trapping the bishop! A tactical exercise? Well, the first move is a standard one.	Kasparov	Caruana	St. Louis (Blitz)	2016	Kasparov – Caruana, St. Louis (Blitz) 2016	230	230
291	priyome	public-education	rnbq1rk1/pp1pppbp/5np1/2pP4/8/2N1PN2/PPP2PPP/R1BQKB1R w KQ - 0 1	white	Bc4	f1c4	6.Bc4 Since White has omitted c2-c4, it’s possible to put the bishop there. It overprotects the centre, and makes (if needed) Qd3 possible later on to hold back ...b7-b5. Another good point is that the bishop doesn’t obstruct the d- or e-files.	Kramnik	Sjugirov	Sochi	2016	Kramnik – Sjugirov, Sochi 2016	231	231
292	priyome	public-education	r1bq1rk1/ppp1bppp/3p1n2/n3p3/P3P3/3P1N2/BPP2PPP/RNBQR1K1 b - - 0 1	black	c5	c7c5	8...c5! Controlling the centre. The move has to be played straight away, as White would otherwise go b2-b4.	Kramnik	Carlsen	Paris (Blitz)	2016	Kramnik – Carlsen, Paris (Blitz) 2016	232	232
293	priyome	public-education	r1b1k2r/pp3ppp/2nqpn2/2pp4/3P4/2P1PNP1/PP1N1PP1/R2QKB1R w KQkq - 0 1	white	Bb5 Bd7 Bxc6 Bxc6 Ne5	f1b5 c8d7 b5c6 d7c6 f3e5	9.Bb5 Playing for the e5-square. 9...Bd7 10.Bxc6 Bxc6 11.Ne5² White doesn’t follow up with f2-f4, but rather with active moves such as Qf3 and/or g3-g4. If the knight needs to be defended, Ndf3 is a better choice.	Carlsen	Ghaem Maghami	Baku (Ol)	2016	Carlsen – Ghaem Maghami, Baku (Ol) 2016	232	232
294	priyome	public-education	r1bqr1k1/pp1n1ppp/2pp1n2/4p3/1PPP4/P1Q1PN2/4BPPP/R1B1K2R b KQ - 0 1	black	e4 Nd2 d5 f3	e5e4 f3d2 d6d5 f2f3	12...e4 13.Nd2 d5³ Black can slowly prepare an attack on the kingside. Trying to fight back with f2- f3 would weaken White’s position too much.	Caruana	Anand	Stavanger	2017	Caruana – Anand, Stavanger 2017	233	233
295	priyome	public-education	r1bq1rk1/ppppbppp/2n2n2/8/2PQ4/P1N1P3/1P2NPPP/R1B1KB1R w KQ - 0 1	white	Qd1	d4d1	8.Qd1!² The only square where the queen isn’t harassed further. Moving the queen two times to end up on the starting square looks odd, but Black has also spent one tempo (...e5xd4) and can’t use the other to open up with ...d7-d5. Without that, White has a favourable structure. White’s next moves are likely to be Nf4, Be2 and 0-0.	Carlsen	Grigoriants	Riyadh (Blitz)	2017	Carlsen – Grigoriants, Riyadh (Blitz) 2017	233	233
296	priyome	public-education	r2qr1k1/b2b1pp1/5nnp/1pp1p3/4P3/2P1NN1P/1PB2PP1/R1BQR1K1 w - - 0 1	white	c4	c3c4	18.c4² Preparing Ne3-d5, and most probably e4xd5 if Black exchanges. Note that Black’s knights are far away from d4. Black to move would go 18...c4. I was recently called a pessimist because I said that I don’t think a computer will ever be as strong as a master. – Max Euwe (1981)	Anand	Nakamura	Moscow (Rapid)	2018	Anand – Nakamura, Moscow (Rapid) 2018	234	234
297	priyome	exam	r2q1rk1/pp3ppp/3bb3/3p4/3P4/2N2Q2/PP3PPP/R1B1R1K1 w - - 0 1	white	Bf4 Be7	c1f4 d6e7	14.Bf4 Trying to exchange Black’s good bishop, to play with the knight against the other bishop14...Bb4! Keeping a companion for the restricted light-squared bishop. 14...Be7!? is also possible, with the choice depending on how Black feels about playing with opposite-coloured bishops after an exchange on c3. Either way, White is happy to have developed the bishop ‘for free’, but can’t claim a meaningful advantage.	Queen’s Gambit Accepted				Queen’s Gambit Accepted	237	237
298	priyome	exam	rnb1k2r/pp2nppp/2pq4/3p4/3P4/P1NB4/1PP2PPP/R2QK1NR w KQkq - 0 1	white	Qf3	d1f3	9.Qf3! Stopping Black from exchanging the bad bishop with ...Bf5. No other move serves that purpose. White can play for an advantage.	Exchange French				Exchange French	238	238
299	priyome	exam	r2q1rk1/pppn1ppp/5n2/2b1p3/4P3/2P1BBP1/PP2QP1P/RN3RK1 w - - 0 1	white	Bc1 a5 a4	e3c1 a7a5 a2a4	12.Bc1! Keeping the bishop pair. 12.Bd2 would keep the bishop “developed”, but on d2 it obstructs White’s other pieces. 12...a5 13.a4 The moves with the a-pawns are normally included, whoever starts. The evaluation is, as often, between equal and a slight plus for White.	Reti Opening				Reti Opening	238	238
300	priyome	exam	1n1qkb1r/rp3pp1/p1p1pn1p/P2p1b2/2PP4/1QN1PN2/1P3PPP/R1B1KB1R w KQk - 0 1	white	Qb6 Qxb6 axb6 Ra8 c5	b3b6 d8b6 a5b6 a7a8 c4c5	9.Qb6! Qxb6 10.axb6 Ra8 11.c5± Black’s queenside may look solid but, after Nd2-b3-a5, it will be hard to defend against sacrifices on b7 and c6 in the long run.	Erigaisi	Howell	Riga (Rapid)	2021	Erigaisi – Howell, Riga (Rapid) 2021	239	239
301	priyome	exam	r1bq1rk1/1p2npbp/2pp1np1/p2Pp3/1PP1P3/2N2N2/P3BPPP/R1BQR1K1 w - - 0 1	white	bxa5 c5 Rb1 Rxa5	b4a5 c6c5 a1b1 a8a5	11.bxa5! 11.Ba3?? is a standard move, preparing bxa5 and Bb4 (or c4-c5 immediately), with the bishop pointing towards c5 and d6. But with Black’s pawn on c6 (instead of c7), it runs into 11...axb4 12.Bxb4 c5 and the bishop is trapped. 11.b5? c5 closes the position on White’s stronger wing, giving Black a free hand on the kingside. 11.Rb1 is equally strong according to Stockfish, but it turns out half a tempo worse than 11.bxa5. 11...Rxa5 White’s plans include Nd2-b3 and a3-a4 before completing development and eventually opening up the queenside.	D.H. Nguyen	V.H. Nguyen	Vung Tau City (Rapid)	2008	D.H. Nguyen – V.H. Nguyen, Vung Tau City (Rapid) 2008	239	239
302	priyome	exam	r2qr1k1/5pbp/2p1p1p1/pp1n4/3P4/P1PB1Q1P/1P3PP1/2BRR1K1 w - - 0 1	white	g3 Qd7 h4 b4 h5 Qd6 Be4	g2g3 d8d7 h3h4 b5b4 h4h5 d7d6 d3e4	21.g3 The bishop pair is a long-term advantage, but it’s not yet working properly. By pushing the h- pawn, White starts to soften up the light squares. 21...Qd7 22.h4 b4 Black aims for counterplay. 22...h5 halts White’s h-pawn but permanently weakens g6. 23.Bg5! is a good move: Black can’t dislodge the bishop with ...h7-h6, and White can think about preparing g2-g4. (The immediate 23.g4!? is also possible, but after 23...hxg4 24.Qxg4 Qd6² Black is ready to counter in the centre with ...e6-e5, with reasonable chances.) 23.Be4² It was possible to exchange the a-pawns, but this would have opened the file for the rook on a8. The drawback of maintaining the tension is that White might be left with a weak pawn on a3, but in this particular position it should not be a big problem. In the next phase of the game White can consider c3-c4 to put pressure on the c6-pawn, as well as h4-h5, with a view to establishing a troublesome pawn on h6.	Smith	Danielsen	Aarhus	2019	Smith – Danielsen, Aarhus 2019	240	240
303	priyome	exam	r2q1rk1/p4ppp/bpnppn2/2p5/2PPP3/P1PB1P2/4N1PP/R1BQ1RK1 w - - 0 1	white	Bg5 h6 Bh4 g5 f4 e5	c1g5 h7h6 g5h4 g7g5 f3f4 e6e5	Bucharest (Rapid) 2022 11.Bg5! To get rid of the annoying pin, Black will need to seriously weaken the king’s shelter. 11...h6 12.Bh4 g5 12...Na5 attacks c4, but White’s attack is too dangerous after 13.f4+– followed by e4-e5. 13.Be1! 13.Bg3² gives White a smaller advantage. White intends f3-f4 with a big attack, and 13...e5?! does not help because 14.f4!! exf4 15.Nxf4! gxf4 16.Bh4+– is crushing.	Berkes	Tudor	Bucharest (Rapid)	2022	Berkes – Tudor, Bucharest (Rapid) 2022	241	241
304	priyome	exam	r1bqkb1r/pp2pp1p/2n2np1/2Pp4/3P4/2N2N2/PP3PPP/R1BQKB1R b KQkq - 0 1	black	Bg4 h3 Bg7	c8g4 h2h3 f8g7	7...Bg4! Putting pressure on a piece that controls the centre. 7...Bg7 8.h3 and it would have been too late. 8.Be2 Bg7 9.0-0 0-0= Black will be in time for either ...e7-e5 or ...b7-b6. (With one move more, White would have been able to keep everything protected.)	Aronian	So	Internet (Rapid)	2023	Aronian – So, Internet (Rapid) 2023	241	241
305	priyome	exam	r1b2rk1/1pqn1pbp/p2ppnp1/5PB1/3NP3/2PB4/PP1N2PP/R2Q1R1K b - - 0 1	black	Ne5 Nc2 gxf5 exf5 d5 Qe1	d7e5 d4c2 g6f5 e4f5 d6d5 d1e1	12...Ne5!= The knight settles on an excellent square, while keeping e6 and f6 sufficiently protected. 12...e5 13.Nc2² and the knight moves towards d5. 12...Nc5 13.Bc2 threatens b2-b4. 12...gxf5 13.exf5 e5 14.Nc2 d5 15.Qe1± Black’s centre is as fragile as it is strong, and the weak king is always there.	Scheveningen				Scheveningen	242	242
306	priyome	exam	r3r1k1/1bqnbpp1/2n1p2p/p1ppP2P/1p3BN1/3P1NP1/PPPQ1PB1/R3R1K1 b - - 0 1	black	Nd4 Bxh6 Nxf3+ Bxf3 d4	c6d4 f4h6 d4f3 g2f3 d5d4	17...Nd4! Potentially opening up the c-file or the a8-h1 diagonal. Exchanging on f3 is also important to avoid White’s sacrifice with Bxh6, Nxh6+ and Qf4, as White would need the second knight for the attack. 18.Nxd4 18.c3 Nxf3+ 19.Bxf3 bxc3 20.bxc3 d4³ 18...cxd4 Black has enough counterplay not to let White attack for free.	Osmak	Ward	Internet (Rapid)	2022	Osmak – Ward, Internet (Rapid) 2022	243	243
307	priyome	exam	r1bqr1k1/1p3ppp/p1nb1n2/3p4/3N4/P1N1P2P/1P2BPP1/R1BQR1K1 b - - 0 1	black	Bc7 Bh5 Nxd4 b4 Qd6	d6c7 e2h5 c6d4 b2b4 d8d6	12...Bc7 Preparing ...Qd6. Since White has played h2-h3, it’s not currently possible to close the diagonal with g2-g3. (However, ...Bc7 followed by ...Qd6 is also a standard plan in positions with the pawn on h2.) 12...Bb8 is also possible, but less natural – and who knows, maybe the rook will want to move one day... 12...h5!? is a useful move, since 13.Bxh5? Nxd4 wins a piece – but Black should still go for ...Bc7 and ...Qd6 in the near future. If this was your idea, then it also counts as a correct solution. 13.Bf1 It seems best to protect the h3-pawn in advance, thus preparing g2-g3. 13.b4 Qd6 14.Nf3 Ne5‚ 13...h5!³ White’s problem is the bishop on c1.	Braamhaar	Juth	Internet (Rapid)	2023	Braamhaar – Juth, Internet (Rapid) 2023	243	243
308	priyome	exam	r1b2rk1/pp1nqppp/3p1n2/2p1p1B1/2PPP3/P1PB1N2/5PPP/R2Q1RK1 w - - 0 1	white	Nh4 g6 f4	f3h4 g7g6 f2f4	11.Nh4!± Black’s unfortunate piece arrangement makes f5 a tasty square. 11...g6? would make things much worse: 12.f4+–	Nimzo-Indian				Nimzo-Indian	244	244
309	priyome	exam	r1b2rk1/1p2qpnp/pnp3p1/3p4/PP1P4/2NBP3/2Q1NPPP/1R3RK1 w - - 0 1	white	b5 a5 Ng3 cxb5 axb5 Nc4 Bxc4 dxc4	b4b5 a6a5 e2g3 c6b5 a4b5 b6c4 d3c4 d5c4	15.b5 With the knight on b6 undefended, this standard move comes with a threat. 15.a5 Nd7 16.Na4 looks nice, but there’s not much to achieve on the queenside. 15.Ng3 stops ...Bf5, but the game continuation is a better way to do it. 15...axb5 15...cxb5 is an important option to consider. (16.axb5 a5 would be fine for Black. However, since Black has delayed ...Be6, White can play 16.a5!± to target the d5-pawn. A useful idea to remember!) 16.axb5 The knight on b6 is hanging, so Black doesn’t have time for the desirable ...Bf5. 16...c5 16...Nc4?! 17.bxc6 bxc6 18.Bxc4 dxc4 19.Rb6± 17.dxc5 Qxc5² This position has been reached in several games besides my own – but none involving a World Champion.	Smith	Johansson	Uppsala (Rapid)	2022	Smith – Johansson, Uppsala (Rapid) 2022	245	245
310	priyome	exam	r4rk1/pp1bppbp/3p1np1/q3n1B1/2P5/1PN3P1/P1N1PPBP/R2Q1RK1 w - - 0 1	white	Bxf6 exf6 Nd5	g5f6 e7f6 c3d5	12.Bxf6! 12.Bd2² 12...exf6 The change in pawn structure isolates the d-pawn and makes it impossible for Black to control the d5-square with ...e7-e6 in the future. After 12...Bxf6?! 13.Nd5+– Black will be forced to recapture with ...e7xf6 anyway, with an even worse version. 13.Nd5± A golden square on d5 is more important than the bishop pair. Black has only one pawn lever (...b7-b5) and it does not open the position much.	Symmetrical English				Symmetrical English	246	246
311	priyome	exam	r2qr1k1/pbpn1ppp/1p1b1n2/3p4/1P1P4/1QNBPN2/P4PPP/R1B2RK1 b - - 0 1	black	a6 Bxa6 Bxa6 Nxd5 Nxd5 Qxd5	a7a6 d3a6 b7a6 c3d5 f6d5 b3d5	Black has stayed with the c-pawn on c7 in a Carlsbad structure, avoiding White’s standard minority attack. White should still play on the queenside11.b5! White may proceed with a4-a5, or with Ba3 followed by doubling up on the c-file. 11...a6 loses a pawn after 12.bxa6 Bxa6 13.Bxa6 Rxa6 14.Nxd5 Nxd5 15.Qxd5², although Black does have some compensation due to the weak a-pawn.	Queen’s Gambit				Queen’s Gambit	246	246
312	priyome	exam	r3kbnr/1p1n1ppp/p1p1p3/q2p1b2/2PP1B2/2NBPN2/PP3PPP/R2QK2R b KQkq - 0 1	black	Ba3	f8a3	8...Ba3! The pawn on b2 is overloaded and White loses material. (White’s queen is busy defending the bishop on d3.) Remember that the same configuration might occur with a white queen on a4, black knight on c6 and so on.	Slav Defence				Slav Defence	247	247
313	priyome	exam	r1b2rk1/bpp2pp1/p2p1qnp/4p3/3PPn2/1BP1BNNP/PP3PPK/R2QR3 b - - 0 1	black	c5 Nh4 Nxh4 Nf5 d5 Nxh4 exd4 cxd4 cxd4 Bxd4 Bxh3	c7c5 f3h4 g6h4 g3f5 d6d5 f5h4 e5d4 c3d4 c5d4 e3d4 c8h3	15...c5! Challenging White’s centre, and threatening to capture several times on d4 to get the e5- or h4-square for the knight. 15...Nh4? runs into 16.Nxh4 Qxh4 17.Nf5± when exchanging on f5 opens up for White’s rook, putting pressure on the e5-pawn. 16.Qd2 16.d5 is met by 16...Nh4= when the Nxh4/Nf5 idea is no longer dangerous. 16.dxc5 dxc5ƒ Black threatens ...Rd8, chasing White’s queen from the defence of the knight on f3. 16...exd4 17.cxd4 cxd4 18.Bxd4 18.Nxd4 leaves White short of defenders on the kingside. Without going into details, 18...Bxh3!ƒ is a promising sacrifice. (18...Nxg2!? is also adequate.) 18...Bxd4 19.Qxd4 Ne5 20.Nxe5 dxe5=	Vocaturo	Grandelius	Wijk aan Zee	2010	Vocaturo – Grandelius, Wijk aan Zee 2010	248	248
314	priyome	exam	4rrk1/2pbqpb1/1p1p1npp/p1nPp3/2P1P3/PPN2N1P/2Q1BPP1/R1B2RK1 b - - 0 1	black	a4 b4 Nb3 Rb1 Nd4	a5a4 b3b4 c5b3 a1b1 b3d4	White threatens b3-b4. 17...a4! Getting not only a square on b3... 18.b4 Nb3 19.Rb1 Nd4³ ...but also one on d4.	King’s Indian				King’s Indian	248	248
315	priyome	exam	2r2rk1/1p2ppbp/3p2p1/p1nP2B1/2P5/8/PP1R1PPP/4RBK1 b - - 0 1	black	Bf6 Be3	g7f6 g5e3	19...Bf6! A convenient way to defend the pawn. Exchanging bishops would only help Black. 20.Be3!= 20.Bxf6 exf6³ gives Black good chances with the superior minor piece.	Accelerated Dragon				Accelerated Dragon	249	249
316	priyome	exam	r1bqr1k1/ppp2ppp/2n2n2/8/2BP4/P1P1BN2/5PPP/R2QK2R b KQ - 0 1	black	Na5 Bd3 Be6 c4 Bg4 Qa4 Bh5	c6a5 c4d3 c8e6 c3c4 e6g4 d1a4 g4h5	11...Na5! Taking control over the light squares. 12.Bd3 12.Ba2?! Be6 When playing for colour domination (in this case, the light squares c4 and d5), it’s generally favourable to exchange the bishops that control those squares. 12...Bg4! Immediately controlling the c4-square with 12...Qd5 allows White to avoid the pin: 13.Qa4 13.h3 Bh5³	Siebrecht	Farago	Arco	2010	Siebrecht – Farago, Arco 2010	250	250
317	priyome	exam	2r1rnk1/pp1qbp1p/2p1b1p1/3pP3/3P1P2/2NB2N1/PPQ3PP/4RRK1 b - - 0 1	black	f5 Nge2 Bf6 g4 Bf7 Bb5	f7f5 g3e2 e7f6 g2g4 e6f7 d3b5	17...f5! The only good way to stop f4-f5. 18.Nge2 White can play for g2-g4 in the long run, but that’s a lot less dangerous than f4-f5. 18.exf6? Bxf6µ 18...Kh8! 18...Bf7?! 19.g4!² Or in the short run, if Black gets careless. 19.a3 Bf7= The knight reaches e6. Note that the otherwise desirable 19...c5? loses an exchange: 20.Bb5+–	Queen’s Gambit	Exchange Variation			Queen’s Gambit – Exchange Variation	250	250
318	priyome	exam	r3r1k1/pb1n1p1p/1p3qp1/2pP4/2P5/5N2/P2QBPPP/R3R1K1 w - - 0 1	white	a4	a2a4	17.a4!± Planning to exchange White’s isolated pawn, while also creating a backward pawn in Black’s camp. The next two moves may be a4-a5 and Reb1. White should keep the rooks and not care about the e-file.	Grünfeld				Grünfeld	251	251
319	priyome	exam	1rb1rqk1/3n1pbp/pp1p2p1/2pP3n/P1B1P3/2N4P/1P1N1PPB/R2QR1K1 b - - 0 1	black	Be5 f4	g7e5 f2f4	16...Be5! Taking control over f4 before the knight was kicked back by g2-g4. White is still better after several different moves, but Black has to play like this. 17.g3!? Keeping pieces on the board is the most ambitious, but at least Black has managed to temporarily shut in the bishop on h2.	Benoni				Benoni	252	252
320	priyome	exam	r1b1r1k1/pp3pb1/2pp4/5pqp/1PPP1Nn1/2NQP1P1/P4PB1/R4RK1 w - - 0 1	white	Bf3 h4 Bxg4 fxg4 Kg2 hxg3 Rh1 Qh4	g2f3 h5h4 f3g4 f5g4 g1g2 h4g3 f1h1 g5h4	16.Bf3! As the c3-knight is too far away from the f3-square, another defence is needed against ...h5- h4. 16.Bh3 also does the job, but in that case the bishop is worse placed in the event that Black refrains from ...h5-h4. 16...h4 17.Bxg4 fxg4 17...Qxg4 18.Kg2! hxg3 19.Rh1+– (19.f3 is also good.) 18.gxh4 Qxh4 19.Kg2²	Mensch	Giffard	Belfort	2004	Mensch – Giffard, Belfort 2004	252	252
321	priyome	exam	2r2rk1/p2bbppp/1qn1p1n1/3pP3/1P1P4/P1N2NP1/1B2BP1P/R2Q1RK1 b - - 0 1	black	Na5 Nd2 Ba4 Qxa4 Nc4 Qb3 Rc7 Nxc4 dxc4 h4	c6a5 f3d2 d7a4 d1a4 a5c4 a4b3 c8c7 d2c4 d5c4 h2h4	11...Na5! Activating the knight – a standard manoeuvre. White has two ways to play for the advantage. 12.Nd2!? 12.Na4 is the simpler option. After 12...Bxa4 13.Qxa4 Nc4 14.Qb3 Rc7 the c4- knight is strong, but its colleague on g6 is the worst-placed piece on the board. 12...Qxd4! 12...Nc4 13.Nxc4 dxc4 14.h4!± Another standard move, which must be played before Black has time for ...Rfd8 and ...Bc6, threatening ...Nxe5. 13.bxa5 Rxc3 14.Bxc3 Qxc3 15.Nc4!² Let’s not analyse any longer – the exercise was about seeing ...Na5-c4.	French				French	253	253
322	priyome	exam	r1bq1rk1/1ppn1pbp/n2p2p1/p2Pp3/2P1P3/P1NBBP2/1PQ1N1PP/R3K2R b KQ - 0 1	black	Bh6 c5 Naxc5 O-O-O Bxe3+	g7h6 c4c5 a6c5 e1c1 h6e3	11...Bh6! Black’s bishop in the King’s Indian is restricted by the pawn on e5, but it does a good job of defending the king, and often comes alive later in the middlegame. Nevertheless, when situations arise such as the present position, where Black can fight for the dark squares (c5 and e3, for instance), it’s generally a good idea to exchange it. In the event of 11...Nac5 White could consider 12.0-0-0!? intending h4-h5. 12.Bxh6 12.Bf2 avoids the exchange, but Black is obviously the one who has benefited from the inclusion of the bishop moves. 12.Qd2?! Bxe3 13.Qxe3 Nac5 14.0-0 a4³ 12...Qh4+ 13.Ng3 Qxh6=	King’s Indian				King’s Indian	254	254
323	priyome	exam	r1bq1rk1/p2nbppp/1pp2n2/3p4/3P4/2NBPN2/PP3PPP/R1BQR1K1 w - - 0 1	white	e4 Ne5 Nxe5 Ng4 f4 f6 Qe2 c5	e3e4 d7e5 f3e5 f6g4 f2f4 f7f6 d1e2 c6c5	10.e4! Opening up for the bishop on c1. The isolated d4-pawn will never be weak, as Black will need to arrange ...c6-c5 to liberate the light-squared bishop. 10.Ne5 can be adequately met by: 10...Nxe5 Black should exchange before the knight is reinforced with f2-f4. 11.dxe5 Ng4 12.f4 f6= (12...d4!? is also possible.) 10...dxe4 11.Nxe4 Bb7 12.Qe2 c5 12...Re8 13.Ne5² 13.Neg5² White has some initiative.	Bureev	Agalakov	Novokuznetsk (Rapid)	2013	Bureev – Agalakov, Novokuznetsk (Rapid) 2013	254	254
324	priyome	exam	r2qk2r/pppnbppp/2b1pn2/6N1/3P4/3B1N2/PPP2PPP/R1BQ1RK1 w kq - 0 1	white	Nxf7 Kxf7 Ng5+ Kg8 Nxe6 Qc8 Re1	g5f7 e8f7 f3g5 f7g8 g5e6 d8c8 f1e1	9.Nxf7! White only gets two pawns for the knight, but more importantly deprives Black’s king of a safe future. 9...Kxf7 9...Bxf3 10.Nxd8 Bxd1 11.Nxe6 Bg4 12.Nxc7+ Kf7 13.Nxa8 Rxa8+– and White has too many pawns. 10.Ng5+ Kg8 11.Nxe6 Qc8 White is not in a hurry, but should still play forcefully. 12.Re1!± First priority: developing.	Nilsson	Smith	Lund (Rapid)	2006	Nilsson – Smith, Lund (Rapid) 2006	255	255
325	priyome	exam	rnbqk2r/pp2bppp/5p2/2p5/2PP4/2P2N2/P4PPP/R1BQKB1R b KQkq - 0 1	black	O-O Be3 Nc6 h3 h5 d5 Ne5 Nxe5 fxe5 f4	e8g8 c1e3 b8c6 h2h3 h7h5 d4d5 c6e5 f3e5 f6e5 f2f4	This highly unusual pawn structure can be compared with two popular opening variations featuring doubled pawns. The Caro-Kann with 4...Nf6 5.Nxf6+ exf6 features the same doubled f-pawns on Black’s side, but White does not have doubled c-pawns. Conversely, the Mikenas Variation of the English Opening (1.c4 Nf6 2.Nc3 e6 3.e4 d5 4.e5 d4 5.exf6 dxc3 6.bxc3 Qxf6) produces the same queenside structure for White, but without the doubled f-pawns for Black. Compared to the former, White’s queenside structure is weaker and less mobile, and there is no chance of White’s king being able to settle on the queenside. Compared to the latter, Black has a safer king. It might sound as if White is doing badly, but it’s actually not the case. 9.Bd3!² White’s advantage is the d5-square. The best set-up is Bd3, 0-0, Be3 and later Be4 (the key move). The bishop can sometimes continue to d5. 9.Be2?! was the less purposeful continuation that I chose in the game. 9...Nc6 Threatening the pawn. 9...Bg4 10.h3! Bh5 11.Rb1² leaves Black with weak light squares on the queenside; having been driven to h5, the bishop has no way back. 10.d5! Ne5 11.Nxe5 fxe5 12.f4²	Smith	Namini	Lund (Rapid)	2019	Smith – Namini, Lund (Rapid) 2019	256	256
326	priyome	exam	rnbq1rk1/1p2bppp/p3pn2/8/2P1N3/P2B1N2/1P3PPP/R1BQ1RK1 b - - 0 1	black	Nxe4 Bxe4 f5 Bc6 Bf6	f6e4 d3e4 f7f5 e4c6 e7f6	11...Nxe4 A neutral move like 11...Nbd7 leaves Black slightly worse due to some development challenges (especially with the c8-bishop) and White’s more active pieces. 12.Bxe4 f5! Black mobilizes the kingside pawn majority. Notice that this would not have been possible with a knight on c6 due to Bxc6, gaining control of the e5-square. 13.Bc2 Bf6 The following moves are ...Nc6 and ...e6-e5. The bishop on f6 stops White from developing smoothly. The chances are balanced.	Browne	Marovic	Skopje (Rapid)	1970	Browne – Marovic, Skopje (Rapid) 1970	257	257
327	priyome	exam	r2qk2r/pp2npbp/2npb1p1/2pNp3/2P5/3P2P1/PP1NPPBP/R1BQK2R w KQkq - 0 1	white	Nb1	d2b1	9.Nb1! Shifting the knight to c3, from where it controls d5 as well as b5. Delaying castling also makes it possible to meet Black’s short castling with h2-h4. This is hardly a revolutionary idea, and Black would answer with ...h7-h6 or ...h7-h5 – but still, it’s useful to have the option.	Kryavkin	Smith	Lund (Rapid)	2019	Kryavkin – Smith, Lund (Rapid) 2019	257	257
328	priyome	exam	r4bk1/ppP2r1n/3P2n1/P3p2p/2N1Pp1q/2N2Ppb/4B1PP/R2Q1RBK w - - 0 1	white	gxh3 Qxh3 Rf2 gxf2 Bxf2	g2h3 h4h3 f1f2 g3f2 g1f2	Dozens of games have reached similar positions, and in almost half of them White has missed Black’s mating combination. 24.gxh3! 24.Ra2?? Bxg2+ 25.Kxg2 Qh3+!! is the sacrificial motif that both players must be aware of in such positions. 26.Kxh3 Ng5+ 27.Kg2 Nh4+ 28.Kh1 g2# 24...Qxh3 25.Rf2 The only move that defends against mate. Not an easy move to play if you haven’t seen the idea before, but it’s a standard defence in many similar positions. 25...gxf2 26.Bxf2 Black is an exchange up, but the attack is stopped and White wins on the queenside and with the d5-square.	Smith	Hirneise	Pardubice (Rapid)	2010	Smith – Hirneise, Pardubice (Rapid) 2010	258	258
329	priyome	exam	r1bq2k1/ppp2rb1/1P3nn1/P2Pp2p/1BN1Pp2/2N2PpP/4B1P1/R2Q1RK1 b - - 0 1	black	Bxh3 gxh3 Qd7 Bd3 Qxh3 Ra2 Nh4 Re1 g2 Kf2 Qg3+ Ke2 Nxf3	c8h3 g2h3 d8d7 e2d3 d7h3 a1a2 g6h4 f1e1 g3g2 g1f2 h3g3 f2e2 h4f3	21...Bxh3! It is said that Black needs the light-squared bishop for an effective attack on the kingside. (A positional remark.) 22.gxh3 Qd7 White can’t really defend. Here is a sample variation (that you don’t need to have calculated): 23.Bd3 Qxh3 24.Ra2 Nh4 25.Re1 g2 26.Kf2 Qg3+ 27.Ke2 Nxf3 Finally winning material.	King’s Indian				King’s Indian	259	259
330	priyome	exam	rn1qkb1r/pp3p1p/3p1np1/2pP4/4P1b1/2N2N2/PP3PPP/R1BQKB1R w KQkq - 0 1	white	Qa4+ Bd7 Nd2	d1a4 g4d7 f3d2	8.Qa4+! With less space, Black is happy to exchange one (or several) minor pieces in the Benoni pawn structure. The queen check avoids any such exchanges. 8...Bd7 8...Nbd7 9.Nd2! To avoid getting the bishop on g4 trapped, Black has to play the ugly ...g6-g5, or the even uglier ...Ke7 followed by ...Nb6. 9.Qb3± Black would have preferred a knight on d7.	Rajkovic	Vratonjic	Bar (Rapid)	2007	Rajkovic – Vratonjic, Bar (Rapid) 2007	259	259
331	priyome	exam	2rqk2r/1b1n1ppp/p1pbpn2/1p6/3P4/2NBPN2/PP1B1PPP/2RQ1RK1 w k - 0 1	white	b4 O-O Nxb5 cxb5	b2b4 e8g8 c3b5 c6b5	12.b4! An important trick to stop ...c6-c5. 12...0-0² The tactical justification speaks for itself: 12...Bxb4 13.Nxb5! cxb5 (13...Be7 14.Na7+–; 13...Bxd2 14.Nd6++–) 14.Bxb4²	Meran Variation				Meran Variation	260	260
332	priyome	exam	r2qr1k1/1p1b1pb1/p1pp1np1/5p1p/PPPP4/2NQP1P1/4NPBP/1R3RK1 w - - 0 1	white	h4 Ng4 Bf3 g5 Kg2 gxh4 Bxg4 hxg4 Nf4 Qf6 Rh1 hxg3 Rh5	h2h4 f6g4 g2f3 g6g5 g1g2 g5h4 f3g4 h5g4 e2f4 d8f6 f1h1 h4g3 h1h5	15.h4! To stop ...h5-h4, which would prepare an attack against the white king and the h2-square. In the structure with Bg5xf6 and ...e7xf6, White’s main objectives are to restrict Black’s dark-squared bishop and make any necessary prophylactic moves on the kingside, while gradually expanding on the queenside. The knights can be placed on e2 and c3 (as in this example), or d2 and e2 (to have Nf3 available in case Black plays ...g6-g5), or even c3 and h3. In any case, ...h7-h5 is almost exclusively answered by h2-h4. No other moves are required for the exercise, but it’s worth seeing how the game may develop from here. 15...Ng4 16.Bf3! As White does not have a knight available to come to f3, another defence is needed against ...g6-g5 and ...h5-h4. 16...g5 17.Kg2! gxh4 Black’s best is to sacrifice a pawn with: 17...f4! 18.gxf4 gxf4 19.Bxg4 hxg4 20.Nxf4 Qf6!² Followed by ...Bf5 and ...Bh6. 18.Rh1 hxg3 19.Bxg4 hxg4 19...fxg4 20.Rxh5± 20.Nxg3±	Zucchelli	Gladyszev	Budapest	1996	Zucchelli – Gladyszev, Budapest 1996	260	260
333	priyome	exam	r2qr1k1/pp1b1pp1/3p3p/2p1p3/P1PPP3/2P2N2/2Q2PPP/R2R2K1 w - - 0 1	white	dxc5 dxc5 Nd2 Qc7 Nf1 f5 Ng3 fxe4 Nxe4 Rad8	d4c5 d6c5 f3d2 d8c7 d2f1 f7f5 f1g3 f5e4 g3e4 a8d8	18.dxc5! Not allowing Black to open the e-file. 18.dxe5 is the same. 18...dxc5 19.Nd2 The knight manoeuvres towards d5. However, Black is doing okay by playing for ...f7-f5. 19.Rd5?! Qc7 and the rook has to return soon. 19...Bc6 20.Nf1 Qh4! 21.f3 f5! To avoid the risk of being worse, White had to start the knight manoeuvre towards d5. However, Black’s energetic last few moves have created enough counterplay. 22.Ng3 fxe4 23.Nxe4 Rad8=	Nimzo-Indian				Nimzo-Indian	261	261
334	priyome	exam	r3k2r/1p1nbppp/p3pnb1/8/8/1NN1P3/PP1BBPPP/2R2RK1 w kq - 0 1	white	f3 O-O Nc5	f2f3 e8g8 b3c5	15.f3!± Intending to lock the g6-bishop in jail with e3-e4. Black will require many tempos to free it by shifting the knight from f6, followed by ...f7-f6, ...Bg6-f7 and ...e6-e5. 15.Na5?! does not create a real threat, and 15...0-0 16.Bf3 Nc5= makes it impossible to carry out the plan of f2-f3 and e3-e4.	Slav Defence				Slav Defence	262	262
335	priyome	exam	rnbq1rk1/1p2ppbp/pn1p2p1/8/2PP4/P1N1BN2/1P3PPP/2RQKB1R b K - 0 1	black	Bg4 d5 Nxc4 Bxc4 Bxf3 Qxf3 Nc6 Rd1 e5 b3 Ra7	c8g4 d4d5 b6c4 f1c4 g4f3 d1f3 b8c6 c1d1 e7e5 b2b3 a8a7	10...Bg4! Attacking the centre by pinning/exchanging the knight on f3. All recaptures will then have a disadvantage: Bxf3 leaves the c4-pawn en prise, Qxf3 weakens the d4-pawn and gxf3 weakens White’s kingside structure. 10...d5?! 11.c5 Nc4 12.Bxc4 dxc4 13.0-0± 11.Be2 11.h3 Bxf3 12.Qxf3 Nc6 13.Rd1 e5³ Everything against d4!; 11.d5 e6³; 11.b3!= is the best way to keep White’s position together. 11...Bxf3 12.Bxf3 12.gxf3 might be the lesser evil, although Black can obviously be happy to have provoked this. 12...Nxc4 13.Bxb7 Ra7 ...a7-a6 was an important move! Black has an excellent position.	Alekhine’s Defence				Alekhine’s Defence	262	262
336	priyome	exam	r1b1r1k1/ppq2pp1/2p1pb1p/8/3P3P/3BnN2/PPPQ1PP1/1K2R2R w - - 0 1	white	Qxe3 e5	d2e3 e6e5	16.Qxe3!+– Holding back both ...c6-c5 and ...e6-e5, and at the same time preparing Qe4. Black has no defence against g2-g4-g5. 16.fxe3? e5³; 16.Rxe3 c5²	French Defence	Burn Variation			French Defence – Burn Variation	263	263
337	priyome	exam	r4rk1/1p1nppbp/p2p2p1/3b4/1PP1PP2/4B1P1/P5BP/2R2RK1 w - - 0 1	white	cxd5 Rfc8 Bh3	c4d5 f8c8 g2h3	20.cxd5 Black is a tempo short to defend the queenside, since 20...Rfc8 21.Bh3!+– decides matters. Black would need a spare tempo for ...Kf8-e8 in order to survive.	Accelerated Dragon				Accelerated Dragon	264	264
338	priyome	exam	r2qkb1r/pp2np1p/2npb1p1/2p1p3/2P5/2NP2P1/PP2PPBP/R1BQKN1R b KQkq - 0 1	black	Bg7 Bg5 O-O a3 Nd5 Rb1 b5 cxb5 Nd4	f8g7 c1g5 e8g8 a2a3 e7d5 a1b1 b7b5 c4b5 c6d4	To stop ...d6-d5, White has been clever with Nf3-d2-f1-(e3) before castling. But Black has also been clever by avoiding ...Bg7. Or has he? 8...Bg7! Black should focus on completing development and accept the hole on d58...d5? was played in the game, when 9.Bg5!± would have left Black in a mess due to the threats of cxd5 and Bf6. 9.Ne3 0-0 The exercise is over, but it’s worth seeing a few sample lines from here. 10.a3 10.Ned5 Rb8 11.a3 a6= 10...Rb8 10...a5?! 11.Ned5² 11.Rb1 b5!! 12.0-0= 12.cxb5?! Nd4³ threatens ...Bb3, so Black should get the pawn back immediately. 12.Nxb5 d5©	Skrondal	Kvisvik	Oslo (Rapid)	2009	Skrondal – Kvisvik, Oslo (Rapid) 2009	264	264
339	priyome	exam	r1b1r1k1/pppn1p1p/n2p1qpQ/4p3/2PPP3/2N2N2/PP2BPPP/2KR3R w - - 0 1	white	c5 d5 Nxd5 Qd8 Bxa6 bxa6	c4c5 d6d5 c3d5 f6d8 e2a6 b7a6	12.c5! Attacking the knight and threatening to exchange on d6. That would be in White’s favour, since the knight can settle on d5 without being chased away by ...c7-c6. 12...exd4 13.Nd5 Qd8 14.Bxa6 bxa6 15.Nxd4+– White’s knights are tremendous and there is already a threat to trap the queen. When I was growing up, what we tried to pass on to people was: how do you find better moves? But now, when the computer is giving you the best moves right away, or the quickest answer, the thinking almost has to change. How do you remember what it tells you? How do you pick out what is essential? So, the skillset has changed. – Viswanathan Anand When I was a kid, the most difficult challenge was simply qualifying for the world championships in your age category. Actually winning it was not a big deal. That was normal. But winning the Soviet championships to qualify, that was much more difficult. – Vladimir Kramnik	Stojanovic	Saric	Borovo (Rapid)	2005	Stojanovic – Saric, Borovo (Rapid) 2005	265	265
340	priyome	academic	rn1qk1nr/pbp2pbp/1p1p2p1/4p3/3PP3/2P1BN2/PP1N1PPP/R2QKB1R w KQkq - 0 1	white	dxe5 dxe5 c4	d4e5 d6e5 c3c4	7.dxe5! 7.Bc4 allows Black to keep the bishop on g7 alive: 7...exd4 8.cxd4²; 7.Bb5+ is mildly irritating for Black, but less thematic. 7...dxe5 Black’s fianchettoed bishop on g7 is doomed to passivity for a long time. (But if White’s c-pawn was on c4 rather than c3, the bishop would make a good job helping Black to plant a knight on d4.) In the long run, the dark-squared bishop may be relocated via f8, but first Black needs to complete development and defend the e-pawn. That gives White time to create play on the queenside (where the bishop doesn’t participate). The first plan is a2- a4-a5, and if Black stops that by playing ...a7-a5, White will use the b5- and d5-squares for his pieces. If White can provoke Black into playing ...c7-c6 to control these squares, new weak squares arise on b6 and d6. 8.Bc4± Key factors: a black bishop on g7, a white pawn on c3.	Steinitz	Mongredien	London	1863	Steinitz – Mongredien, London 1863	269	269
341	priyome	academic	r2qk2r/ppp2ppp/2np4/2b1p2n/2B1P3/3P1PN1/PPP2P1P/R1BQ1RK1 b kq - 0 1	black	Nf4 Nh5 Ne2+	h5f4 g3h5 f4e2	9...Nf4!³ The knight is irritating, and if it’s taken, Black recaptures with tempo and gets time to jump with the other knight. The game continued 9...Qh4?! 10.Nxh5 Qxh5 11.c3÷ when White was allowed to exchange the strong knight without any concession. 9...Nxg3 10.hxg3 h5÷ tries to attack, but White can always meet ...h5-h4 with g3-g4. 10.Bxf4? exf4 11.Ne2 Ne5 12.Nxf4 Qh4 Black is winning. There is no need for additional analysis, but for those who are uncertain, here is an illustrative line: 13.Ng2?! Qh3 14.Ne1 0-0-0 Black threatens ...d6-d5 followed by ...Rd6, and if 15.d4 Nxc4 16.dxc5 dxc5 Black will win with ...Nd2 or...Ne5, or a deadly rook lift. William Steinitz “The king pawn and the queen pawn are the only ones to be moved in the early part of the game.”	Green	Steinitz	London (1)	1864	Green – Steinitz, London (1) 1864	270	270
342	priyome	academic	r1bq1rk1/ppp2pbp/2npn1p1/4p3/4P3/2PPNN2/PPB2PPP/R1BQK2R w KQ - 0 1	white	h4 h6 h5 g5 Nf5 d5	h2h4 h7h6 h4h5 g6g5 e3f5 d6d5	Black is well placed to fight against d3-d4, so White needs another plan. 11.h4! Moving the flank pawn is justified by the “hook” on g6. Opening the h-file with h4-h5 and hxg6 would be an achievement; alternatively, advancing the pawn to h6 would make it a long-term asset. Notice also that Black cannot easily open the centre with ...d6-d5 (and even achieving that would not threaten much, if White just avoids the exchange of queens). 11...Ne7 If ever 11...f5 should be played, it is now. After 12.h5 (12.exf5 gxf5 13.d4 is another logical reaction) 12...f4 13.Nd5 g5 14.h6 Bf6± Chigorin said that “the consequences of this counterattack are very hard to foresee.” Had he met AlphaZero, he would have been more afraid of the pawn on h6. 11...h6?! 12.h5 g5 abandons the f5- square. 11...h5 may have been the best response, but it deprives Black of the option to continue with ...f7-f5. White is satisfied and castles short, probably after taking space on the queenside with 12.b4. 11...Nf4 invites White to soon (maybe now) go for 12.h5 Nxh5 13.Nf5 Bxf5 14.exf5 with compensation. 12.h5 d5 13.hxg6 13.h6!? also favours White. After the text move Chigorin made the mistake of recapturing with the f-pawn instead of the h-pawn, and Steinitz went on to win a famous game. William Steinitz “I may be an old lion, but I can still bite someone’s hand off if he puts it in my mouth.”	Steinitz	Chigorin	Havana (4)	1892	Steinitz – Chigorin, Havana (4) 1892	271	271
343	priyome	academic	r3kb1r/ppqn1ppp/2p1pn2/3p4/2PP4/1QN1PP2/PP1B1P1P/R3KB1R w KQkq - 0 1	white	cxd5 O-O-O e4 e5 O-O-O cxd5 exd5	c4d5 e8c8 e3e4 e6e5 e1c1 c6d5 e4d5	9.cxd5 This becomes attractive as soon as Black’s knight has moved from b8 – otherwise there is ...c6xd5 and ...Nc6. Lasker’s 9.f4 ruled out e3-e4 as an idea. 9.0-0-0 can be met by 9...dxc4„ followed by ...b7-b5. 9.e4?! is too ambitious: 9...e5ƒ 9...Nxd5 9...exd5 10.0-0-0± is good for White, who might follow up with Kb1 and e3-e4. 9...cxd5? 10.Rc1 wins material. 10.Nxd5 exd5 With the knight on d7, Black can’t afford to open the c-file. 11.0-0-0±	Lasker	Blackburne	London (4)	1892	Lasker – Blackburne, London (4) 1892	272	272
344	priyome	academic	r1bq1rk1/p2nbppp/2p1pn2/1p4B1/3P4/1QN1PN2/PP2BPPP/R3K2R b KQ - 0 1	black	a6 O-O Ne4 Na4 Qc7 Nc5	a7a6 e1g1 f6e4 c3a4 d8c7 a4c5	10...a6! Preparing ...c6-c5 is the top priority, to activate the bishop (which will soon go to b7) and get rid of the backward pawn. 10...Bb7 11.0-0 a6 allows 12.Bxf6 Nxf6 (to stop Ne4) 13.Na4 Nd7 14.Rac1 Qc7 15.Nc5 Nxc5 16.dxc5 and the bishop is temporarily bad on b7. Black’s position is still okay, but the game continuation is more precise.	Steinitz	Lasker	Moscow (17)	1897	Steinitz – Lasker, Moscow (17) 1897	272	272
345	priyome	academic	r2q1rk1/ppp1bppn/2np3p/1B2p2b/4P3/2PPNN2/PP3PPP/R1BQR1K1 w - - 0 1	white	g4 Ng5 Nf5	g2g4 h7g5 e3f5	11.g4! With an extra move, Black could have stopped this advance with ...Bg5. 11.Nf5 Ng5= 11...Bg6 12.Nf5± Black is not in a position to make use of the weakened squares (f3, f4, h3 and h4). White can answer ...h6-h5 with h2-h3.	Capablanca	Marshall	New York (6)	1909	Capablanca – Marshall, New York (6) 1909	273	273
346	priyome	academic	1r1qk2r/2p1bppp/2n1b3/1p1pP3/4n3/1BP2N2/1P3PPP/RNBQ1RK1 w k - 0 1	white	Nd4 Qd7 f3 Nxe5 Bf4 Nc6 Bd6 Qxd6 Re1 Ne5	f3d4 d8d7 f2f3 c6e5 c1f4 e5c6 f4d6 d7d6 f1e1 c6e5	12.Nd4! White’s idea is to play c3xd4 to control the escape square on c5, and thus threaten to harass the e4-knight. 12.Ra6?! Qd7 and White does not have the same trick anymore. 12...Qd7 12...Nxd4? 13.cxd4+– Black has no convenient way to meet f2-f3 followed by h2-h4 or f3-f4-f5. (Another merit of moving the knight from f3 is to open a path for the f-pawn.); 12...Nxe5?! 13.Bf4± wins an exchange with Nc6, or a piece after: 13...Bd6? 14.Nxe6 (But not 14.Bxe5 Bxe5 15.Nc6?? which runs into a trick: 15...Bxh2+ 16.Kxh2 Qd6+–+) 14...fxe6 15.Bxe5 Bxe5 16.Qh5++– 13.Re1± Indirectly defending the pawn on e5. Capablanca played: 13.Ra6? Challenging the knight to obtain the cxd4 structure is a good idea, but here it allows: 13...Nxe5÷	Capablanca	Meyer Phillips	New York	1913	Capablanca – Meyer Phillips, New York 1913	274	274
347	priyome	academic	2kr3r/1pp1qppp/p1p4n/4p3/4P1b1/2NPPN2/PPP3PP/R3QRK1 w - - 0 1	white	Rb1 Qh4 b4 Bxf3 Rxf3 b6 b5 cxb5 Nd5	a1b1 e7h4 b2b4 g4f3 f1f3 b7b6 b4b5 c6b5 c3d5	11.Rb1! Preparing an attack with b2-b4 is White’s best plan. 11.Qh4?! f6 and the queen will be hit by ...g7-g5 sooner or later. 11...Rhf8÷ Black’s best may be to capture on f3 and go ...f7-f5-f4. The game went: 11...f6 12.b4 Nf7 13.a4 Bxf3 14.Rxf3 b6 15.b5 cxb5 16.axb5 a5 17.Nd5 Qc5 18.c4± Capablanca managed to push d3-d4 and c4-c5 with a winning attack.	Capablanca	Janowski	St. Petersburg	1914	Capablanca – Janowski, St. Petersburg 1914	275	275
348	priyome	academic	r1b1r1k1/1pp1n1pp/p1pb1p2/8/4PP2/1NN5/PPP3PP/R1B2RK1 w - - 0 1	white	f5 g6 Bf4	f4f5 g7g6 c1f4	In the Exchange Ruy Lopez, Black gets the bishop pair while White has a healthy pawn majority – a pawn ending would be winning. White’s next move compromises the structure and produces a backward pawn on e4, but restricts Black’s pieces. 12.f5! White does not stand better, but that does not change the fact that Lasker’s move is clearly best. It’s difficult to find another plan for White. Black, on the other hand, had the easy plan of completing development with ...Ng6, ...b7-b6, ...Bb7 and ...Rad8. As soon as the knight arrives on g6, f4-f5 loses its effectiveness as the knight continues to e5. 12...b6 13.Bf4= Emanual Lasker “The intelligent perusal of fine games cannot fail to make the reader a better player and a better judge of the play of others.”	Lasker	Capablanca	St. Petersburg	1914	Lasker – Capablanca, St. Petersburg 1914	275	275
349	priyome	academic	r1b2rk1/ppp2p2/3b1q1p/2p1p1p1/4P3/3P1NB1/PPP2PPP/R2Q1RK1 b - - 0 1	black	Bg4 h3 Bxf3 Qxf3 Qxf3 gxf3	c8g4 h2h3 g4f3 d1f3 f6f3 g2f3	12...Bg4! 13.h3 Bxf3 14.Qxf3 Qxf3 15.gxf3µ A classical example where the bishop on g3 is essentially dead. Black’s bishop does not have any active prospects for the moment, but Capablanca eventually managed to force through ...c5-c4.	Winter	Capablanca	Hastings	1919	Winter – Capablanca, Hastings 1919	276	276
350	priyome	academic	1r3rk1/2qbbppp/p1nppn2/1p6/4PP2/1NN1BB2/PPP2QPP/3R1RK1 w - - 0 1	white	g4 b4 Ne2 a5 a4 d5 e5 Ne4 g5 Nc5	g2g4 b5b4 c3e2 a6a5 a2a4 d6d5 e4e5 f6e4 g4g5 e4c5	15.g4!² Chasing back the knight before Black gets too far on the queenside. 15.Kh1?! b4 16.Ne2 a5 17.g4 a4 18.Nbd4 d5 is an example of g4-g5 coming too late. 19.e5 Ne4³ 15...b4 16.Ne2 d5 16...Bc8 17.g5 Nd7 18.Qg3² 17.e5 Jumping forward to e4 will lose a pawn. 17...Ne8 18.Nc5²	Euwe	Fontein	Scheveningen	1920	Euwe – Fontein, Scheveningen 1920	277	277
351	priyome	academic	r2qk2r/ppbn1ppp/2p1p3/2P2b2/1P1Pp3/4P3/P2NBPPP/R1BQ1RK1 b kq - 0 1	black	h5 g3 Nf6 Nxe4 Nxe4 Bf3 Bxg3 hxg3 Qh4 b5 Nf6 bxc6 Ng4	h7h5 g2g3 d7f6 d2e4 f6e4 e2f3 c7g3 h2g3 d8h4 b4b5 e4f6 b5c6 f6g4	11...h5! With the annoying e4-pawn, it’s logical to prepare an attack and this is the way. 11...Nf6!? is also slightly better for Black. 11...Qh4 12.g3 Qh3 plans to continue the attack with ...Nf6-g4 or ...h7- h5-h4. However, after 13.f3! Nf6 14.Nxe4 Nxe4 15.fxe4 Bxe4 16.Bf3 Black does not have anything better than a draw: 16...Bxg3 17.hxg3 Qxg3+ 18.Kh1 Qh3+ 12.f4 A bonus of ...h7-h5 is that 12.f3 Qh4 13.g3? is no longer available as a drawing line, as Black has 13...Bxg3 14.hxg3 Qxg3+ 15.Kh1 Qh3+ 16.Kg1 Rh6! with mate. 12.b5!? discourages the immediate 12...Bxh2+, as White gets counterplay with bxc6 and Qa4 later on. (The sacrifice should ultimately lead to a draw.) However, Black can maintain some initiative with: 12...Nf6! 13.f4 (13.bxc6? is what White wants to play, but it is refuted by: 13...Bxh2+! 14.Kxh2 Ng4+–+) 13...exf3³ 12...g5ƒ Alekhine attacked, and the game lasted only eight more moves.	Kmoch	Alekhine	Vienna	1922	Kmoch – Alekhine, Vienna 1922	277	277
352	priyome	academic	2rqr1k1/1p3pp1/2nbb1np/p3p3/2Pp3P/PP1P1NP1/2QN1PB1/1RB1R1K1 w - - 0 1	white	c5 h5 Nc4 b5	c4c5 h6h5 d2c4 b7b5	16.c5² A reversed Benoni where White’s main plan is to advance with the pawn majority on the queenside. Black to move could have stopped White’s progress by 16...b6. 16.h5?! unnecessarily weakens the pawn. 16...Bb8 17.Nc4² Followed by b3-b4. It’s important to get the move order right, since 17.b4? is met by the clever 17...axb4 18.axb4 b5!µ when White’s queenside play is stifled, as capturing en passant runs into a discovered attack.	Capablanca	Janowski	New York	1924	Capablanca – Janowski, New York 1924	278	278
353	priyome	academic	r4rk1/1p1nqppp/3b1n2/p2ppb2/8/1P1P1NP1/PBRNPPBP/3Q1RK1 w - - 0 1	white	e4 a4 Nh4 Be6 f4 exf4 gxf4 Nh5 Re1 d4 Nc4 Bxc4 Rxc4	e2e4 a5a4 f3h4 f5e6 f2f4 e5f4 g3f4 f6h5 f1e1 d5d4 d2c4 e6c4 c2c4	13.e4! Nowadays a standard tactical idea in the Reti opening. The game continued 13.a4 h6 and Black was fine. 13.Nh4?! is not necessary to force through e2-e4. The knight would be better on f3 after: 13...Be6 14.e4 (14.f4? backfires as the knight on h4 becomes undefended: 14...exf4 15.gxf4 Nh5–+) 14...dxe4 15.dxe4 g6=; 13.Re1?! allows 13...Be6 14.e4 d4, taking space and limiting the scope of the b2-bishop. 13...dxe4 Black needs to exchange. 13...Be6 runs into either 14.d4± or 14.exd5± followed by Nc4. 13...Bg4 14.exd5 Nxd5 15.Nc4± 14.dxe4 Be6 The bishop must retreat, as capturing loses material. 14...Bxe4? 15.Nxe4 Nxe4 16.Nh4+–; 14...Nxe4? 15.Nh4+– 15.Nc4 Bxc4 16.Rxc4²	Reti	Lasker	New York	1924	Reti – Lasker, New York 1924	279	279
354	priyome	academic	r1b2rk1/pb2ppbp/1qnp1np1/8/3PP3/1B3N2/PP3PPP/RNBQR1K1 w - - 0 1	white	h3 Bg4	h2h3 c8g4	10.h3!± Keeping all the minor pieces on the board while securing the centre. 10.Nc3 Bg4÷ forces White to take back with the g-pawn on f3.	Ed. Lasker	Capablanca	New York	1924	Ed. Lasker – Capablanca, New York 1924	280	280
355	priyome	academic	r1b2rk1/p1pnqppp/1p2pn2/3p4/2PP4/5NP1/PPQNPPBP/R4RK1 w - - 0 1	white	cxd5 Nxd5 Qxc7 Nb4 Qc3	c4d5 f6d5 c2c7 d5b4 c7c3	10.cxd5! With ...b7-b6 played, Black does not want to take back with the pawn, since it’s not possible to establish a solid pawn chain from b7-c6-d5. And recapturing with the knight runs into e2-e4, as there’s no knight on c3 to capture. 10...Nxd5 White has (at least) two good options after 10...exd5: 11.Qxc7 Qxe2 12.Rfe1± or 11.Rfe1 c5 12.e4±. 11.e4 Nb4 12.Qc3± But not 12.Qxc7? Ba6©. Jose Raul Capablanca “Chess is something more than a game. It is an intellectual diversion which has certain artistic qualities and many scientific elements.”	Capablanca	Marshall	New York	1927	Capablanca – Marshall, New York 1927	280	280
356	priyome	academic	2rq1rk1/pp2bpp1/2pn1n1p/3p4/3P1B1P/2NBP3/PPQ2PP1/R3K2R w KQ - 0 1	white	g4 c5 f3 b5 g5 Nfe4 gxh6 f5 h5	g2g4 c6c5 f2f3 b7b5 g4g5 f6e4 g5h6 f7f5 h4h5	16.g4! White must choose the right way to attack. 16.0-0-0?! c5ƒ is less promising. The point is that g4-g5 might be met by ...Nfe4, and it’s important for White that this only happens when the c-file is still closed. 16.f3 is not necessary and 16...b5 17.g4 c5! gives Black decent counterplay. 16...Nxg4 The game went: 16...Nfe4 17.g5²; In the event of 16...c5 17.dxc5 Rxc5 18.g5 Nfe4 19.gxh6± White’s king is not entirely safe, but Black’s is more exposed. 17.Rg1 17.Bxd6? Bxd6 18.Bf5 h5!³ will give Black more than enough compensation for the exchange. 17...f5 17...h5 is met by 18.0-0-0± and f2- f3. 18.Bxd6 White wins back the pawn and keeps some advantage. 18...Bxd6 19.Bxf5 Nh2 20.Bxc8 Nf3+ 21.Ke2 Qxc8 22.Qg6²	Alekhine	Capablanca	Buenos Aires	1927	Alekhine – Capablanca, Buenos Aires 1927	281	281
357	priyome	academic	r4r2/pp1qn2k/2ppb1pp/4pp1n/2P5/2QPP1P1/PP1NNPBP/4RRK1 w - - 0 1	white	f4 exf4 Nxf4 Nxf4 exf4	f2f4 e5f4 e2f4 h5f4 e3f4	17.f4! Otherwise Black would have pushed the f-pawn. 17...exf4 18.Nxf4! Exchanging the knight that blocks the rook. 18.exf4² 18...Nxf4 19.exf4! White will double up on the e-file, with something near the borderline between a slight and a clear advantage.	Capablanca	Michell	Ramsgate	1929	Capablanca – Michell, Ramsgate 1929	282	282
358	priyome	academic	rn1qkb1r/pb1p1ppp/1p2pn2/2p5/2PP4/5NP1/PP2PPBP/RNBQK2R w KQkq - 0 1	white	d5 exd5 cxd5 Bxd5 Nh4 Bc6 e4 Nxe4 Bxe4 Qe7 O-O	d4d5 e6d5 c4d5 b7d5 f3h4 d5c6 e2e4 f6e4 g2e4 d8e7 e1g1	6.d5! Not allowing Black to get a Hedgehog. Notice the similarity with Exercise 263, where we saw the same idea with the queen on c2. 6...exd5 7.cxd5! A standard sacrifice. If Black doesn’t take, it becomes a Benoni with a misplaced bishop on b7. The simple 7.Nh4² sets up a pin that allows White to recapture the pawn. For maximum flexibility, White should avoid a premature cxd5 in favour of moves like Nc3, 0-0 and Bg5, keeping the option of taking on d5 with the knight. However, it would be even more favourable to recapture on d5 without having to play Nh4. 7...Bxd5 7...Nxd5?? 8.Nh4 wins outright. 8.Nc3 Bc6 9.e4± Practice has shown that White’s lead in development and central control are worth more than a pawn. Black is even allowed capture a second one: 9...Nxe4 10.Nxe4 Bxe4 11.Qe2 Qe7 12.0-0 Nc6 13.Bf4±	Capablanca	Marshall	Karlovy Vary	1929	Capablanca – Marshall, Karlovy Vary 1929	282	282
359	priyome	academic	1r1qr1k1/2pb1pbp/1p1p2p1/p2Nn3/2P5/1P4PP/PB1QPPB1/2R2RK1 w - - 0 1	white	f4 Nc6 Bxg7 Kxg7 Qb2+ f6 g4 Nb4 g5 Nxd5 cxd5	f2f4 e5c6 b2g7 g8g7 d2b2 f7f6 g3g4 c6b4 g4g5 b4d5 c4d5	16.f4! Exchanging bishops is generally in White’s favour as it weakens Black’s kingside. 16.Kh2 or any other reasonable move yields a small advantage. 16...Nc6 17.Bxg7 Kxg7 18.Qb2+ Immediately attacking the dark squares, but there’s nothing wrong with 18.e4. 18...f6 19.g4! Nb4 The only way to defend the f6-pawn. 20.g5 Nxd5 21.cxd5+– Another exchange in White’s favour, as c7 is eternally weak.	Capablanca	Yates	Barcelona	1929	Capablanca – Yates, Barcelona 1929	283	283
360	priyome	academic	rn1qnrk1/1ppb1pbp/p2p2p1/3Pp3/2P1P3/2N1BP2/PP1QN1PP/R3KB1R w KQ - 0 1	white	g4 f5 exf5 gxf5 Bg5 Bf6 c5 dxc5 Bxf6 f4 h4	g2g4 f7f5 e4f5 g6f5 e3g5 g7f6 c4c5 d6c5 g5f6 f5f4 h2h4	10.g4! The standard method: preparing to capture twice in case of ...f7-f5. 10.h4 is also reasonable, for instance: 10...f5 11.exf5 gxf5 12.Bg5 Bf6 13.g4!?‚; 10.c5?! dxc5 11.Bxc5 Nd6= 10...h6 10...Bf6 is the only potential argument against g2-g4. Black plans to post the bishop on h4, but 11.g5 Be7 12.h4 spoils Black’s plan. 12...f6 can be met in several ways, for instance: 13.f4± 11.h4 Kh7+– White has no straightforward way to open the kingside, and will probably keep the king in the centre in order to play on the queenside later. Without ...f7-f5 as a means of counterplay, Black has no compensation for White’s extra space.	Capablanca	Menchik	Moscow	1935	Capablanca – Menchik, Moscow 1935	284	284
361	priyome	academic	r1bqr1k1/4bppp/p1n2n2/1pppp3/4P3/2PPNN2/PPB2PPP/R1BQR1K1 w - - 0 1	white	exd5 Nxd5 Nxd5 Qxd5 d4 exd4 Be4 Qd7 Ne5 Bb7	e4d5 f6d5 e3d5 d8d5 d3d4 e5d4 c2e4 d5d7 f3e5 c8b7	Black to move would play ...d5-d4. 14.exd5 Or taking with the knight first. 14...Nxd5 15.Nxd5 Qxd5 16.d4! Preparing Be4, which is why it was good to help Black’s queen to develop. 16...exd4 17.Be4 Qd7 18.Ne5! 18.cxd4 was played in the game, when 18...Bb7! would have been okay for Black. 18...Nxe5 19.Bxa8± Alexander Alekhine “During a chess tournament, a master must envisage himself as a cross between an ascetic monk and a beast of prey.”	Alekhine	Eliskases	Podebrady	1936	Alekhine – Eliskases, Podebrady 1936	284	284
362	priyome	academic	r1bqk2r/4bppp/p1n1pn2/1pp5/3P4/1BN1PN2/PP2QPPP/R1B2RK1 w kq - 0 1	white	dxc5 Qc7 Nd5 Nxd5 Bxd5 O-O e4 Bb7	d4c5 d8c7 c3d5 f6d5 b3d5 e8g8 e3e4 c8b7	10.dxc5! To push e3-e4-e5. 10.Rd1?! Qc7 11.d5?! does not yield anything: 11...exd5 12.Nxd5 Nxd5 13.Bxd5 0-0= 10...Bxc5?! Black should have kept the bishop on e7 to protect the g5-square. After 10...0-0 11.e4 Bb7² it’s possible to take back the pawn with ...Nd7xc5. 11.e4± Black is not in time to control the e5-square. (Given an extra tempo, ...Qc7 and ...Bd6 could be played.) Max Euwe “Alekhine can see five or six times as much as I can; but I have a plan, and that plan sometimes permits me to win.”	Euwe	Alekhine	Netherlands (5)	1937	Euwe – Alekhine, Netherlands (5) 1937	285	285
363	priyome	academic	r1bq1rk1/p3bppp/1pn1p3/3n4/2BP4/2N2N2/PP3PPP/R1BQR1K1 w - - 0 1	white	Nxd5 exd5 Bb5 f5 g4	c3d5 e6d5 c4b5 f7f5 g2g4	11.Nxd5 Otherwise Black would take on c3. 11...exd5 12.Bb5± Black would like to develop the light-squared bishop to f5 or g4, and keep the knight on c6. That’s not possible. Transforming an IQP position to a symmetrical pawn structure, while keeping the more active pieces, is a standard plan.	Botvinnik	Alekhine	Netherlands	1938	Botvinnik – Alekhine, Netherlands 1938	286	286
364	priyome	academic	r3r1k1/p2q1ppp/1p3n2/n2p4/P1pP4/2P1P1N1/1BQ2PPP/4RRK1 w - - 0 1	white	f3 Nb3 e4 Qxa4 Qf2	f2f3 a5b3 e3e4 d7a4 c2f2	18.f3 Preparing e3-e4 to use the pawn majority and the rooks. 18.e4? dxe4µ is positionally horrible for White, giving up the light squares. 18...Nb3 19.e4 Qxa4 19...dxe4 20.fxe4 Qxa4 allows, among others 21.Rxf6 gxf6 22.Qf2+– with a crushing attack. 20.e5 Black has an extra pawn, but can’t really defend against the galloping pawns. Botvinnik went on to win a game which deservedly became known as a classic. Mikhail Botvinnik “I claim that nothing else is so effective in encouraging the growth of chess strength as such independent analysis, both of the games of the great players and your own.”	Botvinnik	Capablanca	Netherlands	1938	Botvinnik – Capablanca, Netherlands 1938	286	286
365	priyome	academic	r1b1k2r/pp2nppp/2n1p3/q2pP3/2pP4/P1P2N2/2PQBPPP/R1B1K2R b KQkq - 0 1	black	Qa4	a5a4	10...Qa4!÷ The queen is normally not a good blockading piece, but stopping a3-a4 and Ba3 is essential. White can’t chase away the queen easily. Pogrebissky eventually did so with Ng5-h3-f2-d1- b2, by which time Botvinnik had castled long and taken over the kingside.	Pogrebissky	Botvinnik	Leningrad	1939	Pogrebissky – Botvinnik, Leningrad 1939	287	287
366	priyome	academic	r2q1rk1/pp1nbppp/2p2n2/3pp3/2PP2b1/1PN1PN2/PB2BPPP/R2Q1RK1 b - - 0 1	black	e4 Nd2 Ne5 cxd5 cxd5 Nb5 Bxe2 Qxe2 Re8 a3 Bb4	e5e4 f3d2 d7e5 c4d5 c6d5 c3b5 g4e2 d1e2 f8e8 a2a3 e7b4	10...e4! Simple reasoning: the pawn on e4 is strong. 10...exd4 11.Nxd4 Bxe2 12.Ncxe2 dxc4 may equalize, but Black can play for more. 10...Bxf3?! 11.Bxf3 e4 gains half a tempo compared to the game, but more important is that White keeps control over g4. 11.Nd2 11.Ne5 is more logical, exchanging the knight since White has less space. 11...Be6!³ (11...Bxe2 12.Qxe2 Bd6 13.cxd5 cxd5 14.Nb5!=) 11...Bxe2 11...Bf5³ is also reasonable. 12.Qxe2 Re8³ Black should be ready for f2-f3, while slowly arranging the pieces for an attack with moves like ...Nf8-g6, ...Qd7 and ...Bd8-c7. The game continued 12...Bb4 13.a3 Bxc3 14.Bxc3 Re8, when 15.Bb4! would have prepared to exchange the knight as soon as it goes to f8.	Bondarevsky	Botvinnik	Leningrad/Moscow	1941	Bondarevsky – Botvinnik, Leningrad/Moscow 1941	288	288
367	priyome	academic	r4rk1/2q2ppb/p4n2/n1b1pN2/Pp2P1P1/3B4/1P1NQP2/R1B1R1K1 w - - 0 1	white	Kg2 g5	g1g2 g7g5	22.Kg2!± The rook is transferred to the h-file, with a dangerous attack. 22.g5 was the game continuation, when Black should have played 22...Bxf5! 23.exf5 (in the event of 23.gxf6? Bg6 24.fxg7 Kxg7–+ it is Black who gets to exploit the open files on the kingside) 23...e4! 24.Nxe4 Nxe4 25.Bxe4 Qg3+© with sufficient counterplay.	Smyslov	Koenig	Radio	1946	Smyslov – Koenig, Radio 1946	289	289
368	priyome	academic	2r2rk1/p2b1pbp/1pnqp1p1/8/2RPP3/1B2B3/P2QNPPP/5RK1 w - - 0 1	white	e5 Na5 Nc3 f6 Ne4 fxe5 Bg5 Nxb3 axb3 Qa3 Nd6 Rc6 d5 Bf6 Be3	e4e5 c6a5 e2c3 f7f6 c3e4 f6e5 e3g5 a5b3 a2b3 d6a3 e4d6 c8c6 d4d5 g7f6 g5e3	18.e5! Planning to send the knight to e4, via c3 or g3. Something has to be done before the black knight heads towards c4. 18.Rfc1 Na5= 18...Qa3!² The queen cooperates with the knight (...Na5) to create counterplay. 18...Qe7 19.Nc3 Na5 (19...f6 20.Ne4 fxe5? 21.Bg5+–) 20.Rxc8 Rxc8 21.Ne4± It’s now too late for 21...Nxb3 22.axb3 Qa3 since the queen would have needed to be on b3 after: 23.Nd6 Rc6 24.d5+– In the game White opted to exchange the dark-squared bishops. An improvement is: 19.Ra4!? Qe7 20.Bg5 Provoking a weakening of Black’s pawn structure. 20...f6 21.exf6 Bxf6 22.Be3!? Na5 23.Rxa5 bxa5 24.Qxa5©	Tipary	Smyslov	Budapest	1949	Tipary – Smyslov, Budapest 1949	289	289
369	priyome	academic	2k3rr/ppqbnpp1/2n1p3/3pP2P/3P1B2/P2B3Q/2P1NP1P/R4R1K b - - 0 1	black	f6 Be3 Nf5 Rg1 g6 h6 g5 h7	f7f6 f4e3 e7f5 f1g1 g7g6 h5h6 g6g5 h6h7	16...f6! A tactical trick allows Black to play the favourite move in the French. 16...g5?! was the game. 17.Be3 Nf5 18.Rg1±; 16...g6? 17.h6 g5? tries to round up the h-pawn with ...Nf5 next, but 18.h7+– refutes Black’s scheme. 17.h6!÷ 17.exf6? e5 does not win a piece, but White’s kingside is in ruins after: 18.Qg2 exf4 19.fxe7 Rxh5–+	Dubinin	Petrosian	Gorky	1950	Dubinin – Petrosian, Gorky 1950	290	290
370	priyome	academic	r1b2rk1/1pp3bp/nn1q4/p2P1p2/4pP2/PPN1B1P1/4N1BP/R2Q1RK1 w - - 0 1	white	g4 Bd4 Ng3 Rd8	g3g4 g7d4 e2g3 f8d8	17.g4!+– Undermining the e4-pawn. White wants to continue with Bd4 and Ng3 (and maybe gxf5 in between), but should probably prepare with Kh1 first. 17.Rc1 gave Black time to attack the d-pawn with 17...Rd8 (which he didn’t do).	Smyslov	Suetin	Moscow	1950	Smyslov – Suetin, Moscow 1950	291	291
371	priyome	academic	r1bq1rk1/p2p1ppp/1pn1pn2/2p5/2PPP3/P1PB4/4NPPP/R1BQK2R b KQ - 0 1	black	Ne8 Bg5	f6e8 c1g5	9...Ne8 Retreating the knight avoids the pinning Bg5, while also preparing to answer f2-f4 with ...f7- f5. In the seventy-plus years that have passed since Petrosian’s game, ...Ne8 has become a standard resource in the Nimzo-Indian.	Mukhitdinov	Petrosian	Tashkent	1951	Mukhitdinov – Petrosian, Tashkent 1951	291	291
372	priyome	academic	rnb2rk1/pp2q1pp/2pbpn2/3p1p2/2PP4/2N1PP1N/PPQB2PP/2KR1B1R b - - 0 1	black	dxc4 Bxc4 Ne4	d5c4 f1c4 f6e4	9...dxc4! Before White threatens e4-e5. 10.Bxc4 10.e4 fxe4 11.Nxe4 (11.Bxc4 exf3³) 11...b5µ 10...b5³ Black continues with ...a7-a5, ...Na6 or ...e6-e5. Let’s not go into the details.	Bronstein	Botvinnik	Moscow (12)	1951	Bronstein – Botvinnik, Moscow (12) 1951	292	292
373	priyome	academic	r1bqnbk1/pp3r2/3p4/3Ppnpp/P1N2p2/BPNBP3/2Q2PPP/R3R1K1 b - - 0 1	black	f3 gxf3 g4 Ne4 Nh4	f4f3 g2f3 g5g4 c3e4 f5h4	19...f3! Better now than later, since Black’s next moves depend on White’s reaction. 20.gxf3 20.g3 is met by 20...g4 followed by ...h5-h4 and an invasion on the h-file. White has time to escape with the king, but is clearly on the defensive. 20.Ne4 g4‚ 20...Nh4 21.Nd2 Bh3!‚ Followed by ...Qd7, when the queen joins the attack. Vasily Smyslov “No fantasy, however rich, no technique, however masterly, no penetration into the psychology of the opponent, however deep, can make a chess game a work of art, if these qualities do not lead to the main goal: the search for truth.”	Tolush	Smyslov	Bucharest	1953	Tolush – Smyslov, Bucharest 1953	292	292
374	priyome	academic	r2r2k1/pp1nbppp/4pnb1/2p4q/P2PPB2/2NB1N2/1P2QPPP/R4RK1 w - - 0 1	white	d5 exd5 e5	d4d5 e6d5 e4e5	16.d5! exd5 17.e5!± The knight is forced to retreat, after which White will recapture on d5 with a dominant position. Playing d4-d5 before e4-e5 deprives Black of the d5-square.	Szabo	Smyslov	Zurich	1953	Szabo – Smyslov, Zurich 1953	293	293
375	priyome	academic	r2qk1nr/pb2ppbp/1pnp2p1/2p5/4PP2/2NP2P1/PPP1N1BP/R1BQ1RK1 b kq - 0 1	black	f5 Nd4 Qd7 h3	f7f5 e2d4 d8d7 h2h3	8...f5! Black strikes first in the centre – before White has developed the bishop to e3, which would threaten d3-d4. 8...Nd4 9.f5² 9.Be3 The game was a rumble: 9.g4 fxg4 10.f5 Qd7 11.Nf4 gxf5–+ 9...Nf6 10.h3 Preventing ...Ng4. 10...Qd7³ Black should be happy to have gained some space with the pawn on f5.	Smyslov	Botvinnik	Moscow (13)	1954	Smyslov – Botvinnik, Moscow (13) 1954	294	294
376	priyome	academic	4rbk1/1p2q2p/rnp1b1p1/2p1Pp2/2P2P2/1PNRB1PP/5QB1/3R2K1 w - - 0 1	white	g4 Rea8 Ne4	g3g4 e8a8 c3e4	23.g4! White could have built up slowly but, since it’s possible to use the pawn majority immediately, the text move is the most logical option. 23...Rea8 23...fxg4 24.Ne4+– is the tactical justification. 24.gxf5 gxf5 24...Bxf5 25.Ne4 threatens to invade with the knight, and exchanging off the f5-bishop will lead to the destruction of Black’s kingside. 25.Kh2+– Count White’s and Black’s pieces on the kingside!	Botvinnik	Smyslov	Moscow (24)	1954	Botvinnik – Smyslov, Moscow (24) 1954	294	294
377	priyome	academic	r1br2k1/ppq2ppp/2n2n2/2p1p3/3P4/P1P1PN2/1BQ1BPPP/R3K2R w KQ - 0 1	white	dxe5 Nxe5 c4	d4e5 c6e5 c3c4	13.dxe5 Avoiding ...e5-e4. 13...Nxe5 14.c4² The ideal way to activate the b2-bishop. 14.Nxe5?! would activate Black’s queen.	Botvinnik	Furman	Moscow	1955	Botvinnik – Furman, Moscow 1955	295	295
378	priyome	academic	r1bqnrk1/pp1n2bp/3p2p1/3Ppp2/4P3/2N1BP1P/PP1QN1P1/R3KB1R w KQ - 0 1	white	exf5 Qh4+	e4f5 d8h4	12.exf5! 12.g3?! was played. 12.g4 runs into 12...fxg4 13.fxg4 Qh4+ and the king has to move. 12.0- 0-0 Qa5„ Black follows up with ...b7-b5. 12...gxf5 13.g4² White fights for the e4-square, while gaining space on the kingside. The king is likely to seek shelter on the queenside.	Smyslov	Geller	Moscow	1955	Smyslov – Geller, Moscow 1955	296	296
379	priyome	academic	r3k2r/p2pqppp/bp3n2/n1pPp3/2P1P3/P1PB1N2/5PPP/R1BQ1RK1 w kq - 0 1	white	Nh4 h6 d6 g6 f4 exf4 Rxf4 Nh5 Nf5	f3h4 h7h6 d5d6 g7g6 f2f4 e5f4 f1f4 f6h5 h4f5	12.Nh4! There is no need to spend a tempo defending the c-pawn. 12.Bg5 is not a problem for Black: 12...h6 13.Bh4 g5 14.Bg3 d6µ; 12.Nd2 d6= 12...g6 13.f4! Attacking the newly weakened knight on f6. Black can’t defend properly, for instance: 13...exf4 13...Nxe4 wins a pawn, but there is 14.fxe5 Qxh4 15.Rf4 Nxc3 16.Qd2+– when the e5-pawn is positionally decisive. 14.e5! Nh5 15.Nf5+– White’s powerful central pawns decide.	Petrosian	Benko	Budapest	1955	Petrosian – Benko, Budapest 1955	296	296
380	priyome	academic	r2q1rk1/1bpn1ppp/pp3n2/3p4/1b1P4/2NBPN2/PP1B1PPP/2RQ1RK1 w - - 0 1	white	Ne5 Bd6 b4 Qe7 Qb3 Ne4 f4 a5 Na4 Bxb4 Nc5 bxc5	f3e5 b4d6 b2b4 d8e7 d1b3 f6e4 f2f4 a6a5 c3a4 d6b4 a4c5 b6c5	11.Ne5! On the next move, it would have been too late. 11.Ne2 tries to exchange the passive bishop on d2, but in vain. 11...Bd6! White will not have any fruitful pressure along the c-file, for instance: 12.Ng3 g6 13.b4 Qe7 14.Qb3 Ne4³ 11...Nxe5 This is the only critical reply. 11...Bd6 12.f4² gave White a pleasant edge in the game. 12.dxe5 Nd7 13.f4 White is ready to attack, but Black can create some counterplay. 13...Nc5 14.Bc2 d4! 15.Na4! a5! After 15...Bxd2 16.Qxd2 Nxa4 17.Bxa4 dxe3 18.Qxe3+– White’s pawn majority and rooks are crushing. 16.Bxb4 axb4 17.Nxc5 bxc5² Material will be equal, with slightly weak black pawns. You don’t need to have seen this far to have decided on 11.Ne5 – it was the only move not to leave White in a passive position.	Smyslov	Bisguier	Moscow	1955	Smyslov – Bisguier, Moscow 1955	297	297
381	priyome	academic	2rr2k1/2q1bppp/p2pbn2/1p1N4/3QP3/1B2B3/PPP3PP/3R1R1K b - - 0 1	black	Bxd5 exd5 Nxd5 Qxd5 Qc4	e6d5 e4d5 f6d5 d4d5 c7c4	16...Bxd5! 16...Nxd5 17.exd5 Bd7 18.Qf4² White is ready to meet ...Bf6 with Bd4. 17.exd5 17.Bxd5! offers the c2-pawn to avoid being left with a bad light-squared bishop. 17...Nxd5 (17...Qxc2 18.Bb3©) 18.Qxd5 Qc4= Both sides have weaknesses and the chances are balanced. 17...Nd7³ A standard dark-square strategy. Mikhail Tal “I’d like to always be romantic in chess. Sadly, it doesn’t always work like that.”	Khasin	Tal	Leningrad	1956	Khasin – Tal, Leningrad 1956	298	298
382	priyome	academic	r2qk2r/p1n2pbp/1p1p1np1/1bpPp1B1/P1P1P3/8/1P1NBPPP/R2QK2R w KQkq - 0 1	white	cxb5 O-O b4	c4b5 e8g8 b2b4	12.cxb5! Getting the c4-square for the knight. 12...0-0 13.b4!?± Taking the pawn would give the rook immediate access to c6; otherwise White continues to put pressure on the queenside with bxc5 and/or a4-a5.	Petrosian	Pilnik	Amsterdam	1956	Petrosian – Pilnik, Amsterdam 1956	299	299
383	priyome	academic	r2r2k1/1b2bpp1/1qp1pn1p/p1np1b2/2P5/PPBP1NP1/1Q1NPPBP/R4RK1 w - - 0 1	white	Bd4 dxc4 b4 Ncd7 dxc4	c3d4 d5c4 b3b4 c5d7 d3c4	14.Bd4! Threatening b3-b4, forcing Black to retreat. 14...dxc4 A concession; White’s first move has thus achieved something. 14...Qc7 15.b4 Ncd7² 15.dxc4!?² Also possible is: 15.Nxc4!? Qxb3 16.Qc1±; 15.b4 cxd3!© is not so clear though.	Smyslov	Djurasevic	Belgrade	1956	Smyslov – Djurasevic, Belgrade 1956	299	299
384	priyome	academic	r1bq1rk1/pp2ppbp/3p2p1/8/2PBP1n1/2N5/PP1QBPPP/R3K2R b KQ - 0 1	black	Bh6 e5 Nxe5 Bxa7 Be6 b3 Nc6 Be3 Bxe3	g7h6 e4e5 g4e5 d4a7 c8e6 b2b3 e5c6 a7e3 h6e3	11...Bh6 Playing actively to avoid White’s normal plus (which is bearable for those choosing to play the Maroczy with Black). You don’t need to have calculated any of the lines that follow. 11...e5² forces the elimination of White’s dark-squared bishop, but the d5-square and backward d6-pawn are more important factors. 12.Qd1 Ne5 Threatening ...Nc6, trapping the bishop. 12...e5? 13.Bxa7!± 13.Nd5 13.f3 is met by 13...Be6, and if 14.b3? Nc6 15.Bf2 Qa5 Black wins material. 13...e6 14.Be3! 14.Ne3 was the game, when 14...Qh4! would have made it impossible for White to defend the e- pawn in a good way. 14...Bxe3 15.Nxe3 Qa5+ White has to make a concession. With the queens exchanged, Black can defend the d6-pawn with the king. Still, White’s position is slightly easier to play.	Tal	Gurgenidze	Tbilisi	1959	Tal – Gurgenidze, Tbilisi 1959	300	300
385	priyome	academic	r1b1k2r/1p2bpp1/p2ppn1p/q3n3/3NP2B/1BN5/PPPQ1PPP/4RRK1 b kq - 0 1	black	g5 Bg3 Nh5 f4 Bd7	g7g5 h4g3 f6h5 f2f4 c8d7	12...g5! 12...Ng6 13.Bg3 Nh5 14.f4² 13.Bg3 Nh5!µ Black will remove the bishop when appropriate. Tal’s 13...Bd7 allowed the bishop to escape.	Nikitin	Tal	Tbilisi	1959	Nikitin – Tal, Tbilisi 1959	301	301
386	priyome	academic	r2qrbk1/1p1n1ppp/p1pp1n2/8/2PBPP2/2N2Q2/PP1N2PP/3R1RK1 w - - 0 1	white	g4 c5 Bxc5 dxc5 e5 Nd5 Nde4 Qb6 Nxc5 g6 Kh1 Rxe5	g2g4 c6c5 d4c5 d6c5 e4e5 f6d5 d2e4 d8b6 e4c5 g7g6 g1h1 e8e5	15.g4 With the black bishop being passively placed on f8, White is not worried about weakening the king. 15.c5 sacrifices a pawn to achieve e4-e5, with decent but not overwhelming compensation. 15...Nxc5 16.Bxc5 dxc5 17.e5 Nd5 18.Nde4 Qb6÷ 15...Nc5?! 15...g6 was a better defence. White would like to open the f-file with 16.e5? dxe5 17.fxe5, but 17...c5! 18.Be3 Nxe5 19.Qxf6 Qxf6 20.Rxf6 Nxg4 saves Black. For that reason 16.Kh1!? gives the bishop an escape square on g1. A possible line: 16...b5?! 17.e5! c5 18.Bg1 dxe5 19.fxe5 Rxe5 20.Nde4+– 16.Bxc5 dxc5 17.e5+– The pawn majority is running over Black. Tigran Petrosian “Chess is a game by its form, an art by its content and a science by the difficulty of gaining mastery in it. Chess can convey as much happiness as a good book or work of music can.”	Petrosian	Larsen	Copenhagen	1960	Petrosian – Larsen, Copenhagen 1960	301	301
387	priyome	academic	r2qk2r/2nbppbp/p2p1np1/1ppP4/P1N1P3/2N5/1PP1BPPP/R1BQ1RK1 w kq - 0 1	white	e5 bxc4 exf6 Bxf6 Bxc4 Rb8 b4 Ra8	e4e5 b5c4 e5f6 g7f6 e2c4 a8b8 b2b4 b8a8	11.e5! Making use of the knight before it has to move. 11.axb5? axb5 12.Rxa8 Qxa8 13.e5 is not as strong due to 13...bxc4 14.exf6 Bxf6 15.Bxc4³ when Black benefits from the removal of the a-pawns. If 11.Nb6?! Rb8 (11...b4!? is also an option) 12.Nxd7 Qxd7 Black’s initiative on the queenside more than compensates for the bishop pair. 11...dxe5 11...bxc4 12.exf6 Bxf6 13.Bxc4² With the a-pawns on the board, the black knight is a passive piece. 12.axb5! But not 12.Nxe5? b4 and Black wins a pawn. 12...axb5 13.Rxa8 Qxa8 14.Nxe5 b4 14...Nfxd5 15.Nxd7 Bxc3! 16.Nxc5² White stands better due to the bishop pair. 15.d6!² A nice detail, but not a move you need to see before deciding on 11.e5.	Botvinnik	Schmid	Leipzig (Ol)	1960	Botvinnik – Schmid, Leipzig (Ol) 1960	302	302
388	priyome	academic	1rb1r1k1/2qn1pbp/3p2p1/1pnP4/2p1PP2/2N1B1NP/1PB2QP1/R4RK1 w - - 0 1	white	e5 dxe5 f5 Bb7 f6 Nxf6	e4e5 d6e5 f4f5 c8b7 f5f6 d7f6	19.e5! dxe5 20.f5 The pawn sacrifice has deprived Black of the e5-square (compared to f4-f5 immediately), while giving White the e4-square. 20...Bb7 20...Rf8 defends f7, but 21.f6 wins a piece since the knight on d7 is overloaded. (White is also winning after a normal move like 21.Nge4.) 21.Rad1 White has a decisive positional advantage. There was an immediate win: 21.fxg6 fxg6 22.Bxg6! hxg6 23.Qf7+ Kh7 24.Nh5! gxh5 (24...Rg8 25.Nf6++–) 25.Rf5+–	Penrose	Tal	Leipzig (Ol)	1960	Penrose – Tal, Leipzig (Ol) 1960	303	303
389	priyome	academic	r2q1rk1/pppb1ppp/3b1nn1/3Pp1N1/1PB5/P1N1P2P/1B3PP1/R2QK2R w KQ - 0 1	white	Ne6 Qe7	g5e6 d8e7	14.Ne6! After 14.Qc2 Qe7 it’s too late to jump to e6. Black is okay with ...a7-a5 next. 14...fxe6 15.dxe6 Kh8 16.exd7² A standard sequence, eliminating the light-squared bishop for a knight, while also damaging Black’s structure.	Botvinnik	Tal	Moscow (3)	1961	Botvinnik – Tal, Moscow (3) 1961	303	303
390	priyome	academic	2r1nrk1/pb1nbppp/1q2p3/1pppP3/2PP4/1P3NP1/PBQN1PBP/R4RK1 w - - 0 1	white	b4 cxb4 c5 Qc7 Qd3 a5 Bh3 Qc6 Nb3	b3b4 c5b4 c4c5 b6c7 c2d3 a7a5 g2h3 c7c6 d2b3	14.b4! White gets a pawn to c5 regardless of Black’s answer. The problem of the black rook pointing towards the white queen is thus solved. 14...cxb4 14...bxc4 15.bxc5² 15.c5 Qc7 16.Qd3 Avoiding ...Nb6-c4. White can’t win back the pawn on the queenside, and instead focuses on the kingside with Rfe1, Nf1-e3, h2-h4 and further knight jumps. 16...a5 16...f6?! is met by 17.exf6 Bxf6 18.Bh3 Qc6 19.Nb3 with the nasty threat of Na5. 17.Rfe1! Preventing ...f7-f6 and intending to build up on the kingside.	Botvinnik	Bisguier	Hastings	1962	Botvinnik – Bisguier, Hastings 1962	304	304
391	priyome	academic	r2q1rk1/4bppp/p2p1n2/npp5/3PP1b1/1P3N2/P1B2PPP/RNBQR1K1 w - - 0 1	white	d5 Nc6 Nbd2 Nd7 b4 Bf6 e5 c4 h3 Bxf3 g4 Qc7	d4d5 a5c6 b1d2 f6d7 b3b4 e7f6 e4e5 c5c4 h2h3 g4f3 g2g4 d8c7	A reason why White can exert pressure in the Ruy Lopez is that Black’s knight on c6 blocks the pawn on c7. To release the tension against the knight, Black often chases the bishop on b5 with ...a7-a6 and ...b7-b5 (before White is ready to take on c6). If Black can follow up with ...c7-c5, the queenside expansion can be a strength; otherwise it may be a weakness which White can exploit by a2-a4. Thus, after ...a7-a6 and ...b7-b5, the knight on c6 must move. Redeveloping with ...Nb8-d7 is one way, but to avoid losing time Black usually choses ...Na5, hitting the bishop on b3. That is what we have here – but this is an unusual version with Black’s bishop on g4. (Normally White prevents it with h2-h3.) 15.d5! The knight is out of play on a5 and White has scored tremendously at the top level. Black’s best hope is to achieve ...c5-c4, but what then? ...c4-c3 followed by ...Nb7-c5 takes too many moves, giving White time to occupy the weak d4-square with a knight. (White can afford h2-h3 and g2-g4 to break the pin.) A few more moves of the game will clarify. 15.Bb2 Nc6! is the dream for Black’s knight, putting pressure on d4 and threatening ...Nb4xc2, as played in Capablanca – Bogoljubow, London 1922. 15.Nbd2 is met in the same way. 15.e5 achieves nothing after the tactical trick: 15...dxe5 16.dxe5 Qxd1 17.Rxd1 Nc6!= 15...Nd7 The temporary piece sacrifice 15...Nxe4 16.Rxe4 Bxf3 17.Qxf3 Bf6 18.Nc3 b4 19.Bb2 bxc3 20.Bxc3 Bxc3 21.Qxc3± only reinforces Black’s problem with the knight on the rim. 15...Nxd5? does not work: 16.Qxd5 Bf6 17.e5+– 16.Nbd2 Bf6 17.Rb1 c4 17...Ne5 was played in Tal – Gligoric, Belgrade (7) 1968. 18.h3 There is no need to play 18.b4 because ...cxb3 isn’t a threat. 18...Bxf3 18...Bh5 is met by 19.g4 Bg6 20.Nf1± with Ng3 and Kg2 coming. 19.Nxf3 cxb3 20.axb3 Qc7 21.Be3² Black’s temporary initiative is fading, and White is soon ready to (slowly) go for the king, still with the knight on a5 far away.	Fischer	Korchnoi	Stockholm	1962	Fischer – Korchnoi, Stockholm 1962	305	305
392	priyome	academic	rnb2rk1/p1p1qpp1/1p5p/3p4/3P4/4PN2/PP2BPPP/R2QK2R b KQ - 0 1	black	Be6 g4 f5 e4 c5 dxc5 bxc5	c8e6 g2g4 f7f5 e3e4 c7c5 d4c5 b6c5	11...Be6! When White has exchanged on d5, the bishop belongs on e6. Black normally continues with ...c7-c5, ...Nd7 and ...Rfc8. The bishop may later continue to g4 or f5, where it controls the centre (e4) and the b-file (b1). The engines consider 11...Bb7 to be of equal strength, but the verdict of decades of grandmaster practice is unquestionable. Black’s main plan is to play for hanging pawns with ...c7-c5, dxc5 and ...bxc5, which opens the b-file. On b7, the bishop would stop ...Qb7 and make ...Rab8 less effective. To hide the bishop on a8 is not ideal either. It costs time but it also deprives Black’s rook of the a8-square in case White plays b2-b3 and after ...a5-a4 continues with bxa4. 11...c5?! 12.dxc5± and Black can’t take with the pawn. 11...Qb4+?! 12.Qd2 An exchange on d2 helps White to develop and get the rooks to the c- and d-files. 12.0-0 c5 13.dxc5 bxc5„ By the way, if White didn’t exchange on d5, Black would have placed the bishop on b7. In that case, in the event of a subsequent cxd5, Black almost always recaptures with a piece rather than the e6-pawn, to avoid restricting the bishop.	Bertok	Fischer	Stockholm	1962	Bertok – Fischer, Stockholm 1962	306	306
393	priyome	academic	r1bq1rk1/p3npbp/1pnp2p1/2p1p3/1P2PP2/P1PP2P1/4N1BP/RNBQ1RK1 b - - 0 1	black	exf4 b5 Na5 e5 f5 Bxa8 dxe5 d4	e5f4 b4b5 c6a5 e4e5 f7f5 g2a8 d6e5 d3d4	10...exf4! White threatened 11.f5±, smothering Black’s kingside and being ready to continue with the g-pawn. The tactical point is that 11...gxf5? 12.exf5 Bxf5 13.Bxc6 costs Black a piece. There are other ways to stop White’s threat. 10...d5?! is a thematic move for these positions. It shields the c6- knight and thus stops White from pushing the f-pawn. The drawback is that 11.b5! forces the knight to an unfavourable square. 11...Na5 White takes on d5 or e5 and the game goes on, but Black can do better than this. 10...f5 is another option, when 11.fxe5!? exchanges the same pawns as in the game, but under slightly different conditions. Normally it’s better to allow the opponent to release the tension by exchanging, since it helps your development, but the problem for Black here is that every recapture has a disadvantage. (11.exf5? Bxf5 12.b5 wins material but after 12...Na5 13.Bxa8 Qxa8 Black is positionally winning! After weakening the kingside with g2-g3, f2-f4 and e4xf5, White’s light-squared bishop should not be ‘sacrificed’ for a mere rook.) 11...dxe5 The g7-bishop is restricted. Black still has a good position, but the game continuation is more logical. (11...Nxe5 allows 12.d4; 11...Bxe5 allows 12.Bh6.) 11.gxf4 11.Nxf4 offers to sacrifice a pawn on the queenside, but I would decline it in favour of 11...Ne5!³ with ideas of ...Bg4 and possibly the unusual ...Qc8-a6 manoeuvre. Black’s pieces are more active. 11.Bxf4 d5 is also pleasant for Black, whose pawn on c5 is controlling more important squares than the pawn on c3. (Well, they are controlling exactly the same squares! But as they are on White’s side of the board, Black controls more space.) 11...d5!µ 11...cxb4? is well met by: 12.f5ƒ; 11...f5?!÷ is playable but less accurate than the main line. After the text move, play could continue: 12.e5 Nf5 13.d4 Nh4 Threatening to take on g2. Bobby Fischer “I don’t recommend trying to cram a lot of long opening-move variations into your head. The main idea behind any opening is to get a strong pawn centre and give your pieces a lot of scope so that you cramp your opponent’s position and can attack weaknesses in his game.”	Keres	Fischer	Curacao	1962	Keres – Fischer, Curacao 1962	307	307
394	priyome	academic	rnb1r1k1/pp3p2/2p2qpp/3p4/3P4/P1Q1PPN1/1P4PP/R3KB1R b KQ - 0 1	black	h5 Kf2 Qxd4 Be2 h4	h6h5 e1f2 f6d4 f1e2 h5h4	13...h5! Harassing the knight. It’s possible to delay the move, but doing so would unnecessarily give White more options, like Nh1-f2. 13...c5 does not yield an initiative after: 14.Kf2! Not a bad square for the king. 14...cxd4 (14...c4 15.b3² Black has to capture.) 15.Qxd4= 14.Be2 14.h4³ is not a fun move to play, as the rook needs to stay on h1 to keep the pawn protected. 14...h4µ Black continues to develop. Mikhail Botvinnik “If Tal sacrifices a piece, take it. If Petrosian sacrifices a piece, don’t take it.”	Petrosian	Botvinnik	Moscow (1)	1963	Petrosian – Botvinnik, Moscow (1) 1963	308	308
395	priyome	academic	r1bqk2r/pp2bppp/2n1pn2/2Pp4/3P4/P1N2N2/1P3PPP/R1BQKB1R w KQkq - 0 1	white	Qc2 b5 b4 e5 Nxe5 Nxe5 dxe5 d4	d1c2 b7b5 b2b4 e6e5 f3e5 c6e5 d4e5 d5d4	In Exercise 73 we saw that 8.c5! was a good option for White. Now your task is to determine the best reply for Black8...Ne4 Black has less space and is happy to exchange a piece, while leaving the f6- square empty. That’s good since: a) in case of ...e6-e5, White doesn’t capture with a threat; b) ...Bf6 is possible; c) ...f7-f6 can prepare ...e6-e5 (though this is not common) 9.Qc2 White doesn’t want to recapture with b2xc3; the b-pawn should reach b5! (Kasparov didn’t agree in a similar position though.) 9...Nxc3 9...e5? loses a pawn. 10.Qxc3 0-0 Black should be able to find sufficient counterplay. For example: 11.b4 11.Bb5 e5!? 12.Bxc6 exd4 13.Nxd4 bxc6 14.Nxc6 d4! 15.Nxd4 Qd5© also gives Black nice activity. 11...e5! 11...a6 was a bit too passive in the game, although Olafsson went on to draw. 12.Nxe5 Nxe5 13.dxe5 d4 Black has enough activity, with ...a7-a5 the likely follow-up.	Petrosian	Olafsson	Los Angeles	1963	Petrosian – Olafsson, Los Angeles 1963	309	309
396	priyome	academic	r2r2k1/1b1nqp1p/1pp2bp1/p2p4/1P1P4/P1N1PN2/4BPPP/1QRR2K1 b - - 0 1	black	b5 bxa5	b6b5 b4a5	16...b5! Preventing b4-b5, as well as White’s other thematic idea of bxa5 followed by a2-a4. Now Black intends ...Nb6, aiming at the c4-outpost. Later ...Bg7-f8 might attack the b4-pawn. Black has the more comfortable game, although White might be able to hold the balance by preparing e3-e4. 16...axb4 17.axb4 b5 is playable but slightly less flexible.	Benko	Petrosian	Los Angeles	1963	Benko – Petrosian, Los Angeles 1963	310	310
397	priyome	academic	r2qr1k1/3n1p1p/p1pb2p1/Pp1p4/1P1P4/1Q2PN2/5PPP/R1N2RK1 b - - 0 1	black	g5	g6g5	18...g5! Black has a weak pawn on c6, but it’s hard for White to pick it up. In the meantime Black plays for an attack, with ...g5-g4 and ...Re6 likely to be the next moves. White might be objectively slightly better in a double-edged position. Boris Spassky “I try to help develop junior chess. When I lived in the USSR, I got a lot of free help from very good coaches – now I am trying to repay that debt.”	Polugaevsky	Spassky	Leningrad	1963	Polugaevsky – Spassky, Leningrad 1963	310	310
398	priyome	academic	r2q1rk1/ppp2pbp/2n2np1/4p3/4PP2/2NBBQ1P/PPP3P1/R3K2R w KQ - 0 1	white	f5 gxf5 Qf2 Nd4	f4f5 g6f5 f3f2 c6d4	There is trade-off in this position. White has the bishop pair and space on the kingside, while Black has a strong square on d4 for his knight. 11.f5! Planning g2-g4-g5. Allowing Black to activate his fianchettoed bishop with ...exf4 would be a mistake. 11.g3² is a reasonable move, but not the best. 11...gxf5 11...Nd4 12.Qf2 gxf5 13.exf5 and White continues with 0-0-0 and g2-g4, as seen in Bednarski – Kraidman, Tel Aviv (ol) 1964. 12.Qxf5 12.exf5 is what White wants to play, but it allows Black to sacrifice a pawn with 12...e4!, leading to compensation consisting of counterplay along the e-file and the long diagonal. 12...Nd4 13.Qf2 White is better due to the semi-open f-file and plans to kick away the knight from d4 quite soon. Fischer castled short, but hiding the king on the other wing is also possible. In My 60 Memorable Games, Fischer mentioned that 13.Qxe5! Ng4 14.Qxg7+ Kxg7 15.hxg4 Nc6 is tempting but that Black’s defence is “hard to crack.”	Fischer	Benko	New York	1963	Fischer – Benko, New York 1963	311	311
399	priyome	academic	r1bq1rk1/pp2bpp1/2n1p2p/2Pp4/3PnB2/2N2N2/PP3PPP/2RQKB1R w K - 0 1	white	Bb5 Bd7 Be3 f5 Bxc6 bxc6 h4 f4 Bd2 Qa5 O-O Nxc3 Rxc3 Qxa2 Ne5 Be8 Re1	f1b5 c8d7 f4e3 f7f5 b5c6 b7c6 h2h4 f5f4 e3d2 d8a5 e1g1 e4c3 c1c3 a5a2 f3e5 d7e8 f1e1	11.Bb5! Making it harder for Black to achieve ...e6-e5. 11...Bd7 Without the bishop on b5, Black could have played 11...g5 12.Be3 f5, but not when White has: 13.Bxc6! bxc6 14.h4 f4 15.Bd2 g4? 16.Ne5+–; Black needs to have the option of ...Nxe5 to make this type of continuation possible. 11...Qa5? goes for the a2-pawn – unsurprisingly not a good decision. 12.Bxc6 bxc6 13.0-0 Nxc3? 14.Rxc3 Qxa2 15.Ne5+– The rook joins the attack. 12.0-0² White will soon capture on c6. A sample line: 12...b6 13.Bxc6 Bxc6 14.Ne5 Be8!² After 14...Nxc3? 15.Rxc3 Bb5 16.Re1 bxc5 17.Bxh6! the attack is decisive, but this is not really a part of the exercise.	Petrosian	Bronstein	USSR	1967	Petrosian – Bronstein, USSR 1967	312	312
400	priyome	academic	rq2k2r/3bbpp1/2nNpn1p/8/4PPP1/2N1B2P/PPPQ4/2KR3R b kq - 0 1	black	Kf8 g5 e5 Nd5 Nxd5 Kb1 Qxd6	e8f8 g4g5 e6e5 c3d5 f6d5 c1b1 b8d6	White has executed a standard sacrifice in the Sicilian with Bxb5, getting three pawns for a piece. 15...Kf8! With an extra piece, Black wants to play for an attack with the queens on the board. The rook on h8 gets stuck for the moment, and before moving the queen Black needs to make sure that White doesn’t have anything concrete. Tal got a reasonable position after 15...Bxd6 16.Qxd6 Qxd6 17.Rxd6 Na5!² but, since the pawns are best in the endgame, it’s logical for Black to keep the queens. 16.g5 This is the critical continuation. 16.e5?! must also be checked, but 16...Nd5! 17.Nxd5 Rxa2!–+ does the trick16...hxg5 17.fxg5 Nh5 17...Nb4!? 18.gxf6 Bxf6 is the solution proposed by Swedish youngsters who tried to play in the style of Tal. They did it even better than the wizard himself. 19.Kb1 Nxa2 20.Bd4 Qxd6= 18.Nxf7 Kxf7 19.Qxd7 Qc8÷ The queen exchange is more palatable now that Black’s king is exposed and White kingside pawn structure has been compromised.	Suetin	Tal	Budva	1967	Suetin – Tal, Budva 1967	312	312
401	priyome	academic	r1bq1rk1/3nbppp/2n1p3/2ppP3/pp3B1P/3P1NP1/PPP2PB1/R2QRNK1 w - - 0 1	white	a3 b3 c3 c4	a2a3 b4b3 c2c3 c5c4	13.a3!÷ A move that soon became standard for these positions. Fischer breaks the principle of avoiding moving pawns on the wing where you are weaker, because in this particular case a2-a3 actually makes it harder for Black to make progress. After 13.N1h2 a3 14.b3 Black can proceed with 14...Na7 intending to send the knight towards c3, possibly followed by a timely ...c5-c4. 13.c4!? stops Black from gaining as much space, but allows the queenside to be opened. Bobby Fischer “Chess is a matter of delicate judgement, knowing when to punch and how to duck.”	Fischer	Myagmarsuren	Sousse	1967	Fischer – Myagmarsuren, Sousse 1967	314	314
402	priyome	academic	rnb1k1nr/p1q2ppp/1p2p3/2ppP3/3P4/P1P2N2/2P2PPP/R1BQKB1R w KQkq - 0 1	white	a4 Bd7 Bb5 Ne7 a5 Bxb5 Qe2 cxd4 O-O	a3a4 c8d7 f1b5 g8e7 a4a5 d7b5 d1e2 c5d4 e1g1	8.a4 Simply preparing to make use of the a-file. At the same time, it’s good to make a useful move while waiting for ...Ba6. 8.Bb5+ Bd7 9.a4 is another standard way of playing. 9...Bxb5 10.axb5² White plays against a backward a-pawn or a b-pawn (in case of ...a7-a6). But it’s a long way from getting anything concrete; and given that Black can aim for counterplay along the c-file at some point, I think White can do better than the axb5 structure. 8...Ba6 8...Ne7 9.a5² 9.Bxa6 9.Bb5+ Bxb5 10.axb5 transposes to the note to White’s previous move. 9...Nxa6 10.Qe2 Stopping ...b6-b5 before pushing the a-pawn. 10.Qd3 would have been a more active square, and a better move since Black doesn’t want to close the queenside with ...c5-c4 with the bishop poised to go to a3. 10...Nb8 11.a5² Despite the minor inaccuracy on the previous move, Tal kept a slight plus. Notice that 11...cxd4? would be ill-advised, since 12.0-0 gives White a great initiative. Mikhail Tal “As long as my opponent has not yet castled, on each move I seek a pretext for an offensive. Even when I realize that the king is not in danger.”	Tal	Donner	Wijk aan Zee	1968	Tal – Donner, Wijk aan Zee 1968	315	315
403	priyome	academic	1qrr2k1/p3bppp/bpn1pn2/6B1/3P4/P1N2N2/1P1Q1PPP/1B1RR1K1 w - - 0 1	white	Qc2 g6 Ba2 h6 h3 hxg5 Qxg6+ Kh8 Qh6+ Kg8 Nxg5 Rf8 Re4	d2c2 g7g6 b1a2 h7h6 h2h3 h6g5 c2g6 g8h8 g6h6 h8g8 f3g5 d8f8 e1e4	17.Qc2! Forcing a weakness. 17...g6 18.Ba2! There was no more to gain on the b1-h7 diagonal. Black has no defence against d4-d5. The game ended in just five more moves: 18...h6 18...Nxd4 is a tactical try that doesn’t quite work: 19.Rxd4 Rxd4 20.Nxd4 Ng4 21.Nf3! Bxg5 22.h3+– 19.Bxe6! The most stylish, although 19.Bxh6 also wins easily enough. 19...hxg5 20.Qxg6+ Kh8 21.Qh6+ Kg8 22.Nxg5 Rf8 23.Re4 1–0	Tal	Chikovani	Gori	1968	Tal – Chikovani, Gori 1968	316	316
404	priyome	academic	r1r3k1/4ppbp/p2pbnp1/qp6/2P1PP2/1PN1B3/P2QB1PP/2R2RK1 w - - 0 1	white	f5 Bd7 fxg6 Rab8 c5 b4 Bf4 Rb6 e5	f4f5 e6d7 f5g6 a8b8 c4c5 b5b4 e3f4 b8b6 e4e5	15.f5 Chasing back the bishop is the only convenient way to defend the c4-pawn. 15...Bd7 White should continue to play actively. Spassky chose: 16.fxg6 16.Bf3 Rab8 17.c5 is Stockfish’s preference, with the following line: 17...b4 18.Ne2 gxf5 19.exf5 dxc5 20.Bf4 Rb6 21.Ng3© 16...hxg6 17.e5 b4=	Spassky	Panno	Palma de Mallorca	1969	Spassky – Panno, Palma de Mallorca 1969	316	316
405	priyome	academic	2rq1rk1/pb3ppp/1p2p3/n7/3PP3/3B1N2/P2Q1PPP/3RR1K1 w - - 0 1	white	d5 exd5 e5 d4 Qf4 h5 g4 Rc4 Rb1	d4d5 e6d5 e4e5 d5d4 d2f4 h7h5 g2g4 c8c4 d1b1	16.d5! exd5 It doesn’t really help Black to delay the capture. For example, after 16...Rc5 White can choose between exchanging on e6 or playing some other useful move. 17.e5! At the cost of a pawn, White has blocked the b7-bishop and created an outpost on d4, which the knight might use as a springboard to get to f5. Moreover, the b1-h7 diagonal has been opened for the d3-bishop, and the black queen is unable to aid the defence from f6. Let’s see how Polugaevsky brilliantly exploited these factors in the next phase of the game. 17...Nc4 18.Qf4 Nb2 19.Bxh7+! Kxh7 20.Ng5+ Kg6 21.h4!! Threatening 22.h5+ Kxh5 23.g4+ followed by either winning the black queen or forcing checkmate. 21...Rc4 21...f5 22.Rd4! renews the threat. 21...Qe7 prepares ...Kh6 without a decisive discovered knight check, but 22.Rb1 Nc4 23.Rb3+– decides. 22.Qg3!+– Polugaevsky played 22.h5+ and eventually won an endgame, but not convincingly. 22.Rd4 Rxd4 23.Qxd4 Nc4 24.Qd3+ also wins.	Polugaevsky	Tal	Moscow	1969	Polugaevsky – Tal, Moscow 1969	317	317
406	priyome	academic	rnbqk1nr/pp2ppbp/2p3p1/3pP3/3P1P2/2N5/PPP3PP/R1BQKBNR b KQkq - 0 1	black	h5 h3 Nh6 Nf3 Bg4 e6 b6 h4 Nf5 Ng1	h7h5 h2h3 g8h6 g1f3 c8g4 e5e6 b7b6 h3h4 h6f5 f3g1	5...h5! Pushing the h-pawn is strategically the soundest way of handling the Gurgenidze structure. It fights for the f5-square by preparing ...Bg4(xf3) followed by ...e7-e6, while being ready to meet h2- h3 with ...h5-h4 before g2-g4 can be played. Black also prepares ...Nh6 without blocking the h-pawn. Some test solvers questioned the validity of the exercise because the whole opening is known to be disadvantageous for Black. Indeed, I certainly would not recommend playing it. However, it should still be a part of one’s general chess understanding to know how to handle such a structure from either side. 5...Nh6!? is an equally valid option although White still stands better. Nevertheless, from a positional/structural point of view, ...h7-h5 is the move I want to emphasize because it stabilizes Black’s kingside for a long time to come. 6.Nf3 Bg4 7.h3 Bxf3 8.Qxf3 e6 9.Bd3! Fischer played 9.g3 to avoid getting his kingside structure immobilized, but his slow approach gave Petrosian time to develop counterplay by placing his queen on b6, knights on d7 and e7, long castling and ...f7-f6. Later it became clear that White can simply develop normally without fearing ...h5-h4. Let’s see a few more typical moves. 9...h4 10.Be3 Ne7 11.Ne2 Nf5 12.Bf2± White’s best plan is to castle short and follow up with b2-b3 and c2-c4. Black has a solid position but not many chances for counterplay. After completing development, White can further improve with the regrouping plan of Kh2, Ng1, Qe2 and Nf3.	Fischer	Petrosian	Belgrade	1970	Fischer – Petrosian, Belgrade 1970	318	318
407	priyome	academic	rnbqk2r/pp2ppbp/6p1/2p5/3P4/2n2N2/PP1BPPPP/2RQKB1R w Kkq - 0 1	white	Bxc3 Nc6 e3 e5	d2c3 b8c6 e2e3 e7e5	8.Bxc3! There are several reasons why White should recapture with the bishop. It’s likely that the dark-squared bishops will be exchanged, which will leave Black with some holes on the kingside. On a related note, White will have the option of dxc5 without being left with a weak pawn on c3. Finally, White keeps the c-file open for the rook. By contrast, 8.bxc3? Nc6 9.e3 e5³ leaves the d2-bishop and c1-rook misplaced.	Petrosian	Fischer	Belgrade	1970	Petrosian – Fischer, Belgrade 1970	319	319
408	priyome	academic	r1q2rk1/pp2ppbp/2bp1np1/8/2PQ4/1PN3P1/PB2PPBP/2R2RK1 w - - 0 1	white	e4 Nd5 Nxd5 Bxd4 Nxe7+ Kg7 Bxd4+ f6 Nxc8 Bd5 exd5	e2e4 f6d5 c3d5 g7d4 d5e7 g8g7 b2d4 f7f6 e7c8 c6d5 e4d5	13.e4! White is also slightly better after other moves; but with extra space, it’s generally advisable to avoid unnecessary exchanges. 13.f3?! is slightly weakening and also leaves White unable to follow a future Nd5 with e4xd5. 13...Qd7 There is a tactical sequence that makes 13.e4 possible: 13...Nxe4? 14.Nd5! Bxd4 15.Nxe7+ Kg7 16.Bxd4+ f6 17.Nxc8± 14.Nd5 14.Qd2² 14...Bxd5 15.exd5!± White will double up on the e-file. This exchange of minor pieces was a different matter to the exchange referred to in the opening comments, as it changed the structure in a beneficial way.	Smyslov	Browne	Zagreb	1970	Smyslov – Browne, Zagreb 1970	319	319
409	priyome	academic	r1b1rnk1/pp2qppp/2p5/3p4/3Pn3/2NBP2P/PPQ1NPP1/2KR3R w - - 0 1	white	Bxe4 dxe4 g4 Nd7 Ng3 f5 d5	d3e4 d5e4 g2g4 f8d7 e2g3 f7f5 d4d5	13.Bxe4 dxe4 14.g4! Isolating the e4-pawn and threatening Ng3. 14.d5!? is a good alternative. Black should play 14...Nd7² with a slight disadvantage. 14.Ng3?! is the wrong idea, and after 14...f5 15.d5 Ng6³ Black starts to take over. 14...f5 15.Rdg1!± Petrosian opted for 15.gxf5?!, which helped Black to develop. After the text move, play could continue: 15...Ng6 16.gxf5 Bxf5 17.Ng3 Nh4 18.Nxf5 Nxf5 19.Rg4+–	Petrosian	Tomic	Vinkovci	1970	Petrosian – Tomic, Vinkovci 1970	320	320
410	priyome	academic	r1bqk2r/pp2bpp1/2n1pn1p/3p4/3P4/2PBBN2/PP1N1PPP/R2QK2R w KQkq - 0 1	white	Ne5 O-O Bf4 Nh5 Nd7 Bd6 Nf3 Bxf4	f3e5 e8g8 e3f4 f6h5 e5d7 e7d6 d2f3 d6f4	11.Ne5! 11.0-0 Bd6= and it’s too late for Ne5. 11.Bf4 doesn’t control e5 for long: 11...Nh5! 11...Nd7 11...Bd6 can be met by 12.f4. (12.Ndf3 and 12.Bf4 are also good.) 11...Nxe5?! 12.dxe5± was the game continuation. 12.Ndf3²	Petrosian	Mecking	Wijk aan Zee	1971	Petrosian – Mecking, Wijk aan Zee 1971	321	321
411	priyome	academic	2r1rbk1/1pqn1pp1/p2p1n1p/P3pP2/R3P3/2N1B3/NPP1Q1PP/3R3K b - - 0 1	black	d5 Nb4	d6d5 a2b4	19...d5! It’s essential to play this before White has time for Nb4, clamping down on d5. 20.exd5 e4© For the pawn Black has obtained nice squares on d6 and e5 (...Qe5/...Bd6 or ...Bd6/...Ne5 are possible set-ups), while keeping the a2-knight passive for the moment.	Tukmakov	Tal	Moscow (Blitz)	1972	Tukmakov – Tal, Moscow (Blitz) 1972	321	321
412	priyome	academic	r1bqk2r/pp2npp1/3p1n1p/2pPp3/2P1PP1N/2PB4/P5PP/R1BQK2R b KQkq - 0 1	black	Ng6 Nxg6 fxg6 fxe5 dxe5	e7g6 h4g6 f7g6 f4e5 d6e5	11...Ng6! The ...fxg6 structure makes it easier for Black to defend the kingside. 11...exf4?! 12.Bxf4 g5 13.e5! turns out badly for Black. 11...Bg4² is the second-best option. 12.Nxg6 fxg6 13.fxe5 dxe5÷ The position is less than ideal for the bishop pair, and Fischer went on to score a famous victory.	Spassky	Fischer	Reykjavik (5)	1972	Spassky – Fischer, Reykjavik (5) 1972	322	322
413	priyome	academic	1rrq2k1/3b1p1p/p2p2pb/n1pPp2n/2P1P3/4N1PP/PBQ2PB1/1R2RNK1 w - - 0 1	white	Bc3 Rb4 Bxb4 cxb4 Qd2 Qc7	b2c3 b8b4 c3b4 c5b4 c2d2 d8c7	22.Bc3 The evaluation of the position depends on whether or not Black manages to find a meaningful purpose for the knight on a5. With the last move, White puts pressure on it before Black has time for ...Rb4. If White waits, Black has 22.Kh2 Rb4 23.Bc3 Nxc4!? 24.Bxb4 Nxe3 25.Nxe3 cxb4 26.Qd2 a5 with almost enough compensation. 22...Qc7± The game soon ended in a draw, but White stands much better. A good plan is to slowly advance on the kingside with h3-h4 followed by Bf3-e2, kicking the knight from h5 and overprotecting the c4-pawn. Later g3-g4-g5 can be considered.	Saidy	Petrosian	Las Palmas	1973	Saidy – Petrosian, Las Palmas 1973	322	322
414	priyome	academic	r2q1rk1/pb1n1ppp/1p2pn2/2b5/2B1P3/2N2N2/PP2QPPP/R1B2RK1 w - - 0 1	white	e5 Bb4 Bf4 Qb8 Rad1 Bxf3 gxf3 Nd5 Nxd5 exd5 Bd3 Qc7 e6	e4e5 c5b4 c1f4 d8b8 a1d1 b7f3 g2f3 f6d5 c3d5 e6d5 c4d3 b8c7 e5e6	12.e5! This is the move White wants to play, to kick away the f6-knight and gain access to the e4- and d6-squares. When thinking about this move there are two issues to consider: will the e5-pawn be lost, and is ...Bxf3 a problem? 12.Bf4 Bb4= 12...Bxf3?! 12...Ng4?! 13.Bf4 Qb8 tries to pick up the pawn. White can simply defend, or refute the idea with 14.Rad1! intending: 14...Bxf3 15.gxf3 Ngxe5 16.Rxd7+–; 12...Nd5 is the lesser evil but White maintains a nice plus after: 13.Nxd5 (13.Bxd5? exd5 14.Rd1 tries to win a pawn, but backfires: 14...Re8 15.Nxd5 Nxe5µ) 13...exd5 14.Bd3² 13.gxf3 Nh5 14.Rd1! Preventing ...Qh4. 14...Qe7?! 14...Qc7 15.f4 g6± was a better try, preventing f4-f5 (since e5 would drop). 15.f4 g6 16.f5! exf5 17.e6+– Tigran Petrosian “It is easy to play against the young players; for me they are like an open book.”	Petrosian	Karpov	Moscow	1973	Petrosian – Karpov, Moscow 1973	323	323
415	priyome	academic	r2q1rk1/1p3pbp/p1bppnp1/6B1/2P1P3/2NB4/PP1Q1PPP/2R1R1K1 w - - 0 1	white	b4	b2b4	14.b4² Space is generally useful, and specifically it’s good to defend the a2-pawn with the queen as it stops ...b7-b5.	Petrosian	Beliavsky	Yerevan	1975	Petrosian – Beliavsky, Yerevan 1975	324	324
416	priyome	academic	r1b1k2r/1pqn1pbp/p2ppnp1/6B1/3NPP2/2PB4/PP1N2PP/R2Q1RK1 w kq - 0 1	white	f5 h6 Bh4 O-O fxe6 Ne5 Nc2 b5 Ne3 Bb7 c4	f4f5 h7h6 g5h4 e8g8 f5e6 d7e5 d4c2 b7b5 c2e3 c8b7 c3c4	11.f5! A slow move like 11.a4 can be met by 11...h6 12.Bh4 0-0 and it’s now possible to counter 13.f5 with: 13...g5!? 14.fxe6? (14.Bg3 is better and balanced.) 14...Ne5! With a double threat. 11...e5 Black can’t play 11...Ne5? because of 12.fxe6+– when the f6-knight hangs. 11...gxf5?! 12.exf5 e5 13.Ne6!± opens up Black’s king, and is not even a real sacrifice. 12.Nc2² On the way to e3. The central clamp would have been even better with the c-pawn on c4, but Black can’t really stop it anyway, for instance: 12...b5 13.Ne3 Bb7 14.c4±	Adorjan	Karpov	Skopje	1976	Adorjan – Karpov, Skopje 1976	324	324
417	priyome	academic	r2qr1k1/1b1n1pp1/ppp2b1p/3p4/3P4/1QNBPN2/PP3PPP/3RR1K1 w - - 0 1	white	Bf5 c5 e4 g6 Bh3 b5	d3f5 c6c5 e3e4 g7g6 f5h3 b6b5	15.Bf5! Threatening Bxd7 and soon forcing ...b6-b5. 15.Bb1 was Tal’s choice. 15.e4 is thematic but 15...c5!² keeps Black’s disadvantage within reasonable bounds15...Nf8 15...b5 16.e4± leaves the b7- bishop out of play. 16.Na4 g6 17.Bh3 b5 18.Nc5±	Tal	Pribyl	Tallinn	1977	Tal – Pribyl, Tallinn 1977	325	325
418	priyome	academic	r1bqr1k1/pp2bppp/2p2nn1/3p2B1/3P4/2NBPN2/PPQ2PPP/4RRK1 w - - 0 1	white	Ne5 Nd7 Ng4 Kh8 f4	f3e5 f6d7 e5g4 g8h8 f2f4	12.Ne5! The knight is irritating since Black can’t really capture it. (The same idea tends to work even better when Black has included ...h7-h6, since it makes it harder to kick the knight with ...f7-f6.) 12...Nd7 12...Nxe5 13.dxe5 Ng4 14.Bxe7! (After 14.Bxh7+ Kh8 White can’t both defend the e5- pawn and save the bishop.) 14...Qxe7 15.f4!± 13.Bxe7 Qxe7 14.f4±	Kasparov	Pigusov	Riga	1977	Kasparov – Pigusov, Riga 1977	326	326
419	priyome	academic	rnbqr1k1/pp3pbp/3p1np1/2pP4/2P5/2N2N1P/PP2BPP1/R1BQ1RK1 b - - 0 1	black	Bf5 Ne4 Nxe4 Bd3 Bd7 Re1 Bf6 Bxe4 Rxe4	c8f5 c3e4 f6e4 e2d3 f5d7 f1e1 g7f6 d3e4 e8e4	In this pawn structure, White wants to keep all the minor pieces. 10...Bf5! Otherwise White stops it with Bd3. 10...Ne4 11.Nxe4 Rxe4 also serves the purpose of exchanging, but the rook is clumsy on e4 when Black is underdeveloped. 12.Bd3 Re8 13.Bg5ƒ 11.Bd3 11.Nh4 Bd7 12.Bd3 avoids the exchange, but allows a sacrifice: 12...Nxd5! 13.Nxd5 Qxh4 14.Nc7 Nc6 15.Nxa8 Black can either recapture on a8 with compensation or force a draw with: 15...Bxh3!? 16.gxh3 Qxh3 17.Re1 Rxe1+ 18.Qxe1 Qg4+ 19.Kf1 Qh3+ White must settle for a perpetual, since running with the king loses the queen in three moves. 11.Re1! is a critical test, based on the following line: 11...Ne4 12.Nxe4 Bxe4? (Black should prefer 12...Rxe4 when White stands better, but let’s not debate how much.) 13.Bg5 Bf6? 14.Bxf6 Qxf6 15.Bd3! White wins because of the undefended rook on e8. 11...Ne4 12.Nxe4 Bxe4 13.Bxe4 Rxe4 With only two minor pieces remaining for each side, Black’s lack of space is of little concern.	Tukmakov	Kasparov	Tbilisi	1978	Tukmakov – Kasparov, Tbilisi 1978	326	326
420	priyome	academic	2nqrrk1/pb3pb1/1p2p1pp/1Np1P3/1nPp1B1P/1P1P1NPB/P3QP2/4RRK1 w - - 0 1	white	Nh2 a6 Na3 Ne7 h5 Nf5 Nb1 Nc6 Nd2	f3h2 a7a6 b5a3 c8e7 h4h5 e7f5 a3b1 b4c6 b1d2	20.Nh2! Continuing the attack by redirecting the knight. 20...a6 21.Na3 Ne7 After 21...h5 White should manoeuvre the a3-knight to the kingside before breaking with g3-g4. 22.Ng4 Nf5 22...h5 23.Nf6+± 23.Nb1 Nc6 24.Nd2± White went on to build a decisive advantage, but the Latvian wizard escaped.	Rodriguez	Tal	Riga	1979	Rodriguez – Tal, Riga 1979	327	327
421	priyome	academic	r1bqr1k1/pp1n1pbp/3p1np1/2pP4/4PP2/2N5/PP1NB1PP/R1BQ1RK1 b - - 0 1	black	c4 Kh1 Nc5 Qc2 Ng4 Nf3 Qb6	c5c4 g1h1 d7c5 d1c2 f6g4 d2f3 d8b6	11...c4! Creating counterplay before White has overprotected the e4-pawn. 12.Kh1 12.Bxc4 Nc5 and White can’t defend e4, for instance: 13.Qc2? Ng4 14.Nf3 Qb6 15.Kh1 Bxc3 16.bxc3 Nxe4µ 12...Nc5„ 12...b5„ is also a typical move.	Rytov	Tal	Tallinn	1979	Rytov – Tal, Tallinn 1979	328	328
422	priyome	academic	3rk2r/1bq2pbp/ppnppp2/8/P3PP2/1NN4R/1PPQB1PP/R5K1 w k - 0 1	white	f5 Ne7 Bh5	f4f5 c6e7 e2h5	16.f5! Opening up around Black’s king. 16.Nd5? might look standard, but it’s far too easy for Black to defend: 16...exd5 17.exd5 Ne7–+ 16...0-0 16...Ke7 17.Bh5± places the bishop on an excellent square. 17.Qf4 Ne5± White has a great position and there’s no need to analyse it in detail. Some of the ideas under consideration include Kh1, Nd4, Bh5, Nce2 and even Ra3 to lift the second rook into the attack.	Kasparov	Anikaev	Minsk	1979	Kasparov – Anikaev, Minsk 1979	328	328
423	priyome	academic	r2q1rk1/pb3pbp/1pn1p1p1/2pp4/4PP2/2PPBBP1/PP1QN2P/1R3RK1 w - - 0 1	white	e5 d4 cxd4 cxd4 Nxd4	e4e5 d5d4 c3d4 c5d4 e2d4	15.e5! Black can’t stop d3-d4, restricting the bishop on g7. 15.exd5 exd5 16.d4 isn’t a great idea with the white knight far away from e5. 15...a5 15...d4 16.cxd4 cxd4 17.Nxd4± 16.d4± Anatoly Karpov “Happiness should always remain a bit incomplete. After all, dreams are boundless.”	Karpov	Quinteros	Buenos Aires	1980	Karpov – Quinteros, Buenos Aires 1980	329	329
424	priyome	academic	r5k1/pp2qpbp/2p1nnp1/4p3/2P1P3/2N1BBP1/PP1R1P1P/3Q2K1 b - - 0 1	black	h5 c5 Qf8 Qb3 h4	h7h5 c4c5 e7f8 d1b3 h5h4	18...h5! Preparing to exchange the dark-squared bishops on h6, which would increase Black’s control over the d4-square. 18...Bf8 was played. Black eventually managed to exchange bishops on c5, but the text move is a faster way to achieve the goal. 18...Qf8 can be met by 19.Qb3! with an annoying threat against b7. 19.h4 Kh7³	Karpov	Quinteros	Malta (Ol)	1980	Karpov – Quinteros, Malta (Ol) 1980	330	330
425	priyome	academic	bq1rr1k1/5pbp/pp1ppnp1/2n5/2PNP3/1PN3PP/PB2RPBK/1Q1R4 b - - 0 1	black	h5 h4 e5 Nc2 Ne6 Kg1	h7h5 h3h4 e6e5 d4c2 c5e6 h2g1	23...h5! Creating a weakness around White’s king, which the bishop and queen on a8 and b8 are perfectly placed to attack. 24.h4 Stopping ...h5-h4, but now Black obtains the g4-square. A logical alternative is: 24.Kg1 h4 25.g4 (25.gxh4 also weakens the f4-square: 25...Nh5³) 25...e5 26.Nc2 Ne6÷ The knight continues to f4. 24...b5!? 24...Rc8 was played in the game. 25.cxb5 axb5 26.Ndxb5 d5 27.exd5 Ng4+ 28.Kg1 exd5©	Garcia Gonzales	Karpov	Linares	1981	Garcia Gonzales – Karpov, Linares 1981	330	330
426	priyome	academic	q1r1r1k1/1b1n1pbp/pp1ppnp1/8/PPP1PP2/1NNB4/3BQ1PP/2R2R1K w - - 0 1	white	e5 Rxc4 exf6 Rxb4 fxg7 Rxb3 Ne4 e5 Qf3 Bd5	e4e5 c8c4 e5f6 c4b4 f6g7 b4b3 c3e4 e6e5 e2f3 b7d5	We saw an earlier part of this game in Exercise 116. 20...d5! This is what Black always wants to play in the Hedgehog, but doesn’t always succeed with it. It’s a good moment, with the e8-rook pointing towards White’s queen and the queen on a8 increasing the pressure along the diagonal. 21.cxd5 21.e5? fails: 21...dxc4 22.Bxc4 Rxc4! 23.Qxc4 (23.exf6 Rxb4 24.fxg7 Rxb3–+) 23...Bxg2+µ 21...Nxe4! 21...exd5 22.e5² 22.Bxe4 22.Qxe4? exd5 23.Qf3 Sadly the only square23...Bxc3 24.Bxc3 d4–+ 22...exd5 23.Nxd5 Bxd5 24.Bxd5 Qxd5³ Black is more active.	Karpov	Bellon Lopez	Linares	1981	Karpov – Bellon Lopez, Linares 1981	331	331
427	priyome	academic	r3k2r/1ppqb1pp/pnn2p2/4p3/1P2N3/P2P1NP1/1BQ1PPKP/R4R2 b kq - 0 1	black	g5 d4 g4 Nh4 O-O-O Nf5	g7g5 d3d4 g5g4 f3h4 e8c8 h4f5	14...g5! Black stops d3-d4, while preparing to attack the king. 14...0-0-0 15.d4!= 15.d4?! 15.Rfd1 g4 16.Nh4 0-0-0³ 15...g4 16.Nh4 exd4 17.Nf5 0-0-0µ	Portisch	Karpov	Linares	1981	Portisch – Karpov, Linares 1981	332	332
428	priyome	academic	2rqrbk1/1b1n1ppp/pp1pp3/4n3/2P1P3/N1N1B2P/PPQ2PP1/2RR1BK1 b - - 0 1	black	g5 Qd2 h6	g7g5 c2d2 h7h6	17...g5! A radical method to make sure that the knight stays on e5. 17...Qc7 was played. 18.Qd2 h6³	Karpov	Romanishin	Moscow	1981	Karpov – Romanishin, Moscow 1981	332	332
429	priyome	academic	r2qr1k1/1p1n1pbp/p2p2p1/2pP3n/P3P3/2N1B3/1P1NQPPP/R4RK1 w - - 0 1	white	g4 Nhf6 f3	g2g4 h5f6 f2f3	15.g4! Weakening squares, but winning time. A slow move would allow Black to fight for the dark squares with ...Bd4 or ...Qh4. 15...Nhf6 16.f3² 16.h3 is also possible.	Portisch	Kasparov	Moscow	1981	Portisch – Kasparov, Moscow 1981	333	333
430	priyome	academic	2rr4/1b2bpk1/pq3npp/2pp4/Q7/P1N1PNP1/1P1R1PP1/1B1R2K1 b - - 0 1	black	d4 Ne2 Bc6 Qc4 Bxf3	d5d4 c3e2 b7c6 a4c4 c6f3	24...d4! The dream when playing with hanging pawns. 25.Ne2 The tactical justification is: 25.exd4 Bc6 26.Qc4 The only square. 26...cxd4 27.Nxd4 Bf3 Winning material. 25...dxe3 26.fxe3 c4 Black went on to win. It’s obvious to the human eye that White is in trouble, but it’s still surprising that Stockfish evaluates it as –7!	Korchnoi	Karpov	Merano (1)	1981	Korchnoi – Karpov, Merano (1) 1981	333	333
431	priyome	academic	2rq1rk1/pp1bnpp1/4p2p/4N3/3PQ3/1B6/PP3PPP/2R2RK1 b - - 0 1	black	Bc6 d5	d7c6 d4d5	17...Bc6! Black takes control over d5 at the cost of splitting his queenside pawns. 18.Nxc6 Rxc6 With less space, Black is happy to exchange rooks. 18...Nxc6 19.d5 and White has a slight initiative. 18...bxc6 19.Rc3 would allow White to use the rook on the kingside. 19.Rc3 19.Rxc6 bxc6! and the pawn on d4 is weaker than the one on c6, since it will never have an opportunity to advance. Still, it shouldn’t be a great problem for White, who can defend actively with Rc1-c419...Qd6 20.g3 Rd8 21.Rd1 Rb6³ Black will target the d4-pawn.	Korchnoi	Karpov	Merano (9)	1981	Korchnoi – Karpov, Merano (9) 1981	334	334
432	priyome	academic	2rq1rk1/pp1bpp2/3p1npQ/4n2p/3NP2P/1BN2P2/PPP3P1/2KR3R b - - 0 1	black	Rxc3 bxc3	c8c3 b2c3	14...Rxc3! 14...Qa5? 15.Nd5 Nxd5 16.exd5+– followed by g2-g4 with a devastating attack. 15.bxc3 Qa5© Black’s compensation consists of the squares along the c-file, and the queenside being more open than the kingside. Boris Spassky “When you play Bobby, it is not a question of if you win or lose. It is a question of if you survive.”	Spassky	Mestel	London	1982	Spassky – Mestel, London 1982	335	335
433	priyome	academic	2rqkb1r/1b3ppp/pp2p3/n7/3PP3/P4N2/1B1Q1PPP/3RKB1R w Kk - 0 1	white	d5 exd5 exd5	d4d5 e6d5 e4d5	14.d5! Black can’t develop the bishop from f8, as this would leave the g7-pawn en prise. 14...exd5 15.exd5+– The pawn also threatens to advance another step.	Kasparov	Murey	Moscow	1982	Kasparov – Murey, Moscow 1982	336	336
434	priyome	academic	r2qk2r/1p1b1pbp/p2p2p1/2pP4/Pn2PP2/2N2N2/1P4PP/R1BQ1RK1 w kq - 0 1	white	f5 O-O Bg5 f6	f4f5 e8g8 c1g5 f7f6	13.f5! Preparing Bg5. Giving up control over e5 doesn’t matter as the black knight is so far away from there. 13...0-0 14.Bg5 f6² Black’s bishop on g7 is out of play. Garry Kasparov “Chess is one of the few arts where composition takes place simultaneously with performance.”	Kasparov	Nunn	Lucerne (Ol)	1982	Kasparov – Nunn, Lucerne (Ol) 1982	336	336
435	priyome	academic	1rbqr1k1/1p3pbp/p2p1np1/2pPn3/P7/N1N3PP/1P2PPB1/R1BQ1RK1 b - - 0 1	black	Nh5 f4 Bg4 hxg4 Nxg4 Ne4 h6	f6h5 f2f4 c8g4 h3g4 e5g4 c3e4 h7h6	14...Nh5! Preparing ...f7-f5 and ...g6-g5 to take space on the kingside. 15.f4 15.g4 gives Black a choice15...Nf6 has provoked a weakness, while the potential sacrifices make it too risky for White to continue pushing the e- and f-pawns. 15...Bxg4 16.hxg4 Nxg4 gives Black enough compensation. 15...Qh4!? also turns out okay after: 16.Ne4! h6! (The analysis goes on and on, but let’s stop here.) 15...Nxg3÷ 15...Nd7÷ is also acceptable.	Korchnoi	Kasparov	Lucerne (Ol)	1982	Korchnoi – Kasparov, Lucerne (Ol) 1982	337	337
436	priyome	academic	r2q1rk1/pp1b1pbp/3ppnp1/1BpP4/Pn2P3/2N2N1P/1PP2PP1/R1BQR1K1 w - - 0 1	white	Bf4 e5 Bg5	c1f4 e6e5 f4g5	11.Bf4! Creating a threat before Black has time for ...e6xd5 and ...Bf5. 11...e5 11...Ne8 is passive. 11...Bxb5 12.Nxb5 exd5 exchanges pawns in the centre, but a white piece on d6 is worth more. One of several possible lines is: 13.c3 dxe4 14.cxb4 exf3 15.Bxd6 a6 16.Bxf8 Bxf8 17.Qxd8 Rxd8 18.Nc3 cxb4 19.Rad1² White has some even better options along the way, but you don’t need to calculate them to decide to play 11.Bf4. 12.Bg5± Black has no more active possibilities, and White can slowly prepare f2-f4. The b4-knight can be kicked away by c2-c3 if necessary.	Kasparov	Beliavsky	Moscow (9)	1983	Kasparov – Beliavsky, Moscow (9) 1983	338	338
437	priyome	academic	r2qkb1r/pbpn1ppp/1p2p3/3n4/3P4/P1N2N2/1PQ1PPPP/R1B1KB1R w KQkq - 0 1	white	Nxd5 exd5 Bg5 f6 g3 c5 dxc5	c3d5 e6d5 c1g5 f7f6 g2g3 c7c5 d4c5	8.Nxd5! Taking back with the bishop allows e2-e4 with gain of tempo, and taking with the pawn leads to a worse pawn structure with the bishop on b7 restricted. (White is in time to develop before Black gets active with ...c7-c5.) 8...exd5 9.Bg5 f6 9...Qc8 can be met by 10.g3² followed by Bh3. 10.Bf4 c5 11.g3² 11.dxc5² is also possible.	Kasparov	Karpov	Moscow (32)	1984	Kasparov – Karpov, Moscow (32) 1984	338	338
438	priyome	academic	r2r2k1/1p3p1p/pnp1q1pb/3p4/PP1P4/4P3/2QN1PPP/1RN1R1K1 b - - 0 1	black	Nc4 Qc3 a5 b5 Nd6	b6c4 c2c3 a6a5 b4b5 c4d6	21...Nc4! Using a tactical detail to clamp down on c4. 22.Qc3! 22.Nxc4 dxc4 23.Ne2 (23.a5? It looks like White will round up the pawn, but 23...Rxd4!–+ refutes White’s last move.) 23...b5µ 22...Nd6= 22...b5= is also fine.	Andersson	Kasparov	Belgrade (2)	1985	Andersson – Kasparov, Belgrade (2) 1985	339	339
439	priyome	academic	r1bq1rk1/2p3bn/1p1p2pp/p1nPpp2/2P1P3/P1N1BP2/1PQNB1PP/R4RK1 b - - 0 1	black	a4 Bxc5 bxc5 Nxa4 h5	a5a4 e3c5 b6c5 c3a4 h6h5	14...a4! Sacrificing a pawn to stop b2-b4. 15.Bxc5 bxc5 16.Nxa4 h5!© Black has good compensation and will focus on the kingside. The last move prepares to activate the dark-squared bishop via h6. Anand soon followed up by pushing the pawn to h4, with the knight coming to h5 and bishop to f4.	Palatnik	Anand	New Delhi	1986	Palatnik – Anand, New Delhi 1986	340	340
440	priyome	academic	r4r1k/pb1b2pp/1qnbpn2/3pN3/3P4/2NBB3/PP3PPP/R2QR1K1 b - - 0 1	black	Be8 Na4 Nd7 Rb1 Nxd4 Nxd7	d7e8 c3a4 f6d7 a1b1 c6d4 e5d7	15...Be8! Relocating the bishop to h5, while at the same time threatening the d4-pawn. 15...Qxb2?!± is not good due to 16.Na4 intending Nxd7 and Rb1, winning back the pawn at least. (Or the queen, if Black gets careless). 15...Nxd4? is even worse in view of 16.Nxd7 Nxd7 17.Bb5+– with a double threat.	Tal	Wiedenkeller	Moscow	1986	Tal – Wiedenkeller, Moscow 1986	340	340
441	priyome	academic	r2q1rk1/pb3pbp/1p2p1p1/n7/3PP3/3BB3/P2QNPPP/2R2RK1 w - - 0 1	white	h4 Qd7 Bg5 Bxd4 h5 Bg7 Bh6	h2h4 d8d7 e3g5 g7d4 h4h5 d4g7 g5h6	15.h4! Other moves have been played in many games, but both the statistics and the engine confirm that Kasparov’s move is the most dangerous. (33 years before AlphaZero and Carlsen started to play h2-h4 in all kinds of Grünfeld positions.) 15...Qd7 The tactical justification is: 15...Qxh4 16.Bg5 Qg4 17.f3 Qh5 18.Ng3 Bxd4+ 19.Rf2 Bxf2+ 20.Kxf2 Qh2 21.Rh1+–; 15...h5 is well met by 16.Bg5 Qd7 17.Bh6± when the ...h7-h5 move has seriously weakened Black’s kingside. White threatens to continue with Bxg7 and Qg5, followed by Nf4/g3 and/or f2-f4, with a huge advantage. 16.Bh6² Kasparov takes the opportunity to play this before Black has time to move the rook from f8, which would have made ...Bh8 possible.	Kasparov	Lutz	Frankfurt (Simul)	1986	Kasparov – Lutz, Frankfurt (Simul) 1986	341	341
442	priyome	academic	rnbq1rk1/pp2ppbp/3p1np1/2pP4/4PP2/2NB1N2/PPP3PP/R1BQK2R b KQ - 0 1	black	b5 O-O Bg4 h3 Bxf3 Qxf3 c4 Bxc4 Nxe4 Kh1 f5 Be3 Bd4 Bxd4 Nd7 Qxe4	b7b5 e1g1 c8g4 h2h3 g4f3 d1f3 c5c4 d3c4 f6e4 g1h1 f7f5 c1e3 g7d4 e3d4 b8d7 f3e4	7...b5! Black should create immediate counterplay. Quinteros chose a neutral move: 7...Na6?! 8.0-0±; 7...Bg4 is fairly sensible although 8.h3 Bxf3 9.Qxf3² is pleasant for White. 7...c4!? 8.Bxc4 b5 is a logical alternative in the same spirit as the main solution. White should respond with 9.Bd3! when it’s hard to prove full compensation. Nevertheless, the objective evaluation is similar to the main line, so this option also counts as a correct solution. 8.Nxb5 8.Bxb5? Nxe4!µ; 8.e5 dxe5 9.fxe5 Ng4 is unclear, for instance: 10.d6 Nd7 11.Bg5÷ 8...c4! 9.Bxc4 Nxe4© Black needs to play forcefully to keep compensation. One test solver analysed deeper and provided a long line: 10.0-0 Qb6+ 11.Nbd4 Bg4 12.Kh1 Rc8 13.Bd3 f5 14.Be3 Bxd4 15.Bxd4 Bxf3 16.gxf3 Qxd4 17.fxe4 fxe4 18.Qe2 Nd7 19.Qxe4² Ultimately Black may not be able to claim enough compensation for full equality. However, I don’t feel this is relevant to the initial position, where we followed the general rule for Benoni structures of striving for counterplay rather than sitting passively.	Tal	Quinteros	Santiago del Esterol (Blitz)	1987	Tal – Quinteros, Santiago del Esterol (Blitz) 1987	342	342
443	priyome	academic	r2q1rk1/1b2bppp/p2p1n2/n1p1p3/P3P3/1P1P1N2/BP2NPPP/R1BQR1K1 w - - 0 1	white	b4 cxb4 Ng3	b3b4 c5b4 e2g3	14.b4! Giving back the pawn to avoid getting the bishop imprisoned after ...Nc6-b4. 14.Bd2 Nc6© 14...cxb4 15.Ng3± White continues with the normal slow attack on the kingside, having a more active light-squared bishop than usual.	Tal	Sygulski	Jurmala	1987	Tal – Sygulski, Jurmala 1987	343	343
444	priyome	academic	rnb2rk1/pp2q1pp/2pbpn2/3p1p2/P1PP4/1P3NP1/4PPBP/RNBQ1RK1 w - - 0 1	white	a5 Ba3 Bxa3 Nbd7 b4	a4a5 d6a3 c1a3 b8d7 b3b4	9.a5! Not giving Black a chance for ...a7-a5. GM Todorcevic is one of only a few players who have pushed the a-pawn before exchanging bishops when this position arose. Next comes Ba3. 9.Ba3 is a standard move which has been executed in hundred of games, but it’s a slight inaccuracy. 9...Bxa3 10.Nxa3 Nbd7?! (Short should have played 10...a5! intending ...Na6-b4.) 11.a5² Kasparov took the opportunity to seize some additional queenside space. It’s worth noting that Black does not have time to exploit White’s move order by posting a knight on b4, as 9...Na6 10.Ba3 Nb4?? runs into 11.c5.	Kasparov	Short	London (Rapid)	1987	Kasparov – Short, London (Rapid) 1987	343	343
445	priyome	academic	r2q1rk1/pp1b1ppp/5nn1/3p2B1/3P4/P1PB4/2Q1NPPP/R4RK1 w - - 0 1	white	f4 h6 Bxf6 Qxf6 f5 Ne7 Ng3	f2f4 h7h6 g5f6 d8f6 f4f5 g6e7 e2g3	14.f4! Intending to push Black back with f4-f5. 14...h6 15.Bxf6 Qxf6 16.f5 Ne7 17.Ng3± White can double up on the f-file and push f5-f6 as soon as the queen moves.	Kasparov	Tal	Brussels	1987	Kasparov – Tal, Brussels 1987	344	344
446	priyome	academic	r1bqkbnr/pp3p1p/2np2p1/2p1p3/2P5/P1N3P1/1P1PPPBP/R1BQK1NR w KQkq - 0 1	white	b4 a5 Rb1 Bg7 a4	b2b4 a7a5 a1b1 f8g7 a3a4	6.b4 6.Rb1 is not obligatory and can be met by 6...a5, when White needs more time to prepare b2-b4. (And if White changes plan, the Rb1 move makes little sense.) 6...Bg7 6...cxb4 7.axb4 Nxb4 gives White the option of winning back the pawn immediately by checking on a4 and taking on c6. However, I’m sure Kasparov would have preferred 8.Ba3 Nc6 9.Nf3 when White has great compensation, and the vulnerability of the d6-pawn makes it difficult for Black to develop smoothly. 7.Rb1² The rook is moved only now when White has already played b2-b4, and the b-file can be opened. By removing the rook from the long diagonal, White also prepares Nf3 without allowing ...e5-e4 in response.	Kasparov	Karpov	Seville (8)	1987	Kasparov – Karpov, Seville (8) 1987	345	345
447	priyome	academic	2rq1rk1/1b1nppbp/pp1p1np1/3N4/2PQ4/1P3NP1/PB2PPBP/2RR2K1 b - - 0 1	black	b5 Nxf6+ Bxf6 Qd2 Bxb2 Qxb2 d5 Ne1 Nc5 cxd5 Qa5	b6b5 d5f6 g7f6 d4d2 f6b2 d2b2 d6d5 f3e1 d7c5 c4d5 d8a5	13...b5! 13...e6?! leads to a Hedgehog structure with a backward pawn on d6. In such positions, Black would prefer to keep all the minor pieces on the board. 14.Nxf6+ Bxf6 15.Qd2 Bxb2 16.Qxb2 The d6-pawn is weak, and if 16...d5 17.Ne1!? Black must deal with an awkward pin. 14.Ne1 Bxd5! 14...Nc5 was the game. 15.cxd5 Qa5 White must take care to avoid becoming worse.	Georgiev	Kasparov	Saint John (Blitz)	1988	Georgiev – Kasparov, Saint John (Blitz) 1988	346	346
448	priyome	academic	4r1k1/1p1b2pp/p1r1pq2/3p4/3P1N2/4Q1P1/PP3P1P/2R2RK1 b - - 0 1	black	e5 dxe5 Qd6	e6e5 d4e5 f6d6	22...e5! It’s better to have an isolated d-pawn than a hole on e5 and a passive bishop. 23.dxe5 A tactical detail is 23.Nxd5? Qd6–+ when Black wins back the pawn (at least) and White’s coordination is ruined. 23...Qxe5 Black should provoke the exchange of queens, since White’s queen was more active. Black is fine in the endgame, since the d-pawn is not only isolated, but also a passed pawn, and White lacks a convenient way to blockade it with the knight on d4. (If, on the other hand, something similar arose but with White having a pawn on c3 to immobilize the d-pawn, then White would stand better.)	Kramnik	Ulibin	Odessa	1989	Kramnik – Ulibin, Odessa 1989	346	346
449	priyome	academic	r1b2rk1/ppq1bpp1/4pn1p/8/7Q/3B1N2/PPPB1PPP/R4RK1 w - - 0 1	white	Bxh6 gxh6 Qxh6 Rd8 Rae1 Rd5 Ng5 Rxd3 cxd3 Qd8 Re3 Bf8 Qh8+	d2h6 g7h6 h4h6 f8d8 a1e1 d8d5 f3g5 d5d3 c2d3 c7d8 e1e3 e7f8 h6h8	18.Bxh6! A standard sacrifice in this set-up, with a queen on h4 and bishops on adjacent diagonals pointing towards the black kingside. 18...gxh6 19.Qxh6 White threatens Ng5 followed by Bh7+, or a rook lift. 19...Rd8 The only move, preparing to capture on d3. 20.Rae1 Rd5 To stop Re5. 21.Ng5 Threatening Bh7+ with mate. 21...Rxd3 Again the only defence. 22.cxd3 Qd8 Defending the knight and thus preparing ...Bf8. Black is just in time to survive, but White still has an ongoing attack. 23.Re3 Bf8 24.Qh4!?‚ 24.Qh8+² was the game.	Khalifman	Arkell	Leningrad	1989	Khalifman – Arkell, Leningrad 1989	347	347
450	priyome	academic	2rqr1k1/pp1n1pbp/3p1np1/2pP4/4PP2/2N1BB1P/PP4P1/R2QR1K1 b - - 0 1	black	b5 Nxb5 a6 Nxd6 Rb8	b7b5 c3b5 a7a6 b5d6 c8b8	14...b5! A standard pawn exchange to create counterplay. 15.Nxb5 15.a3!? is possible, but after 15...a6 it’s clear who has benefited from the inclusion of these moves on the queenside. 15...Nxe4 16.Bxe4 Rxe4 17.Nxd6 Rxe3 18.Rxe3 Bd4 19.Qf3 Rb8= White must give back the pawn immediately.	Nogueiras Santiago	Kasparov	Barcelona	1989	Nogueiras Santiago – Kasparov, Barcelona 1989	348	348
451	priyome	academic	b3rbk1/3q1pp1/2np1n1p/1p2p3/4P3/1BP4P/1P3PPN/2BQRNK1 w - - 0 1	white	Ng4 d5 Ng3 Na5 Ba2 Nc4	h2g4 d6d5 f1g3 c6a5 b3a2 a5c4	21.Ng4! Increasing White’s control over d5 by exchanging Black’s knight. After 21.Ng3 Na5 22.Ba2 Nc4= Black will soon be able to play ...d6-d5. 21...Nxg4 22.hxg4!² The g4-pawn will offer additional support to a knight on f5, and also gives White an open h-file which might eventually be used for attacking purposes in conjunction with g4-g5.	A. Sokolov	Karpov	Linares	1989	A. Sokolov – Karpov, Linares 1989	349	349
452	priyome	academic	r1b1k2r/ppp1bpp1/2p5/4Pn1p/8/1PN2N2/P1P2PPP/R1BR2K1 w kq - 0 1	white	Bg5 Bxg5 Nh4	c1g5 e7g5 f3h4	12.Bg5² White is happy to make this exchange, to avoid a potential scenario of being left with a bad bishop restricted by the e5-pawn. Black should normally avoid this exchange, and Kasparov is another player who took the opportunity for Bg5 in a similar position. If Black was to move, the best plan would be to try to exchange knights with 12...Nh4, preventing the Bg5 possibility and making it easier for Black to complete development.	Karpov	Miles	Biel	1990	Karpov – Miles, Biel 1990	350	350
453	priyome	academic	r2q3r/p2knpp1/1pn1p2p/3pP2P/b1pP4/P1P2NPB/2P2P2/R1BQK2R b KQ - 0 1	black	Qg8 O-O Qh7 Ra2 g6	d8g8 e1g1 g8h7 a1a2 g7g6	14...Qg8 The queen cooperates with the bishop on the other wing. 15.0-0 Qh7 16.Ra2 g6÷ The position starts to open up on the kingside, with the a2-rook and a4-bishop unable to participate for the time being. Black has the safer king, but White can point to the strong e5-pawn and Black’s weak dark squares. Overall the chances are balanced.	Anand	Quillan	Prestwich	1990	Anand – Quillan, Prestwich 1990	350	350
454	priyome	academic	r4rk1/1b2ppbp/1qbp2p1/p1n5/2P1P3/1PN1BP2/P2QB1PP/1RR3K1 b - - 0 1	black	Qb4 a4 Bxc3 Qxc3 Qxc3 Rxc3	b6b4 a2a4 g7c3 d2c3 b4c3 c1c3	16...Qb4 Blocking the b-pawn and thus preparing ...a5-a4. 16...a4?? 17.b4+– would have been good for White even without winning a piece. If White had a free move, then 17.a3 would be a logical choice. 17.Rc2 White should stop ...a5-a4, and Gelfand’s choice is the most popular way of doing it. 17...Bxc3!? 17...a4? 18.Nd5 wins a pawn. Anand played 17...Rfc8, again threatening ...a5-a4. 18.Qc1!² is the right answer, preparing a2-a3. 18.Qxc3 18.Rxc3 a4„ 18...Qxc3 19.Rxc3 b6² Black has given up the bishop to simplify and avoid a knight jump to d5. Still, it’s a defensive task ahead.	Gelfand	Anand	Manila	1990	Gelfand – Anand, Manila 1990	351	351
455	priyome	academic	rr4k1/3qpp1p/1n1p2p1/2pPb3/4P3/1PN4P/P1QB1PP1/R2R2K1 w - - 0 1	white	a4 c4 a5 Bxc3 Qxc3	a2a4 c5c4 a4a5 e5c3 c2c3	21.a4! Before Black has played ...c5-c4. 21...c4 22.a5!+– White’s extra pawn should decide matters. 22.b4 Bxc3 23.Qxc3 is better for White because of the dark squares, but not winning. Vladimir Kramnik “I don’t like to show my emotions at the board, not because they might give something away to an opponent, but because that’s my style: I like to keep it to myself.”	Kramnik	Atkinson	Arnhem	1990	Kramnik – Atkinson, Arnhem 1990	352	352
456	priyome	academic	r1bq1rk1/1p1n1ppp/p1pbpn2/3p4/2PPP3/1PNB1N2/P2B1PPP/R2Q1RK1 b - - 0 1	black	dxc4 e5 g6 Bg5 c5 d5 Bc7 Na4	d5c4 e4e5 g7g6 d2g5 c6c5 d4d5 d6c7 c3a4	10...dxc4! This move is possible since it hits White’s bishop (meaning that there is no time for e4-e5). It is the standard reaction when White advances in the centre. 10...dxe4 11.Nxe4 Nxe4 12.Bxe4± It’s hard for Black to develop the c8-bishop. The following moves are not forced, but they represent Black’s most direct attempt to complete development. 12...e5 (12...f5 13.Bc2 e5 14.Bg5+–) 13.Qc2 g6 14.c5 Bc7 15.Bg5 f6 16.Bh6+– If the rook moves, then Bxg6 is killing. 10...e5 sacrifices a pawn on d5. It would have worked better if White had played another passive move earlier in the game. 11.bxc4 11.Bxc4 e5= 11...e5 12.c5! 12.d5 Nc5= 12...Bc7 13.Na4÷	Kasparov	Gelfand	Linares	1991	Kasparov – Gelfand, Linares 1991	353	353
457	priyome	academic	rnb1k2r/pp2q1pp/2pbpn2/3p1p2/P1PP4/1P3NP1/4PPBP/RNBQ1RK1 b kq - 0 1	black	a5	a7a5	8...a5! Halting White’s a-pawn before it reaches a5. Black develops normally with ...0-0, ...b7-b6 and ...Bb7. The queenside knight usually goes to d7, although it can also consider the a6-b4 route.	Akopian	Kramnik	Moscow	1991	Akopian – Kramnik, Moscow 1991	353	353
458	priyome	academic	r2q1rk1/1ppb2b1/3p1ppn/3Pp2p/1PP1P2B/2Q4P/3NBPP1/1R2K2R b K - 0 1	black	g5 c5 f5	g6g5 c4c5 f6f5	18...g5 The kingside is Black’s wing. Pushing back the bishop is better done before it can retreat to f2. 18...Nf7 19.c5 Bh6 is also a standard manoeuvre, just not as active. 20.0-0= 19.Bg3 h4 Keeping the h-pawn on the board. 20.Bh2 f5ƒ	Bareev	Kasparov	Tilburg	1991	Bareev – Kasparov, Tilburg 1991	354	354
459	priyome	academic	r2q2k1/1bp2rb1/3p1nn1/p2Pp1pp/PP2Pp2/2NN1P1P/4BBP1/R2Q1RK1 b - - 0 1	black	Bc8 bxa5 Bh6 Nb4 g4 fxg4 hxg4 hxg4 Rh7	b7c8 b4a5 g7h6 d3b4 g5g4 f3g4 h5g4 h3g4 f7h7	19...Bc8! The bishop is needed to support ...g5-g4. Black can also reverse the move order: 19...Bh6 20.bxa5 Bc8! 20.bxa5 Bh6! 21.Nb4 g4ƒ If White takes the pawn with 22.fxg4? hxg4 23.hxg4 Black prepares an invasion on the h-file: 23...Rh7µ	Korchnoi	Kasparov	Amsterdam	1991	Korchnoi – Kasparov, Amsterdam 1991	355	355
460	priyome	academic	r4rk1/1p1b1pbp/p1n1p1p1/8/2BPP3/4BN2/P4PPP/2RRK3 b - - 0 1	black	Na5 d5 exd5 Bxd5 Rfc8	c6a5 d4d5 e6d5 c4d5 f8c8	16...Na5 Kicking the bishop before White gets time for d4-d5. 16...Rfc8?! 17.d5 exd5 (17...Na5 is too late: 18.dxe6²) 18.Bxd5² 17.Be2 Rfc8=	Karpov	Kamsky	Tilburg	1991	Karpov – Kamsky, Tilburg 1991	355	355
461	priyome	academic	r1bq1rk1/3n1pbp/p1pp1np1/1p2p3/2PPP3/2N1BP2/PP1Q2PP/1KNR1B1R b - - 0 1	black	exd4 Nd5 cxd5 Bxd4 Re8 b4 Bf8 c5 Ne5	e5d4 c3d5 c6d5 e3d4 f8e8 b2b4 g7f8 c4c5 d7e5	11...exd4! A normal move when White can’t recapture on d4 with the knight. 11...Re8?! 12.d5! is standard, as the rook is misplaced on e8. With a closed centre Black wants to play for ...f7-f5. But White’s last move is actually mainly based on a tactical justification: 12...cxd5 13.Nxd5! (13.cxd5 yields a positional advantage but the text move is stronger.) 13...Nxd5?! 14.Qxd5 Nb6? 15.Bxb6 Qxb6 16.Qxa8 With the rook on e8 undefended, Black does not have ...Be6 available to trap the queen. 12.Bxd4 This position has been reached many times. Black has several options, and should be ready to sacrifice the d6-pawn in case White gives up his dark-squared bishop, as happened in the game. 12...Re8 12...b4 was played by Kasparov against Kramnik a year later, the game ending in a draw. 13.Bxf6 13.Bf2 is met by 13...Bf8!³ when attempts to win the d-pawn only help Black: 14.Bg3 Ne5 15.c5 d5 16.exd5 cxd5 17.Nxd5 Bxc5³ 13...Qxf6 14.Qxd6 Qxd6 15.Rxd6 Ne5 Black’s active pieces, especially the mighty dark-squared bishop, offer enough compensation.	Shirov	Kasparov	Dortmund	1992	Shirov – Kasparov, Dortmund 1992	356	356
462	priyome	academic	r1bq1rk1/ppp3bp/3p1nn1/2PPp1p1/PPN1Pp2/2N2P2/4B1PP/1RBQ1RK1 b - - 0 1	black	Rf7 Ba3 Bf8 a5 Rg7	f8f7 c1a3 g7f8 a4a5 f7g7	Black should regroup to support ...g5-g4 and defend the d6-pawn. The following moves show the standard scheme. 15...Rf7 16.Ba3 Bf8 17.a5 Rg7÷ Black’s next moves on the kingside may be ...h7- h5 and ...g5-g4, although in some cases ...g5-g4 can be played without the support of the h-pawn – this would typically occur when White moves the knight away from c3, leaving the e4-pawn vulnerable in the event of f3xg4.	Kamsky	Kasparov	Paris (Rapid)	1992	Kamsky – Kasparov, Paris (Rapid) 1992	357	357
463	priyome	academic	r1bqr1k1/pp1n1pbp/2pp1np1/4p3/2PPP3/2N1BN2/PP1QBPPP/3RK2R w K - 0 1	white	d5	d4d5	10.d5 This is the normal response to ...Re8 in the King’s Indian. Not only does it avoid the threat of ...exd4 followed by ...Nxe4, but it also leads to a central structure where the black rook would be better on the f-file. 10.dxe5 is not critical.	Kasparov	Ivanchuk	Reggio Emilia	1992	Kasparov – Ivanchuk, Reggio Emilia 1992	357	357
464	priyome	academic	r2q1rk1/1p2ppb1/2n1b1pp/p1pn4/8/P1NP1NPP/1P1BPPB1/1R1Q1RK1 b - - 0 1	black	b6 Ne4 Kh7 Qa4 Nd4	b7b6 c3e4 g8h7 d1a4 c6d4	White is threatening Qc1 with a double attack on h6 and c5 (the latter after Nxd5). 13...b6!³ It makes sense to defend the c5-pawn, as this pawn could be threatened in various ways such as Ne4, Rfc1 etc. Another reason is that 13...Kh7?! invites 14.Qa4! with ideas of Qh4 and Ng5+. Beliavsky played 13...Nd4= but exchanging pieces is not ambitious. 13...Rc8 is another playable move, but less flexible as the rook may be useful on the a-file.	Kasparov	Beliavsky	Reggio Emilia	1992	Kasparov – Beliavsky, Reggio Emilia 1992	358	358
465	priyome	academic	r4rk1/p1q1nppp/1pn5/2P1p3/4P1Q1/P1P2P2/4NKPP/R1B4R b - - 0 1	black	Na5 cxb6 Qxb6+ Be3 Qc6	c6a5 c5b6 c7b6 c1e3 b6c6	16...Na5! Rather than taking the pawn back, Black sacrifices a pawn to keep the c-file open and increase the impact of the outpost on c4. 17.cxb6 Qxb6+ 17...axb6³ is good as well. White’s restricted bishop, Black’s two semi-open files and the c4-square practically always offer compensation in such positions. Karpov didn’t want to allow 18.Rd1 Rfd8 19.Rxd8+ Rxd8 20.Bg5 with simplifications. 18.Be3 Qc6³	Shirov	Karpov	Biel	1992	Shirov – Karpov, Biel 1992	359	359
466	priyome	academic	2r4r/p1kbqpp1/1p2p2p/n1ppP3/3P4/P1PBQN1P/2P2PP1/RR4K1 w - - 0 1	white	Ba6 c4 Rxb6	d3a6 c5c4 b1b6	20.Ba6! Black should have closed the queenside with ...c5-c4 on the previous move. 20.a4 c4³; 20.dxc5 Qxc5= Black attacks the c-pawn, making 21.Nd4 impossible. 20...Rb8 21.dxc5! Again avoiding ...c5-c4. 21...Qxc5? 21...bxc5 was the lesser evil, even though 22.c4² leaves Black’s king rather unsafe. For instance: 22...Rb6 23.cxd5 exd5 24.Be2 Rhb8 25.Rd1² 22.Nd4± Viswanathan Anand “Intuition in chess can be defined as the first move that comes to mind when you see a position.”	Anand	Ivanchuk	Linares (8)	1992	Anand – Ivanchuk, Linares (8) 1992	359	359
467	priyome	academic	4r1k1/2pnrpp1/1p1p3p/p7/2P1n3/1P2P1P1/PB2KPBP/2RR4 w - - 0 1	white	g4	g3g4	25.g4!² Stopping ...f7-f5, and also ...h7-h5. White continues by taking more space on the kingside and keeps the bishop pair as a long-term trump.	Kramnik	Ulibin	Chalkidiki	1992	Kramnik – Ulibin, Chalkidiki 1992	360	360
468	priyome	academic	rn1q1rk1/pp4bp/2ppbnp1/4pp2/2P1P3/2NPB1PP/PP1QNPB1/R3K2R b KQ - 0 1	black	fxe4 Nxe4 Nxe4 Bxe4 d5	f5e4 c3e4 f6e4 g2e4 d6d5	10...fxe4! Good timing when White can’t take back with the d-pawn due to ...Bxc4. 11.Nxe4 Nxe4 12.Bxe4 d5³	Ljubojevic	Kasparov	Linares		Ljubojevic – Kasparov, Linares	361	361
469	priyome	academic	2r3k1/1p2bpp1/p1qprn1p/P3p3/1R2P3/2N1B2P/1PPRQPP1/6K1 b - - 0 1	black	Bd8 Bb6 Qd7	e7d8 e3b6 c6d7	22...Bd8 Finding a more active diagonal for the bishop and more or less forcing White’s reply. 23.Bb6 23.Ra4 loses coordination. There might follow: 23...Qd7 Threatening ...Rxc3 and ...Qxa4. 24.Ra3 Rxc3 25.bxc3 Nxe4© 23...Bxb6 24.Rxb6 Qd7² Black still has the worse structure, but suffers less without a bad bishop.	Adams	Anand	Roquebrune (Rapid)	1992	Adams – Anand, Roquebrune (Rapid) 1992	361	361
470	priyome	academic	r2q1rk1/pp1n1pbp/3p1np1/2pp4/2P1P3/2NB3P/PP3PP1/R1BQ1RK1 w - - 0 1	white	exd5	e4d5	12.exd5!² Delaying ...e6xd5 in the Benoni has the downside that White can recapture with the e- pawn. That gives Black less counterplay, since it’s harder to carry out ...b7-b5 and there is no pawn on e4 to attack. True, White lacks the possibility of a central break with f2-f4 and e4-e5, but White still controls more space and can look to slowly expand on the kingside. 12.cxd5 is a normal Benoni position. Boris Spassky “My forte was the middlegame. I had a good feeling for the critical moments of the play. This undoubtedly compensated for my lack of opening preparation and, possibly, not altogether perfect play in the endgame. In my games things often did not reach the endgame!”	Spassky	Fischer	Sveti Stefan/Belgrade (26)	1992	Spassky – Fischer, Sveti Stefan/Belgrade (26) 1992	362	362
471	priyome	academic	r1bq1rk1/1p4b1/p2p1nn1/3Pp2p/P1N1Ppp1/1Q3P2/1P2BBPP/R3NRK1 b - - 0 1	black	g3 hxg3 Qe7 Qb6	g4g3 h2g3 d8e7 b3b6	19...g3! A standard sacrifice, gaining squares for the pieces. 20.hxg3 20.Bb6 Qe7 also leaves White in some danger on the kingside. 20...fxg3 21.Bxg3 h4 22.Bh2 Nh5 23.Qb6 Qg5© Sacrificing the pawn was the correct way to be fast enough before White could win on the queenside.	Shirov	Kasparov	Manila (Ol)	1992	Shirov – Kasparov, Manila (Ol) 1992	363	363
472	priyome	academic	r1bqnr2/pp5k/3p2nb/P2Pp1pp/1P2Pp2/2N2P2/4BBPP/R2QNRK1 w - - 0 1	white	Nb5 a6 g4 hxg4 Na7 Nf6 Rc1 g3 Kh1 Rg8 b5	c3b5 a7a6 g2g4 h5g4 b5a7 e8f6 a1c1 g4g3 g1h1 f8g8 b4b5	18.Nb5 The way forward in this typical King’s Indian position. 18...a6 Kasparov sacrificed a pawn: 18...g4 19.fxg4 hxg4 20.Bxg4 Bxg4 21.Qxg4 Nf6 22.Qf3 And another pawn: 22...Qd7 23.Nxa7 Ng4 The game was eventually drawn, but the engine is not impressed by Black’s concept. 18...Nf6 19.Nxa7 Rxa7 is another standard sacrifice, though not good enough here. (19...Bd7 20.a6+–) 20.Bxa7 g4 21.Rc1 g3 22.Kh1+– 19.Na3 A standard manoeuvre to force a weakness. I won’t give an assessment – it’s enough to know that this is the way White should play. 19...Rg8 20.Nc4 This is the most thematic continuation, heading for b6. 20.b5!? also deserves consideration.	Korchnoi	Kasparov	Debrecen	1992	Korchnoi – Kasparov, Debrecen 1992	363	363
473	priyome	academic	r1b2rk1/1pq2pbp/p1np1np1/4p3/4PP2/PN1BNQ2/1PPB2PP/R4RK1 b - - 0 1	black	exf4 Nd4 Be6 Nd5	e5f4 b3d4 c8e6 e3d5	14...exf4 Opening the diagonal before White pushes f4-f5. After 14...Be6 15.f5 Bxb3 16.cxb3 Nd4 17.Qh3© White’s attack compensates for the pawn on b3. 15.Qxf4 Be6µ The activity of the bishop on g7 makes all the difference compared to a normal position with the bishop on e7. Going after the b2-pawn with 15...Nh5?! would allow White to get active with Nd5, either immediately or after moving the queen somewhere.	Short	Kasparov	Debrecen	1992	Short – Kasparov, Debrecen 1992	364	364
474	priyome	academic	rn1qr1k1/2p2pp1/1p2pn1p/p2p4/2PPb3/1PB2NP1/PQ2PPBP/R3R1K1 w - - 0 1	white	Bf1 Bxf3 exf3	g2f1 e4f3 e2f3	14.Bf1! To avoid a bishop exchange when gaining space (with either Ne5 or Nd2, followed by f2-f3 and e2-e4). 14.Bh3 has the same idea, but the bishop does not do much on that diagonal. Black can also offer a bishop exchange with ...Bf5. 14...Bxf3 14...Nbd7 15.Ne5² 15.exf3²	Polugaevsky	Anand	Roquebrune (Rapid)	1992	Polugaevsky – Anand, Roquebrune (Rapid) 1992	365	365
475	priyome	academic	r1bqrnk1/4bppp/2p2n2/pp1p2B1/3P4/2NBPP2/PPQ1N1PP/R4R1K w - - 0 1	white	e4 dxe4 b4 Bg4 Bc4 Ne6 h3 Nxd4 Nxd4 Qxd4 hxg4 Qe5	e3e4 d5e4 b2b4 c8g4 d3c4 f8e6 h2h3 e6d4 e2d4 d8d4 h3g4 d4e5	13.e4 Threatening e4-e5. 13.Rad1 is a slow move that keeps the advantage, but there’s no reason to wait for Black to develop. 13...dxe4 13...b4 can be met in two ways, both tactical. 14.Na4 (14.Bxf6 Bxf6 15.Na4 dxe4 16.fxe4 Bxd4 17.Rad1 Bg4 18.Bc4 Bxe2 19.Bxf7+±) 14...dxe4 15.fxe4 It’s important that 15...Nxe4? doesn’t work due to 16.Bxe4 Bxg5 17.Bxc6 with a fork. 14.fxe4 Ng4 15.Bd2? Keeping the bishops is logical, since White has more space, but it should have retreated to c1. Black now had a strong tactical idea to avoid the positional suffering. Let’s see it, even though it’s not part of the exercise. 15...Ne6 16.h3 Nxd4! 17.Nxd4 Qxd4 18.hxg4 Rd8 19.Rf3 Bxg4 20.Raf1÷ 20.Rg3? Qe5! 21.Rxg4 Qh5+–+	Kasparov	N.N.	London (Simul)	1993	Kasparov – N.N., London (Simul) 1993	365	365
476	priyome	academic	r1b1k2r/pp1p1ppp/2n1pn2/q1p5/2P5/P1Q2NP1/1P1PPPBP/R1B1K2R w KQkq - 0 1	white	b4 cxb4 axb4 Qxb4 Qxb4 Nxb4 Nd4	b2b4 c5b4 a3b4 a5b4 c3b4 c6b4 f3d4	9.b4! Sacrificing a pawn to open files and exploit the weak dark squares in Black’s position. It increases White’s advantage. 9...cxb4 10.axb4 Qxb4 11.Qxb4 11.Qd3± followed by Ba3 is also strong. (Other squares for the queen also work.) 11...Nxb4 12.Nd4± Next comes Ba3.	Kramnik	Romanishin	Belgrade	1993	Kramnik – Romanishin, Belgrade 1993	366	366
477	priyome	academic	r1b1kb1r/1b1n1pp1/pq1ppn1p/8/3NP1P1/2N1BP2/PPP4P/R2QKBR1 w Qkq - 0 1	white	a3 Qc7 Qd2 d5 exd5 Ne5 Be2 Nxd5 Nxd5 exd5	a2a3 b6c7 d1d2 d6d5 e4d5 d7e5 f1e2 f6d5 c3d5 e6d5	10.a3! Tactically defending the pawn without making any big concession. After 10.Rb1 White can’t castle long. 10.Qc1 threatens Nxe6. (10...Qc7 11.Qd2 would be good for White. However, Black has: 10...d5! 11.exd5 Ne5 12.Be2 Nxd5 13.Nxd5 exd5=)	Kasparov	Kamsky	Linares	1993	Kasparov – Kamsky, Linares 1993	367	367
478	priyome	academic	1rq1r1k1/2p1bppp/p2pbn2/P3p3/1pBnP3/3PNN2/1PP2PPP/R1BQR1K1 w - - 0 1	white	Nxd4 exd4 Nd5 Nxd5 exd5	f3d4 e5d4 e3d5 f6d5 e4d5	15.Nxd4 The structural change after ...exd4 helps White, as it slightly reduces Black’s central control. Ordinarily, both f2-f4 and e4-e5 would be new possibilities for White; but in this particular position, the pawn structure will soon change again. 15.Bxe6 Nxe6= 15...exd4 16.Nd5! 16.Bxe6?! helps Black, who will either recapture with the pawn towards the centre, or with the queen coming forward. 16...Nxd5 17.exd5² Both sides have doubled d-pawns, but the pressure on the a6-pawn makes it easier for White to fight for the e-file.	Kasparov	Short	London	1993	Kasparov – Short, London 1993	367	367
479	priyome	academic	r1bqrnk1/ppp1bppp/5n2/3p2B1/3P4/2NBP3/PP2NPPP/R2Q1RK1 w - - 0 1	white	b4 Bxb4 a3 c6 Bxf6 gxf6 Nxd5 Qd6 Qa4 Bd7 Qxb4 Qxd5 Bc4 Re7 Bxd5	b2b4 e7b4 a2a3 c7c6 g5f6 g7f6 c3d5 d8d6 d1a4 c8d7 a4b4 d6d5 d3c4 e8e7 c4d5	We have a Carlsbad structure where White either plays in the centre (f2-f3 and e3-e4) or for a minority attack on the queenside (b2-b4-b5xc6). 10.b4! This tactical idea, to push b2-b4 earlier than normal, has for a long time been considered strong. 10.f3 is normal and not bad at all, but it misses a good opportunity to expand on the queenside. 10...Bxb4? The game continued 10...a6 11.a3 c6 when, having seized some queenside space, Kasparov reverted to the plan of expanding in the centre and won in instructive style. However, from the perspective of the exercise, we should focus on what happens if Black makes the mistake of grabbing the pawn. 11.Bxf6 gxf6 11...Qxf6 12.Nxd5 Qd6 13.Qa4 wins material after: 13...Bd7 14.Qxb4 Qxd5 15.Bc4 Qc6 16.Qb3 Re7 17.Bd5 12.Nxd5 12.Rc1± followed by Ng3 is also good. 12...Qxd5 13.Qa4± White regains the piece while keeping a highly favourable structure.	Kasparov	Short	London (15)	1993	Kasparov – Short, London (15) 1993	368	368
480	priyome	academic	r4rk1/3nppbp/q2p1np1/2pP4/4P3/2N1N3/PPQB1PPP/R4RK1 b - - 0 1	black	c4 a4	c5c4 a2a4	14...c4! Preparing ...Nc5 before White has played b2-b3. Kasparov’s 14...Ne5 is best met by 15.a4², planning Nb5 and b2-b3, which is White’s ideal set-up. 15.a4 Nc5©	Bareev	Kasparov	Linares	1994	Bareev – Kasparov, Linares 1994	369	369
481	priyome	academic	rr4k1/4ppbp/bn1p1np1/qBpP2B1/P3P3/R1N2P1N/1P2Q1PP/5RK1 b - - 0 1	black	Nfd7 Bxa6 Bxc3 Rxc3 Nxa4 Bd2 Qxa6 b3 Rb5 Qxb5 f6	f6d7 b5a6 g7c3 a3c3 b6a4 g5d2 a5a6 b2b3 b8b5 e2b5 f7f6	15...Nfd7! By opening the diagonal Black creates a tactical threat against White’s piece configuration on the queenside. That is important, as it means White has no time for Bxe7. 15...Nxa4!? is also playable, based on the following line: 16.Bxa6 Nxc3 17.Qc4! Qxa3! 18.bxa3 Nd7!² Black wins the bishop on a6 and should be okay. This also counts as a correct solution – but only if you calculated this entire line. 16.Rfa1 16.Bxe7? Bxc3 17.Rxc3 Nxa4 wins an exchange. White collapsed after the game continuation: 16.Bd2?! Bxb5 17.Nxb5 Qa6µ The pawns on b2 and a4 are threatened, and 18.b3 runs into: 18...Nxd5! (Kasparov played 18...Nc8 and eventually won, but the text move is much stronger.) 19.exd5 Rxb5 20.Qxe7 Rb7–+ Black will destroy the white queenside with ...Bb2 and ...Rxb3. 16...Bxc3 17.bxc3 Bxb5 18.Qxb5 f6= Defending against Bxe7 without losing a tempo. Black will sooner or later win back a pawn on the queenside.	Lutz	Kasparov	Horgen	1994	Lutz – Kasparov, Horgen 1994	369	369
482	priyome	academic	r1r2qk1/1p2pp1p/3p2p1/p1nbb3/2P1P3/PP2BP2/2RQ2PP/1R3BK1 w - - 0 1	white	exd5 a4 b4 Nb3 Qf2	e4d5 a5a4 b3b4 c5b3 d2f2	21.exd5 After this move, White can either advance on the queenside with a timely b2-b4, or prepare a gradual attack on the kingside. It is best to keep the c-file closed, as 21.cxd5 a4!= enables Black to create immediate counterplay on the queenside. 21.Qxd5!?² is a decent option which keeps an edge for White. 21...Qg7? 21...a4?! 22.b4 Nb3 23.Qf2±; Black should keep a tighter queenside defence with 21...b6. 22.b4 axb4 23.axb4 Na4 24.c5+– The last move seems strongest, although Khalifman’s 24.Rb3 also maintained a near-decisive advantage.	Khalifman	Hracek	Pardubice	1994	Khalifman – Hracek, Pardubice 1994	370	370
483	priyome	academic	r3r1k1/1p1bqpbp/p1pp1np1/2n5/2PNP3/1PN1BPPP/P1Q3B1/R3R1K1 b - - 0 1	black	Nh5 Kh2 Nf4 Kh1	f6h5 g1h2 h5f4 h2h1	15...Nh5 Black has an inferior pawn structure and needs to create play before White is fully developed. 16.Kh2 16.g4 Nf4!„ was the game. 16...f5 17.exf5 Nxg3! 18.Kxg3 Bxd4 19.Bxd4 Qg5+ 20.Kh2 Qf4+ 21.Kh1 Qxd4„ A nice line, but you don’t need to see all of it to decide on the standard move 15...Nh5.	Nikolic	Kasparov	Tel Aviv (Simul)	1994	Nikolic – Kasparov, Tel Aviv (Simul) 1994	371	371
484	priyome	academic	2kr3r/pppbqpb1/2n1p2p/4P3/4NQ1P/5N2/PPP3P1/2KR1B1R b - - 0 1	black	Nb8 Nd6+ cxd6 Qb4 Bc6 Qc5 Nd7	c6b8 e4d6 c7d6 f4b4 d7c6 b4c5 b8d7	14...Nb8! Activating the light-squared bishop. 14...Nb4? allows: 15.Nd6+! cxd6 16.Qxb4² 15.Be2 15.Nd4 Bc6 16.Nf6 Bxf6 17.exf6 Qc5= 15...Bc6 16.Nf6 Nd7 Black’s regrouping is complete, and White should have exchanged knights with a balanced position.	Adams	Karpov	Las Palmas	1994	Adams – Karpov, Las Palmas 1994	371	371
485	priyome	academic	2rqr1k1/1b1nppbp/pp1p1np1/8/2P4Q/1PN1BNP1/P3PPBP/2RR2K1 w - - 0 1	white	Bh3 Bh6 g4 g5 Qxh6 b5 cxb5 axb5 Nxb5 Qb6 Rc7 Qd4	g2h3 g7h6 g3g4 g6g5 h4h6 b6b5 c4b5 a6b5 c3b5 d8b6 c1c7 b6d4	14.Bh3! This move not only pins the d7-knight, but also serves an important purpose in controlling the g4-square, helping to prepare both Bh6 and g3-g4-g5. 14.g4 is met by 14...h6! when Bxh6 doesn’t win a pawn, and 15.h3 g5÷ is satisfactory for Black. 14.Bh6 allows 14...Bxh6 15.Qxh6 b5! 16.cxb5 axb5 17.Nxb5?! Qb6³ when ...Ng4 (or ...Qxf2+) is a threat. 14...Rc7 15.Bh6 15.g4 is also possible. 15...Rc5 15...b5 16.Bxg7 Kxg7 17.cxb5 axb5 18.Nxb5 leaves Black with insufficient compensation. 16.Bxg7 Kxg7 17.Qd4²	Kramnik	Karpov	Monte Carlo (Blindfold)	1994	Kramnik – Karpov, Monte Carlo (Blindfold) 1994	372	372
486	priyome	academic	r4r2/1ppbqpk1/n2p1np1/p2Pp2p/2P1P3/PPN2P2/3NBQPP/R4R1K b - - 0 1	black	h4 f4 Nxd5 Rfb1 Rh8 h3	h5h4 f3f4 f6d5 f1b1 f8h8 h2h3	18...h4! Preparing ...Nh5 and ...Rh8 with play on the h-file. 19.f4?! Acting before Black has created threats, but it does not make things better. 19.Qxh4 Nxd5µ is a tactical justification, but 18...h4 could also have been played as a pawn sacrifice with the open h-file providing compensation. 19.Rfb1 seems best, although 19...Nh5 20.b4 Rh8ƒ gives Black nice play. 19...exf4 20.Qxf4 h3³ White will be weak around the king, and has weak dark squares as well.	Gulko	Kasparov	Moscow (Rapid)	1995	Gulko – Kasparov, Moscow (Rapid) 1995	373	373
487	priyome	academic	r2q1rk1/pp2ppbp/3pbnp1/8/2P1P3/2N1Q3/PP2BPPP/1RB2RK1 b - - 0 1	black	Qb6 Qg3 Rfc8 b3	d8b6 e3g3 f8c8 b2b3	11...Qb6! Offering an exchange, as Black has less space. Against 11...Ng4?! White can exchange the restricted light-squared bishop, but can also go 12.Qg3 Ne5 13.f4!± when it is not possible to capture on c4, and f4-f5 follows. 12.Qd3 Black’s last move developed the queen for free, and if White plays Be3 the queen can continue to b4 to attack a pawn. After 12.Qxb6 axb6 the b6-pawn is easily defended, while Black intends ...Rfc8, or perhaps ...Nd7 with threats such as ...Bxc3 followed by ...Rxa2. A possible continuation is 13.a3 Rfc8 14.b3 b5! with good counterplay.	Krasenkow	Khalifman	Elista	1995	Krasenkow – Khalifman, Elista 1995	373	373
488	priyome	academic	r1b2rk1/1p2bppp/p2ppn2/q7/3QPP2/2N1B3/PPP1B1PP/2KR3R w - - 0 1	white	Qb6 Qxb6 Bxb6 Ne8 e5 d5 f5	d4b6 a5b6 e3b6 f6e8 e4e5 d6d5 f4f5	12.Qb6! White is often happy with a queen exchange on b6 in the open Sicilian. 12...Qxb6 13.Bxb6 Black has a hard time completing development, and the d6-pawn may prove vulnerable in some lines. 13...Ne8 13...Bd7 14.e5 Ne8 15.Bc5!+– 14.e5 d5 15.f5± Anand’s choice, following up with Bg4. 15.Bf3!?± is an excellent alternative, threatening to capture twice on d5 and trap the bishop on e7.	Anand	Kamsky	Las Palmas	1995	Anand – Kamsky, Las Palmas 1995	374	374
489	priyome	academic	1r4k1/2n1ppbp/r2p2p1/2pP4/n3P3/P1N3PP/1PR1NPK1/R1B5 b - - 0 1	black	f5 f3 fxe4 fxe4 Nb5 Bd2 Nbxc3 Bxc3 Nxc3 Nxc3 Be5	f7f5 f2f3 f5e4 f3e4 c7b5 c1d2 b5c3 d2c3 a4c3 e2c3 g7e5	20...f5! Indirectly threatening the d5-pawn. Often, ...f7-f5 weakens the e6-square and e7-pawn considerably; but without queens, White is far too passive to make use of those weaknesses. 20...Rb3© 21.f3 The normal reaction. 21...fxe4 22.fxe4³ Compared to the starting position of the exercise, the e4-pawn is an additional weakness that can be attacked with ...Ra4 and/or ...Nf6. A sample line: 22...Nb5 23.Bd2 Nbxc3 24.Bxc3 Nxc3 25.Nxc3 Be5³ White is unable to do anything with the extra pawn, and Black may advance on the kingside to create an additional target.	Beliavsky	Khalifman	Linares	1995	Beliavsky – Khalifman, Linares 1995	375	375
490	priyome	academic	3rr1k1/1p2bppp/p1bppn2/q7/P3PP2/2NQBB2/1PP3PP/R2R3K w - - 0 1	white	b4 Qc7 Rdb1 Qa5 Bb6 Bd7	b2b4 a5c7 d1b1 c7a5 e3b6 c6d7	17.b4! Gaining space by a tactical idea. 17...Qc7 17...Qxb4? 18.Rdb1 Qa5 19.Bb6 and the queen is trapped. 18.b5! Otherwise Black pushes ...d6-d5. 18...Bd7 19.Rab1±	Anand	Kasparov	New York (9)	1995	Anand – Kasparov, New York (9) 1995	375	375
491	priyome	academic	2r2r2/p3ppk1/1q1p1np1/2pP3p/2B4P/1P3P2/P1PQ2P1/R3K2R b KQ - 0 1	black	e5 O-O-O e4 Qb4 a5 Be2 Rfd8 c4	e7e5 e1c1 e5e4 d2b4 a7a5 c4e2 f8d8 c2c4	18...e5! Black gets rid of the backward pawn on e7. 18...e6 is simply met by: 19.0-0-0 19.dxe6?! 19.0-0-0 is the lesser evil, when Black has several options. (19...e4³ questions White’s pawn structure; 19...Qb4³ angles for a promising endgame; 19...a5³ prepares a slow attack.) 19...d5! 20.Be2 Black has become active and has many good moves20.Bxd5? Rfd8 21.c4 fxe6 wins the bishop. 20...c4 Kasparov later commented that he was happy to “prevent castling on two wings with one move” (as castling long loses the b3-pawn).	Anand	Kasparov	New York (13)	1995	Anand – Kasparov, New York (13) 1995	376	376
492	priyome	academic	r2qrbk1/1b3p2/p1pp1np1/1pnPp2p/4P3/2P2NNP/PPB2PP1/R1BQR1K1 w - - 0 1	white	b4 Ncd7 dxc6 Bxc6 Bb3	b2b4 c5d7 d5c6 b7c6 c2b3	18.b4 Capturing on c6 first would give the knight the e6-square. 18...Ncd7 19.dxc6 Bxc6 20.Bb3² Black won’t be able to push ...d6-d5.	Anand	Ivanchuk	Dos Hermanas	1996	Anand – Ivanchuk, Dos Hermanas 1996	377	377
493	priyome	academic	rnbqkb1r/5ppp/p2p1p2/1ppP4/4P3/5N2/PPP2PPP/RN1QKB1R w KQkq - 0 1	white	a4 b4 Bd3	a2a4 b5b4 f1d3	7.a4 Forcing the b-pawn to move is a good idea with the knight still on b1. 7...b4 8.Bd3² White follows up with Nbd2 and Nc4.	Kasparov	Graf	Moscow (Rapid)	1996	Kasparov – Graf, Moscow (Rapid) 1996	377	377
494	priyome	academic	r1bqkb1r/pp1n1pp1/2p1pn1p/6N1/3P4/3B1N2/PPP2PPP/R1BQK2R w KQkq - 0 1	white	Nxe6 Qe7 Bg6	g5e6 d8e7 d3g6	8.Nxe6 Qe7?! After 8...fxe6 9.Bg6+ Ke7 10.0-0 White has scored excellently in practice. The next few moves are likely to be Re1 and c2-c4. Black’s best chance is to put the queen on c7 and king on d8, preparing to develop the kingside. 9.0-0 fxe6 10.Bg6+ Kd8 11.Bf4± Black is too passive and the king has long-term problems. There have been many games, White winning almost all of them.	Deep Blue	Kasparov	New York (6)	1997	Deep Blue – Kasparov, New York (6) 1997	378	378
495	priyome	academic	2rr2k1/1bq1bpp1/p2ppn1p/1p5P/4P2B/5P2/PPPQN1P1/1K2RB1R b - - 0 1	black	e5 Bg3 d5 Nc3	e6e5 h4g3 d6d5 e2c3	17...e5! 17...d5? allows 18.e5! with the following justification: 18...Qxe5 19.Bg3 Qf5 20.Nd4 Qh7 21.Bd3 Qh8 White is winning even without finding the decisive: 22.Nxe6! fxe6 23.Rxe6+– 18.Bxf6 The only way to stop ...d6-d5. 18.Nc3 d5!µ 18...Bxf6 19.Nc3 Bg5µ A problem for White is that Nd5 followed by Qxd5 isn’t possible due to the loose c2-pawn. Black can push the queenside pawns with an attack.	Ivanchuk	Anand	Linares	1998	Ivanchuk – Anand, Linares 1998	378	378
496	priyome	academic	r1b1k2r/1pp2pp1/2p4p/p3Pn2/1b6/1PN2N1P/PBP2PP1/R2R2K1 b kq - 0 1	black	Bxc3 Bxc3 a4	b4c3 b2c3 a5a4	13...Bxc3! The Berlin endgame gives Black the bishop pair, but perhaps a more important theme is to play for domination of the light squares. That can be achieved by swapping the dark-squared bishop for a knight, and reaching a position with opposite-coloured bishops on the board. Of course, it’s important not to allow e5-e6 under favourable conditions. Some might argue against this exchange, but it’s not only Anand’s choice to beat a computer – it has also been played by Kramnik in similar positions. 14.Bxc3 a4= 14...c5 was the game.	Fritz 5	Anand	Frankfurt (Rapid)	1998	Fritz 5 – Anand, Frankfurt (Rapid) 1998	379	379
497	priyome	academic	5rk1/2pbnpp1/qb1p1n1p/1p2p3/1P1PP3/N1P2N1P/1BBQ1PP1/5RK1 b - - 0 1	black	exd4 cxd4 d5 e5 Ne4 Qe3 Nc6	e5d4 c3d4 d6d5 e4e5 f6e4 d2e3 e7c6	17...exd4! Black exchanges the vulnerable e5-pawn. The game went 17...Ng6?! reaching another exercise. 18.cxd4 d5 18...Ng6 19.d5 Nh5÷ is a valid alternative. 19.e5 Ne4 A standard method against the d4/e4 pawn centre. 20.Qe3 White is not really threatening to take on e4, as Black gets compensation on the light squares. Black also has a move to create counterplay. 20...Nc6÷	Topalov	Anand	Dos Hermanas	1999	Topalov – Anand, Dos Hermanas 1999	380	380
498	priyome	academic	r1bqk2r/4bppp/p3pn2/np6/3P4/2N2N2/PPB2PPP/R1BQR1K1 w kq - 0 1	white	d5 b4 Bd2 Qxd5 Bg5 O-O Qd3 g6 Bf4	d4d5 b5b4 c1d2 d8d5 d2g5 e8g8 d1d3 g7g6 g5f4	12.d5! The standard break, possible since Black hasn’t castled yet. 12...b4 12...Nxd5 13.Nxd5 Qxd5 is met by 14.Bd2!± intending Be4 and Rc1, when Black will do well to survive. (14.Qxd5 exd5²); 12...exd5? 13.Bg5 0-0 14.Rxe7!+–; 12...0-0 is a better try, although it does not fully solve Black’s problems. 13.Qd3 g6 14.Bf4² 13.Ba4+± Black has to move the king, and the position continues to open up.	Kramnik	Karpov	Frankfurt (Rapid)	1999	Kramnik – Karpov, Frankfurt (Rapid) 1999	380	380
499	priyome	academic	5rk1/1br1qppp/p3p3/1pnpP3/1b1N1P1P/1P1BB3/P1P1Q1P1/1K1R3R w - - 0 1	white	f5 Bc3 Qg4 Nxd3 Rxd3 Bxd4 Bf4 f6	f4f5 b4c3 e2g4 c5d3 d1d3 c3d4 e3f4 f7f6	21.f5! Threatening to destroy Black’s king shelter with f5-f6. 21...Bc3 After 21...exf5 22.Nxf5 Qxe5 23.Qg4 Nxd3 24.Rxd3 White wins with Bd4 or Bf4 next. 22.f6 gxf6 23.Bxh7+ White’s attack is decisive.	Anand	Shirov	Monte Carlo (Rapid)	2000	Anand – Shirov, Monte Carlo (Rapid) 2000	381	381
500	priyome	academic	1r1q1rk1/pb1nbppp/2p1p3/4P3/3PB3/p4N2/1P3PPP/R1BQ1RK1 w - - 0 1	white	b4 c5 Bxh7+ Kxh7 Ng5+ Kg6 h4 Rh8 Qd3+ f5 exf6+ Kxf6 Qf3+	b2b4 c6c5 e4h7 g8h7 f3g5 h7g6 h2h4 f8h8 d1d3 f7f5 e5f6 g6f6 d3f3	16.b4! Directed against ...c6-c5. 16.bxa3 c5= 16...f5 16...Bxb4? stops protecting the g5-square, thus allowing: 17.Bxh7+! (17.Qb3? merely gives positional compensation.) 17...Kxh7 18.Ng5+ Kg6 19.h4 Rh8 20.Qd3+ f5 21.exf6+ Kxf6 22.Qf3++– 17.Bd3² Black’s backward c-pawn and bad bishop will remain after White picks up the a3-pawn. 17...Bxb4?! is inadvisable since 18.Bc4 wins the e6- pawn. (White can follow up with Qb3 and/or Ng5 if necessary.)	Khalifman	Bareev	Dortmund	2000	Khalifman – Bareev, Dortmund 2000	382	382
501	priyome	academic	r2q1rk1/pbn1bppp/1p3n2/2ppN3/3P4/1PN1B1P1/P3PPBP/R2QR1K1 w - - 0 1	white	dxc5 bxc5 Na4 Ne6 Rc1 Rc8 Nd3 d4 Bf4 Nxf4 Nxf4 Bxg2 Nxg2 Qa5 Nf4	d4c5 b6c5 c3a4 c7e6 a1c1 a8c8 e5d3 d5d4 e3f4 e6f4 d3f4 b7g2 f4g2 d8a5 g2f4	14.dxc5! Giving Black vulnerable hanging pawns. 14.Rc1 cxd4 and Black somehow semi-escapes. 14...bxc5 White follows up with threat after threat. 15.Na4 Ne6 16.Rc1 Rc8 16...Qb8!? is Stockfish’s choice, to defend the bishop and be able to move the d-pawn. 17.Nd3 d4 18.Bf4 Nxf4 19.Nxf4 Bxg2 20.Nxg2² 17.Nd3 Qa5 17...Nd7 18.Nf4! Nxf4 19.gxf4² and Black loses a pawn. 18.Naxc5! Bxc5 19.Bxc5 Nxc5 20.Rxc5 Rxc5 21.b4 Qxa2 22.bxc5± White is better placed to exploit the open files on the queenside and has two weak pawns to attack. Anand went on to win a nice game.	Anand	Gelfand	Shenyang	2000	Anand – Gelfand, Shenyang 2000	383	383
502	priyome	academic	qr4k1/r2nppbp/b2p1np1/2pP4/7N/2N3P1/PPQ1PPBP/R1BR2K1 w - - 0 1	white	Rb1 Bc4	a1b1 a6c4	14.Rb1! Preparing b2-b3 as a response to ...Bc4. (The rook needs to leave a1 before the long diagonal opens.) A good set-up is to have the pawns on b3 and a4. 14.b3 c4!©; 14.e4? Bc4µ and White can’t untangle.	Karpov	Staikopoulos	Rethymno (Simul)	2001	Karpov – Staikopoulos, Rethymno (Simul) 2001	384	384
503	priyome	academic	r3r1k1/ppqb1pbp/n1pp1np1/8/2PNP3/2N2P2/PP4PP/1RBQRBK1 b - - 0 1	black	d5 Bg5 Qb6	d6d5 c1g5 c7b6	14...d5! Fighting for the centre and getting rid of a potentially weak pawn. 14...Rad8 can be met by 15.Bg5 (or 15.Bf4) and it’s too late. 15.cxd5 Nxd5! Exchanging knights opens the diagonal for the bishop on g7. 15...cxd5 16.Ndb5² 16.exd5 Rxe1 17.Qxe1 Bxd4+ 18.Be3 Qb6=	Kramnik	Piket	Monte Carlo (Rapid)	2001	Kramnik – Piket, Monte Carlo (Rapid) 2001	384	384
504	priyome	academic	3q1rk1/rb2bppp/p3pn2/np4B1/3P1Q2/2N2N2/PPB2PPP/3R1RK1 w - - 0 1	white	d5 Bxd5 Nxd5 exd5 Qh4 h6 Rfe1 Rc7 Rxd5 h5 Bxf6	d4d5 b7d5 c3d5 e6d5 f4h4 h7h6 f1e1 a7c7 d1d5 h6h5 g5f6	15.d5! The thematic break, making use of the d-file (rook against the queen) and the h4-d8 diagonal. A few key variations secure White a clear advantage, and that’s chess: positional moves are backed up by concrete calculation. 15...Bxd5 Other captures are worse: 15...Nxd5? 16.Bxh7+ Kxh7 17.Qh4+ Kg8 (17...Kg6 18.g4 Bxg5 19.Qh5+ Kf6 20.Qxg5#) 18.Rxd5!+– After the knight lands on g5, Black will have to give up the queen. 15...exd5? 16.Qh4 h6 (16...g6 17.Rfe1+– and the pin decides.) 17.Bxh6 with a mating attack. 16.Nxd5 16.Ne5? Rc7³ 16...exd5 16...Nxd5 can be refuted in more than one way. For instance: 17.Rxd5 exd5 18.Bxh7+ Kxh7 19.Qh4+ Kg6 (19...Kg8 20.Bxe7 Qxe7 21.Ng5+–) 20.Ne5+ Kf5 21.Qg4+ Kxe5 22.Bf4+ Kf6 23.Re1 With mate on the next move. 17.Qh4 h5± Other moves lose in the same way as after 15...exd5. After the text move, White should not hurry to pick up the pawn with Bxf6 and Qxh5, but instead play for an attack. 18.g4!? is one of a few good options.	Kramnik	Anand	Dortmund	2001	Kramnik – Anand, Dortmund 2001	385	385
505	priyome	academic	2rqrbk1/pb1n1ppp/1ppppn2/3P4/2P1P3/P1N1B1N1/1P1QBPPP/R4RK1 w - - 0 1	white	dxe6 d5 Rfe1 Nc5 Rad1	d5e6 d6d5 f1e1 d7c5 a1d1	14.dxe6! Black wanted to exchange several times on d5, with a static pawn structure. 14.Rfe1 exd5 15.exd5 cxd5 16.cxd5 Nc5² 14...fxe6 14...Rxe6 15.Rad1± 15.f4± Black has an extra central pawn, but no good way to use the pawns.	Kasparov	Kramnik	Moscow (Rapid)	2001	Kasparov – Kramnik, Moscow (Rapid) 2001	386	386
506	priyome	academic	rnbq1r1k/1p4pp/p1pbpn2/3p1p2/2PP4/2NBPP2/PPQ1N1PP/R1B2RK1 w - - 0 1	white	c5 Bc7 b4 Nbd7 Bd2	c4c5 d6c7 b2b4 b8d7 c1d2	10.c5 Gaining space on the queenside before Black has time for ...Qc7, hitting the h2-pawn. The downside with c4-c5 is that it allows Black to push his e-pawn without weakening d5. However, Black will first have to play ...g7-g6 to defend f5; and when ...e6-e5 finally comes, White has more than one way to deal with it. 10.b3 dxc4 11.bxc4 c5= 10...Bc7 11.b4 Nbd7 12.Bd2± When ...e6-e5 eventually happens, White will most likely be able to meet it with e3-e4, exploiting his lead in development. A second possibility is to play dxe5 followed by f3-f4, gaining an outpost on d4 and intending to play on the dark squares.	Kramnik	Tregubov	France	2002	Kramnik – Tregubov, France 2002	386	386
507	priyome	academic	r1b2rk1/pp1nqppp/2pbpn2/3p4/2PP4/2NBPN2/PPQ2PPP/R1B2RK1 w - - 0 1	white	c5 e5 e4 dxe4 Nxe4 Nxe4 Bxe4 h6 Re1	c4c5 e6e5 e3e4 d5e4 c3e4 f6e4 d3e4 h7h6 f1e1	9.c5 Avoiding ...dxc4. 9.e4 dxc4 10.Bxc4 e5= 9...Bc7 10.e4! Before Black gets time for ...e6-e5. 10...e5? Black is not ready for this. 10...dxe4 11.Nxe4 Nxe4 12.Bxe4 h6 13.Re1± The square on d5 is outweighed by the bad bishop on c8. 11.exd5 cxd5 12.Re1!? 12.Bg5+– was the game. 12...e4 13.Nxd5! Nxd5 14.Bxe4+– White will be at least a pawn up.	Karpov	Kosteniuk	Manises (Rapid) (1)	2002	Karpov – Kosteniuk, Manises (Rapid) (1) 2002	387	387
508	priyome	academic	r1b2rk1/pp1nqppp/2pb1n2/4p3/2BP4/2N1PN1P/PPQ2PP1/R1B2RK1 w - - 0 1	white	a3 e4 Ne5 Bc7 Re1 Nb6 Ba2 Bf5 f3 Nbd5 Nxe4 Rae8 Qf2 Bxe4 fxe4 h6 Bd2	a2a3 e5e4 f3e5 d6c7 f1e1 d7b6 c4a2 c8f5 f2f3 b6d5 c3e4 a8e8 c2f2 f5e4 f3e4 h7h6 c1d2	A difficult position where the main point is to understand that White wants to play useful prophylactic moves, waiting for a reaction in the centre. Possible moves are Bb3 (avoiding ...Nb6 with tempo), a2-a3, h2-h3 (already played), Bd2 and Rad1/e1. Black also has prophylactic moves: ...Bc7/b8, ...h7-h6 and ...Re8. Apologies in advance for the number of variations below. They are included to aid our understanding of this pawn structure. 11.a3! 11.Bb3 was Karpov’s choice, and a natural move. However, the bishop is better on a2, as there are some possible lines where ...Nd7-c5 might hit the bishop on b3. 11.dxe5?! Nxe5 12.Nxe5 Bxe5= frees Black’s game, and the bishop can go to e6 in the near future. 11.e4 exd4 12.Nxd4 Ne5= 11...Bc7 11...Nb6? 12.dxe5±; 11...exd4?! 12.exd4 Nb6 13.Re1±; The possible downside of playing a2-a3 instead of Bc4-b3 is shown after 11...e4!? 12.Ng5 Nb6, but White is still better with exact play. 13.Ba2 Bf5 14.f3 A must before ...h7- h6. 14...Nbd5 15.Ngxe4 (15.Ncxe4 Rae8=) 15...Nxe4 16.Nxe4 Rae8 17.Qf2! Bxe4 18.fxe4 Qxe4 19.Bb1± The e3-pawn will march to e4 and e5 with gain of time. 12.Ba2 h6 Preparing ...e5-e4. 12...Re8 13.Bd2 h6 14.Nb5!± gains time for Bb4. After Black’s last move we have transposed to Karpov – Anand from Exercise 161, where we saw that 13.Nh4² is a good move.	Karpov	Kosteniuk	Manises (Rapid) (3)	2002	Karpov – Kosteniuk, Manises (Rapid) (3) 2002	388	388
509	priyome	academic	q4r2/1brnppkp/pp1p1np1/8/2P4Q/1PN3P1/P3PPBP/2RRN1K1 b - - 0 1	black	b5 e3 d5 cxd5 Nxd5 Nxd5 Rxc1 Rxc1 Rc8 Nc2 Ne5	b6b5 e2e3 d6d5 c4d5 f6d5 c3d5 c7c1 d1c1 f8c8 e1c2 d7e5	16...b5! A pawn lever that works more often when White has fianchettoed the light-squared bishop (thus controlling d5, but not b5). The downside with 16...Bxg2 17.Nxg2 b5 is that it allows the knight to hop from g2 to e3, with equal chances. (Note that 17...d5? is too shaky, and 18.cxd5 Nxd5 19.Nxd5 Rxc1 20.Rxc1 Qxd5 21.Qxe7 picks up a pawn.) 17.Nd5 17.cxb5? Bxg2 18.Nxg2 Rfc8–+; 17.Bxb7 Qxb7 18.Nc2 bxc4 19.bxc4 Ne5³ 17...Bxd5! 17...Nxd5= was the game. 18.cxd5 Rfc8 19.Rc6 Qa7 20.Rdc1 Ne5³ Black plays on the dark squares, or rather against White’s passive bishop.	Karpov	Gelfand	Cap d’Agde (Rapid)	2002	Karpov – Gelfand, Cap d’Agde (Rapid) 2002	389	389
510	priyome	academic	r3r1k1/1p3p1p/1npqbnp1/p2p4/3P4/P1NBP2P/1PQN1PP1/1RR3K1 w - - 0 1	white	b4 axb4 Rxb4 Nc4 Bxc4 dxc4 Nce4 Nxe4 Nxe4 Qe7 Nc5 Bf5 e4 Bxe4 Nxe4 Qxe4 Qxc4 Rad8 Rd1	b2b4 a5b4 b1b4 b6c4 d3c4 d5c4 c3e4 f6e4 d2e4 d6e7 e4c5 e6f5 e3e4 f5e4 c5e4 e7e4 c2c4 a8d8 c1d1	18.b4 axb4 19.Rxb4!± The b7-pawn is weak. 19.axb4 is a standard minority attack, intending b4-b5 to create a weak pawn on b7 or c6. Black has a long line that seems to equalize. Let’s leave it unannotated: 19...Nc4 20.Bxc4 dxc4 21.b5 c5! 22.Nce4 Nxe4 23.Nxe4 Qe7 24.Nxc5 Bf5 25.e4 Bxe4 26.Nxe4 Qxe4 27.Qxc4 Rad8 28.Rd1 Rd5©	Khalifman	Filippov	Sochi	2004	Khalifman – Filippov, Sochi 2004	389	389
511	priyome	academic	r1b2rk1/pp1nqpp1/2pb1n1p/4p3/2BP4/P1N1PN1P/1PQ2PP1/R1B2RK1 w - - 0 1	white	Nh4 Nb6 Nf5 Bc7 Rd1 Rd8 Nd6 Qxd6 dxe5 Qxe5 Bd3	f3h4 d7b6 h4f5 d6c7 f1d1 f8d8 f5d6 e7d6 d4e5 d6e5 c4d3	12.Nh4! Threatening 13.Ng6 and 13.Nf5. 12...Nb6 12...Qd8 moves the piece that’s part of both forks, but it’s passive. 13.Nf5 Bc7 14.Rd1±; 12...Rd8 13.Nf5 Qf8 14.Nxd6 Qxd6 15.Rd1 Black will miss the dark-squared bishop. 13.Ng6 Qc7 14.Nxe5! Or taking with the pawn first. 14.Nxf8? Nxc4– + and the knight is trapped on f8. 14...Bxe5 15.dxe5 Qxe5 16.Bd3± White has good chances with the bishop pair. Depending on Black’s next move, White will either mobilize the central pawns with f2- f4 and e3-e4 or develop the dark-squared bishop on b2.	Karpov	De Dovitiis	Villa Martelli (Simul)	2005	Karpov – De Dovitiis, Villa Martelli (Simul) 2005	390	390
512	priyome	academic	1r1q1rk1/5ppp/B1bp4/3Np1b1/pP2P3/8/1P3PPP/R2Q1RK1 w - - 0 1	white	Rxa4 Bxa4 Qxa4	a1a4 c6a4 d1a4	18.Rxa4! Bxa4 19.Qxa4² For the exchange, White has a passed pawn and firm control over the light squares. Black needs to redirect the bishop to d8 to keep the b-pawn under control.	Anand	Van Wely	Wijk aan Zee	2006	Anand – Van Wely, Wijk aan Zee 2006	391	391
513	priyome	academic	rn2k2r/pb2q1pp/1ppbpn2/3p1p2/2PP4/1P1BPN2/PB3PPP/RNQ2RK1 w kq - 0 1	white	cxd5 Ba3 Bxa3	c4d5 d6a3 b2a3	10.cxd5! A standard exchange when Black can’t take back with the e-pawn (f5 would drop). 10.Ba3 is a normal plan, but White may only get one chance for the text move. 10...Nxd5² White has an advantage in the centre. The strategic plan is e3-e4, opening the e-file and the b1-h7 diagonal. 10...cxd5?! 11.Ba3±	Kramnik	Caen University	Paris (Simul)	2006	Kramnik – Caen University, Paris (Simul) 2006	391	391
514	priyome	academic	r3k2r/1bqnbppp/p2ppn2/6B1/1p2PP2/1N1B3Q/PPP3PP/1NKRR3 b kq - 0 1	black	e5 Nd4 a5 a4 Bc8 fxe5 b3	e6e5 b3d4 a6a5 a2a4 b7c8 f4e5 b4b3	14...e5! 14...a5 is a mistake due to 15.Nd4, so Black starts by stopping the knight’s journey. 15.N1d2 a5 16.Kb1 16.Nc4 a4 is sometimes dangerous due to: 17.Nd4!? (Black could have gone for the prophylactic 16...Bc8!? on the previous move to avoid this, but it wasn’t necessary.) 17...exd4 18.e5 On this occasion Black remains on top after: 18...dxe5 19.fxe5 b3!µ 16...a4 17.Nc1 0-0 Black’s attack is faster – which normally means winning. Veselin Topalov “...I always play only for first place, with my style, 100% effort in every game...”	Kamsky	Topalov	Sofia	2006	Kamsky – Topalov, Sofia 2006	392	392
515	priyome	academic	r2q1rk1/pb3pbp/1p2p1p1/n7/3PP3/3BB3/P2QNPPP/2R2RK1 w - - 0 1	white	h4 Qe7 Bg5 Bxd4 h5	h2h4 d8e7 e3g5 g7d4 h4h5	15.h4!± Preparing to put Black’s kingside under pressure. 15...Qe7 It’s required to calculate a line: 15...Qxh4? 16.Bg5 Qg4 17.f3 Qh5 18.Ng3 Bxd4+ 19.Rf2+– 16.h5± Exchanging on g6 is always an option, but it’s more likely that White will play h5-h6 at some point. With that being said, it makes sense to postpone the decision for at least a few moves, to keep Black guessing.	Carlsen	Ivanchuk	Morelia/Linares	2007	Carlsen – Ivanchuk, Morelia/Linares 2007	393	393
516	priyome	academic	r2q1rk1/pb1pbppp/np2pn2/2p5/2PP4/2N2NP1/PPQ1PPBP/R1B2RK1 w - - 0 1	white	d5 exd5 Nh4 Nc7	d4d5 e6d5 f3h4 a6c7	9.d5! The bishop on b7 would be misplaced in a Benoni structure, as would the bishop on e7. 9...exd5 10.Nh4!² White gets the pawn back. 10.Ng5 Nc7÷	Khalifman	S. Cao	Dresden	2007	Khalifman – S. Cao, Dresden 2007	393	393
517	priyome	academic	2rrq1k1/p6p/bppbpn2/3p1pp1/2PP4/1P1NP1P1/PBR2PBP/3QR1K1 b - - 0 1	black	g4 f3 gxf3	g5g4 f2f3 g4f3	20...g4!÷ Securing the e4-square à la Yusupov, a great expert in this system and Anand’s former coach. 20...Rc7 21.f3 g4 is too late: 22.e4! gxf3 23.e5±	Kramnik	Anand	Nice (Rapid)	2008	Kramnik – Anand, Nice (Rapid) 2008	394	394
518	priyome	academic	r1b2rk1/1p1nqpp1/p1pbp2p/3p4/2PP4/2NBPN2/PPQ2PPP/2R2RK1 w - - 0 1	white	c5 Bc7 e4 dxe4 Nxe4 e5 Rfe1	c4c5 d6c7 e3e4 d5e4 c3e4 e6e5 f1e1	12.c5! Together with the next move, this is a standard method. 12.e4 allows 12...dxc4 13.Bxc4 and Black has several options, 13...c5= for instance. 12...Bc7 13.e4! Otherwise Black goes ...e6-e5. 13...dxe4 14.Nxe4² White plays against the bishop on c8, and with the idea that 14...e5 15.Rfe1 leaves Black’s queen exposed. It’s possible to analyse further, but this is all you need to see to decide to play 12.c5.	Ivanchuk	Topalov	Sofia	2008	Ivanchuk – Topalov, Sofia 2008	394	394
519	priyome	academic	r3k2r/pbqn1ppp/2pbp3/8/3PB3/p3P3/1P1N1PPP/R1BQ1RK1 w kq - 0 1	white	Nc4 Bxh2+ Kh1 Nb6 Nd6+ Qxd6 b3 Bg3 fxg3 Qxg3 Qh5 a2 Bd2	d2c4 d6h2 g1h1 d7b6 c4d6 c7d6 b2b3 h2g3 f2g3 d6g3 d1h5 a3a2 c1d2	14.Nc4! In many similar positions, the h-pawn is less important than controlling the dark squares on the queenside. 14...Bxh2+ 15.Kh1 Nb6 15...Bd6 16.Nxd6+ Qxd6 17.b3! and Black’s king is kept in the centre. 15...axb2?!± picks up another pawn but speeds up White’s development. 16.b3! In the game there followed 16.Nxb6 axb6 17.g3 Bxg3 18.fxg3 Qxg3 19.Qh5 and White eventually won. However, Sveshnikov later introduced 18...a2!! when Black has more than sufficient compensation for the piece. 16...Nxc4 17.bxc4 Bd6 18.c5 Be7 19.Rxa3² In return for the sacrificed pawn, White benefits from a superior pawn structure and an active bishop on e4, in contrast with its counterpart on b7. The plan from here is simply to develop with Bd2, Qc2 and Rfa1, putting pressure on the a-pawn. Also note that Black doesn’t have any active use for the extra pawn for the moment.	Kramnik	Shirov	Moscow	2008	Kramnik – Shirov, Moscow 2008	395	395
520	priyome	academic	r2qr1k1/pp3ppp/2n2n2/7b/3p1N2/P2B1P2/1PP3PP/R1BQ1RK1 w - - 0 1	white	Nxh5 Nxh5 f4 Nf6 Qf3	f4h5 f6h5 f3f4 h5f6 d1f3	15.Nxh5! White’s main plan is not to attack the isolated pawn, but to gain space on both wings and use the bishop pair. Sending Black’s knight to h5 wins time. 15...Nxh5 16.f4 Nf6 17.Qf3²	Topalov	Ivanchuk	Nanjing	2008	Topalov – Ivanchuk, Nanjing 2008	396	396
521	priyome	academic	r2qk2r/pb3ppp/2pbpn2/8/3PB3/pP2PN2/5PPP/R1BQ1RK1 w kq - 0 1	white	Nd2 Qe7 f3 h5	f3d2 d8e7 f2f3 h7h5	14.Nd2! White would rather sacrifice a pawn than allow the freeing ...c6-c5. 14.Bd3 Qe7! defends the a3-pawn temporarily, and supports ...c6-c5 (after castling). 15.e4 Bb4= 14...Nxe4 14...Qc7 was played by Kramnik against Topalov in their 2006 match, after which Topalov continued to sacrifice the h-pawn. 15.Nxe4 Bxh2+ 16.Kxh2 Qh4+ 17.Kg1 Qxe4 18.f3 Qg6 19.Bxa3 Black can’t castle and White’s bishop is much better than Black’s. Those factors would normally be worth much more than a pawn, but Leko had seen at home that he could create just enough counterplay to achieve a draw. 19...h5! White will soon have to think about a queen exchange.	Anand	Leko	Elista	2009	Anand – Leko, Elista 2009	396	396
522	priyome	academic	r3kn1r/pppbbpp1/8/2p1P1B1/3N3p/5N1P/PPP2PP1/3RR1K1 w kq - 0 1	white	e6 fxe6 Nxe6 Bxg5 Nxg7+	e5e6 f7e6 d4e6 e7g5 e6g7	20.e6! White should always be on the lookout for opportunities to play this move in the Berlin endgame, as it increases the scope of virtually all White’s pieces, and may also lead to attacking chances against the black king. (With some chess education, you should automatically recognize this as a position where Black cannot castle – although in this particular case, Black would not get a chance to castle even it were legal.) 20...fxe6 20...Nxe6? 21.Nf5 Bxg5 22.Nxg7++–; 20...Bxe6?! 21.Nf5± 21.Bxe7 Kxe7 22.Nf5+ Kf6 23.Ne3² Ng4+ comes next.	Carlsen	Naiditsch	Dortmund	2009	Carlsen – Naiditsch, Dortmund 2009	397	397
523	priyome	academic	r2qr1k1/3b1pbp/pp1p2p1/2pP3n/P7/2N3P1/1PQBPPBP/1R3RK1 w - - 0 1	white	b4 b5	b2b4 b6b5	18.b4!= Before Black has time for ...b6-b5, which is now stopped. 18.e4 b5³	Karpov	Nueesch	Zurich (Simul)	2009	Karpov – Nueesch, Zurich (Simul) 2009	398	398
524	priyome	academic	r1bq1rk1/1p3pbp/2pp1np1/p1nPp3/2P1P1P1/P1N1B2P/1P1N1P2/R2QKB1R b KQ - 0 1	black	a4 Bxc5 dxc5 Nxa4 Qa5 Nc3 Ne8	a5a4 e3c5 d6c5 c3a4 d8a5 a4c3 f6e8	11...a4! A standard sacrifice. With g2-g4 played, White hardly wants to give up the dark-squared bishop. Topalov played 11...Nfd7. 12.Bxc5?! Critical but dubious. 12.Qf3!? is one of a few moves which offers White chances for an edge in a complicated position. 12...dxc5 13.Nxa4 13.dxc6? bxc6 14.Nxa4 is worse in view of 14...Qa5 15.Nc3 Ne8µ when the knight heads towards d4. 13...cxd5 14.cxd5 Bh6© Black has good prospects on the dark squares. Veselin Topalov “Magnus’s huge advantage is that he’s able to play well for a very long time, to make a lot of good moves, as if forever. His brain works well after the fifth, sixth or seventh hour of play... In my view he should give his brain to science...”	Carlsen	Topalov	Nanjing	2009	Carlsen – Topalov, Nanjing 2009	398	398
525	priyome	academic	2r1qrk1/pp1b2bp/8/3Ppp2/1Q6/2P1B1P1/P4PBP/R4RK1 b - - 0 1	black	f4 Bc5 f3 Bh1 b5 Bxf8 Bxf8	f5f4 e3c5 f4f3 g2h1 b7b5 c5f8 g7f8	22...f4! 23.Bc5 There is a tactical point: 23.gxf4 exf4 24.Bxf4 Bxc3µ Winning an exchange. 23.Bxa7! is the best chance. Play continues 23...f3 24.Bh1 b5!³ when Black is still the favourite, but at least White has a couple of pawns to compensate for the dead bishop. 23...f3 24.Bxf8 24.Bh1 kills White’s bishop forever. 24...Rf4! is a nice detail, after which 25.c4 b6 sees Black pick up the c4-pawn with a strategically won game. 24...Bxf8 25.Qxb7 fxg2 26.Kxg2–+ Materially White is more or less okay, but Black should be able to use the bishops to create decisive threats against the king.	Leko	Topalov	Nanjing	2009	Leko – Topalov, Nanjing 2009	399	399
526	priyome	academic	r3k2r/ppp1bpp1/2p1b3/4PnBp/8/2N2N1P/PPPR1PP1/R5K1 b kq - 0 1	black	Rd8 Ne4	a8d8 c3e4	13...Rd8! Black can’t castle (since the king has moved – you should realize this when seeing the pawn structure!), and exchanging one pair of rooks makes it easier to live with less space. Black should carry out this plan immediately, otherwise it can be stopped by Rad1. However, Black wants to keep the second rook, for several reasons. Firstly, the presence of a rook makes it harder for White to advance the kingside pawn majority, as this would expose White’s king. On a more general note, a rook tends to cooperate well with a bishop or pair of bishops. Furthermore, preserving one rook reduces the risk of Black ending up in a bad endgame with a single bad bishop against a stronger knight. A test solver mentioned the strange-looking 13...Rg8!? to prepare ...f7-f6. However, after 14.Ne4! it’s time to revert to the main plan: 14...Rd8=	Anand	Karjakin	Moscow (Blitz)	2009	Anand – Karjakin, Moscow (Blitz) 2009	400	400
527	priyome	academic	r1bq1rk1/pp2ppbp/6p1/n1p5/3PP3/2PBB3/P3NPPP/R2Q1RK1 b - - 0 1	black	b6 Rc1 Bb7 d5 e5 Bxc5 Qc7	b7b6 a1c1 c8b7 d4d5 e7e5 e3c5 d8c7	11...b6! Black doesn’t want to capture on d4 yet, opening the c-file for White’s rook. Instead, Anand makes a standard move offering a pawn sacrifice. 11...cxd4 12.cxd4 b6 13.Rc1 Bb7 14.d5² 12.dxc5 This is the critical move to check. 12.Qd2 was the game continuation. 12.Rc1 is met by 12...e5!„ and if White answers with d4-d5, Black is satisfied to have the c-pawns on the board. 12...bxc5 12...Qc7 is also a normal move, to open the a-file as well. 13.Bxc5 Qc7 Black’s activity and use of the c4- square yield enough compensation for the pawn.	Topalov	Anand	Sofia (1)	2010	Topalov – Anand, Sofia (1) 2010	401	401
528	priyome	academic	1rrq2k1/1b3pb1/pp1ppnp1/4n2p/P1PNP3/1PN2PB1/3Q2PP/1RR2B1K b - - 0 1	black	h4 Rd1 Bh6 Qe1 Bf4 Bxh4 Nxe4 Bxd8 Nd2 Ne4 Rxd8 Nf6+	h5h4 c1d1 g7h6 d2e1 h6f4 g3h4 f6e4 h4d8 e4d2 c3e4 c8d8 e4f6	21...h4! Gaining space. The tactical justification is so standard that we can call it a positional motif. 21...Qf8 22.Rd1 Bh6 23.Qe1² 22.Bf4 The h-pawn can become weak, of course, but Black trusts that he will achieve a pawn lever with the b- or d-pawns if White goes after it. 22.Bxh4 Nxe4! is the tactical point, when White is worse in every line: 23.Qe1 (23.Bxd8? Nxd2–+; 23.Nxe4? Qxh4 and if 24.Nxd6? Rd8 White loses one of the knights.) 23...g5!³ Forcing the exchange of knight for bishop is the most ambitious approach, giving Black excellent prospects on the dark squares. (But even after the more modest 23...Bf6 or 23...Nf6, Black would benefit from exchanging the h-pawn for White’s central pawn. The b7-bishop would certainly approve!) 22...Rc5!? It’s worth including a few more moves to see how Carlsen uses the h-pawn. 22...Nh5 23.Be3 Ba8² is a reasonable alternative. 23.Re1 23.Kg1!² is an improvement pointed out by a test solver. 23...Nh5 24.Be3 Ng3+! 25.Kg1 25.hxg3? hxg3 is too dangerous for White. (The analysis contains some nice points, but the details are too much for this book.) 25...Nxf1 Black soon gained a strong attack on the light squares.	Hammer	Carlsen	Kristiansund (Rapid)	2010	Hammer – Carlsen, Kristiansund (Rapid) 2010	401	401
529	priyome	academic	r1bq1rk1/p4pb1/n1pp2pp/4p2n/2P1P3/2N1BN1P/PP1QBPP1/R3K2R b KQ - 0 1	black	Nf4 g3	h5f4 g2g3	12...Nf4 The knight belongs here, and sacrificing a pawn is no big deal. 12...Qf6? 13.g3± 13.0-0!÷ 13.Bxf4 exf4 14.Qxf4 gives Black the initiative, and moves such as ...Rb8, ...Re8, ...Nc5 and ...Qb6/a5 will mostly come with gain of tempo.	Bluvshtein	Topalov	Khanty-Mansiysk (Ol)	2010	Bluvshtein – Topalov, Khanty-Mansiysk (Ol) 2010	402	402
530	priyome	academic	r2q1rk1/1b2bppp/pp1ppn2/2n5/2PQP3/BPN2NP1/P4PBP/R2R2K1 w - - 0 1	white	e5 dxe5 Qxd8 Rfxd8 Nxe5 Bxg2 Kxg2 Bf8 b4 Nce4 Na4 Nd7 f4 Bc5 bxc5 Rac8 Bb4 bxc5 a3	e4e5 d6e5 d4d8 f8d8 f3e5 b7g2 g1g2 e7f8 b3b4 c5e4 c3a4 f6d7 f2f4 f8c5 b4c5 a8c8 a3b4 b6c5 a2a3	13.e5! This is a theoretical position, but it finds its way into the book because it’s a standard method which can be applied in similar positions. White takes concrete measures before Black has developed with ...Qc7, ...Rfd8 and ...Rac8. 13...dxe5 14.Qxd8 Rfxd8 15.Nxe5 Bxg2 16.Kxg2 The c6-square is White’s first asset. 16...Bf8 16...Rdc8 can be met by: 17.b4!? Not the only good move. 17...Nce4 (17...Nb7? 18.Na4! Bd8 19.Rxd8+!+–) 18.Nxe4 Nxe4 19.Nd7² 17.Bxc5!? 17.f4 was Karpov’s move. 17...Bxc5 17...bxc5 18.Na4² The knights will soon enter, giving White control over the d-file. 18.Na4 Rac8 18...Kf8? 19.b4! Bxb4 20.Nxb6 is winning for White. 19.Nxc5 bxc5 20.a3² Instead of trying to put pressure on the “weak” d6-pawn, the best idea was to exchange it straight away, leaving White with a pleasant edge in the resulting endgame.	Karpov	Milliet	Cap d’Agde (Rapid)	2010	Karpov – Milliet, Cap d’Agde (Rapid) 2010	403	403
531	priyome	academic	r1bq1rk1/1p3pb1/p2p1np1/2pPn2p/P3P3/2N1BPN1/1P2B1PP/R2QK2R w KQ - 0 1	white	O-O c4 h4	e1g1 c5c4 h2h4	13.0-0! It’s better to redeploy the knight via h1 and f2, rather than obstructing castling with Nf1. 13.Bg5 is met with 13...c4!÷ when the bishop would have preferred to be on e3. Note that White can’t castle short due to the check on b6. 13...Nh7 13...h4 14.Nh1 h3?! is premature in view of: 15.g4!± 14.Qd2 h4 15.Nh1 f5 Many games have reached this position, with a 58% score for White.	Ponomariov	Moranda	Warsaw (Blitz)	2010	Ponomariov – Moranda, Warsaw (Blitz) 2010	404	404
532	priyome	academic	r1b2rk1/3nqpbp/p1pp1np1/1p2p3/2PPP3/2N1BNPP/PP3PB1/R2QR1K1 w - - 0 1	white	c5 dxc5 dxe5 Nxe5 Nxe5 Qxe5 f4 Qe7 e5	c4c5 d6c5 d4e5 d7e5 f3e5 e7e5 f2f4 e5e7 e4e5	12.c5! Undermining the defence of the e5-pawn. 12.Qc2² gives White a modest plus. 12...dxc5 12...exd4 13.cxd6 Qxd6 14.Nxd4 Bb7 15.f4+– and Black will be forced backwards. 13.dxe5 Nxe5 14.Nxe5 Qxe5 15.f4 Qe7 16.e5+– White wins back the pawn, and has much better minor pieces. At least one more black pawn will drop.	Khalifman	Puusep	Puhajarve (Rapid)	2011	Khalifman – Puusep, Puhajarve (Rapid) 2011	404	404
533	priyome	academic	r3r1k1/p2qbppp/1p3n2/3p2B1/P2N3Q/7R/1P3PPP/R5K1 b - - 0 1	black	Kf8 Qxh7 g6 Bxf6 Bxf6 Qh5 Bd8 Qh7 Rc8	g8f8 h4h7 g7g6 g5f6 e7f6 h7h5 f6d8 h5h7 a8c8	Black is a pawn up, but White has a crude attack along the h-file. 22...Kf8! Ensuring that Qxh7 will not come with check. White has no time to take back the pawn. 22...h6?! is met by 23.Bxh6 when Black can’t take the bishop, although 23...g6= is still okay. (23...Qg4 24.Qxg4 Nxg4 25.Bxg7!²); 22...h5!? is another standard defence which is good enough for equality. 23.Bxf6 Bxf6 24.Qxh5 g6 The fianchettoed bishop defends the king well. 25.Qh7+ Kf8 26.Qh6+ Black can avoid the repetition. The isolated d-pawn is not a problem because it’s also a passer, and because Black can challenge the blockading knight with ...Re4. 23.Nf3 23.Rd1 Bd8³; 23.Bxf6?? Bxf6 24.Qxh7 Bxd4–+ 23...Rac8 24.Bxf6 Bxf6 25.Qxh7 It is now possible to capture on b2, but 25...Rc4!µ is the strongest move, preparing to block the e-file if White starts checking.	Anand	Howell	London	2011	Anand – Howell, London 2011	405	405
534	priyome	academic	rnbqk2r/pp2b1pp/2p5/3n1pN1/2QPp3/2N3P1/PP2PPBP/R1B2RK1 w kq - 0 1	white	f3 exf3 Nxd5 Kd7 Bxf3	f2f3 e4f3 c3d5 e8d7 g2f3	11.f3! Instead of retreating or defending the knight, White wants to open the centre to increase the scope of the g2-bishop and punish Black’s slow development. Simple tactics are used to carry out positional objectives. Topalov played 11.h4 and this book’s editor went on to win, finishing with a discovered-check motif that would have been at home in the first Woodpecker. 11...exf3 The point is that 11...Bxg5 12.Bxg5 Qxg5 is met by 13.Nxd5+– when the knight cannot be captured and the centre soon opens up. 11...Nxc3? s refuted by 12.Qf7+ Kd7 13.bxc3 when the knight still can’t be captured, now because of a different pin. 12.Bxf3+– Other captures are also strong, but this one is best. Captures on g5 are met in the same way, and Black is desperately behind in development with the centre opening up.	Topalov	Greet	Edinburgh (Simul)	2012	Topalov – Greet, Edinburgh (Simul) 2012	406	406
535	priyome	academic	2kr2nr/ppqbb1pp/2n1p3/4Pp2/2Pp4/P2B1NB1/1P1N1PPP/R2QK2R w KQ - 0 1	white	h4	h2h4	13.h4!± Stopping Black from grabbing space with ...g7-g5. It may seem counterintuitive to move a pawn on the wing where White may wish to castle, but it’s an important prophylactic move before starting the promising attack on the queenside. White can delay castling: in the game the king moved to f1 twenty moves later.	Areshchenko	Topalov	Kyiv (Rapid)	2013	Areshchenko – Topalov, Kyiv (Rapid) 2013	407	407
536	priyome	academic	3r1rk1/ppq2ppp/2n2n2/2p1pb2/2BP4/P1P1PN1P/1B2QPP1/3R1RK1 b - - 0 1	black	e4 Nd2 Bg6 Ba2 cxd4 cxd4 Na5 Qe1	e5e4 f3d2 f5g6 c4a2 c5d4 c3d4 c6a5 e2e1	14...e4 Chasing away the main defender of White’s king. 15.Nd2 Bg6! Forcing White to either weaken the kingside, or misplace two heavy pieces. 15...Na5?! 16.Ba2 does not help. White threatens c3-c4, and if 16...cxd4 17.cxd4 Qc2 18.Rb1 the knight is out of play on a5. 16.Rc1 If 16.f3? exf3µ Black exerts pressure on the e-file with ...Rfe8 next. 16...Na5! Now this move works well. 16...Ne7 was played in the game. 17.Ba2 Bh5! White must either weaken the kingside or allow: 18.Qe1 c4! White’s bishops have had happier days.	Korobov	Topalov	Kyiv (Rapid)	2013	Korobov – Topalov, Kyiv (Rapid) 2013	407	407
537	priyome	academic	1r1qr1k1/3b1pbp/pP1p2p1/2pPn2n/4P3/N1N3PP/1P3PB1/R1BQ1RK1 b - - 0 1	black	Bb5 f4 Qxb6	d7b5 f2f4 d8b6	17...Bb5! Giving a pawn to avoid suffering after f2-f4. 17...Qxb6? 18.f4± 18.Naxb5 axb5 19.Nxb5 Qxb6 20.Na3 Aimed at controlling the c4-square, but in the long run White might have problems with this knight. 20...Qb3© The start of a typical queenside invasion.	Ponomariov	Etienne Bacrot	Elancourt	2013	Ponomariov – Etienne Bacrot, Elancourt 2013	408	408
538	priyome	academic	r1bqkb1r/pp1n1pp1/2n1p2p/2ppP3/3P4/2PB1N2/PP1N1PPP/R1BQ1RK1 b kq - 0 1	black	g5 Nb3	g7g5 d2b3	8...g5! White has castled, so Black takes the opportunity to launch a flank operation – attacking the centre. With the c-pawns exchanged, White would conveniently be able to defend the d-pawn with Nb3, but now, that runs into a fork. 9.dxc5?! A concession, giving Black a pleasant game after capturing either of the available pawns. 9.h3 would be met by 9...h5. 9.Kh1!? and 9.b3!? are the critical moves.	Anand	Nakamura	Zurich (Blitz)	2014	Anand – Nakamura, Zurich (Blitz) 2014	409	409
539	priyome	academic	r2q1r2/1p1nppkp/2bp2p1/3N4/p1P1P3/3BR3/PP1Q1PPP/R5K1 b - - 0 1	black	e5 Rh3 h5 Nc3 Nc5	e7e5 e3h3 h7h5 d5c3 d7c5	16...e5! Threatening ...Bxd5 (with a good knight against a bad bishop) without getting a backward pawn on e7. It’s also important to open the d8-h4 diagonal for the queen. 17.Rh3 h5 With the pawn still on e7, White would have been able to crash through with Rxh5. 18.Nc3 Avoiding ...Bxd5. 18...Nc5 Black’s position is preferable.	Tarasov	Khalifman	Voronezh	2014	Tarasov – Khalifman, Voronezh 2014	409	409
540	priyome	academic	1rbqr1k1/5pbp/p2p1np1/1pnPp1B1/P1p1P1N1/2P3NP/1PBQ1PP1/R3R1K1 w - - 0 1	white	Nh6+ Bxh6 Bxh6	g4h6 g7h6 g5h6	21.Nh6+! Bxh6 21...Kf8?! is dangerous, as White may soon arrange f2-f4. 22.Bxh6± Even though it’s not possible to exploit them for the moment, Black’s dark squares are chronically weak.	Anand	Carlsen	Stavanger	2015	Anand – Carlsen, Stavanger 2015	410	410
541	priyome	academic	r1b2rk1/2qnbppp/p2p4/4p1P1/Np2PP2/4B2P/PPP1Q1B1/2KR3R b - - 0 1	black	exf4 Bxf4 Ne5	e5f4 e3f4 d7e5	16...exf4! Avoiding f4-f5. 17.Bxf4 Ne5µ White’s knight is not happy on a4.	Caruana	Kasparov	St. Louis (Blitz)	2016	Caruana – Kasparov, St. Louis (Blitz) 2016	411	411
542	priyome	academic	2rq1rk1/1b2bppp/p2pp1P1/1p5P/2nNP3/P1N1B3/1PP1QP2/2KR3R b - - 0 1	black	h6 Rdg1 Bf6 Nxe6 Qd7 Nxf8 Bd4	h7h6 d1g1 e7f6 d4e6 d8d7 e6f8 f6d4	In this exercise we will see why 17...Rc8? was a worse move than 17...Bf6!. 18.h6! Black can’t avoid having the h-file opened. 18.gxh7+? is met by 18...Kh8 19.h6 g6µ when the kingside is kept closed. 18.Rdg1 Bf6 19.h6± is promising for White, but including the additional moves before h5-h6 has slightly improved Black’s chances. 18...fxg6 19.Nxe6 Without any ...Bxc3 ideas to worry about, there is no reason for White to avoid this. 19.hxg7 Rf6 20.Rh6± 19...Qd7 20.Nxf8 Bxf8 21.hxg7 Bxg7 22.Bd4+– White is an exchange up.	Karjakin	Topalov	Moscow	2016	Karjakin – Topalov, Moscow 2016	411	411
543	priyome	academic	r1bqkb1r/5pp1/p1n1p3/1p1pP3/2pP1P1P/2P1BN2/PP2N1Q1/R3K2R w KQkq - 0 1	white	f5 exf5 Bg5 f4	f4f5 e6f5 e3g5 f5f4	18.f5! Otherwise Black would control the f5-square with ...Ne7. 18...exf5 If Black kept the tension, then f5-f6 ideas would have been unpleasant (perhaps with Bg5 coming first). But White is also better after the text move, with g5 and f4 being nice squares for the bishop and knights. Black’s king is vulnerable wherever it goes. There is no need to see more moves.	Anand	Pelletier	Zurich	2017	Anand – Pelletier, Zurich 2017	412	412
544	priyome	academic	rnbq1rk1/p4pp1/4pn1p/2p4P/2Q5/P4N2/1P2PPP1/R1B1KB1R w KQ - 0 1	white	g4 Qd5 Qxd5 Nxd5 g5	g2g4 d8d5 c4d5 f6d5 g4g5	12.g4!± Playing in Alpha Zero’s style. The flank attack is justified because Black can’t attack White’s king. 12...Qd5 13.Qxd5 Nxd5 14.g5± Even after the queen exchange, White’s attack is strong.	Kasparov	Nakamura	St. Louis (Blitz)	2017	Kasparov – Nakamura, St. Louis (Blitz) 2017	413	413
545	priyome	academic	3r2k1/p4pbp/Bp1rp1p1/n7/3PP3/4BP2/P4P1P/2RR2K1 w - - 0 1	white	Bg5 Rc6 d5 exd5 Bb5 Ra8 exd5	e3g5 d6c6 d4d5 e6d5 a6b5 d8a8 e4d5	20.Bg5! A normal move to disturb Black, or provoke the awkward ...f7-f6 (weakening e6 and blocking the bishop). 20.d5 exd5 21.Bf4 Rc6 22.exd5 Rxc1 23.Bxc1 Nc6!= 20...f6 20...Re8 21.d5! This move is possible when Black only has one rook on the d-file. 21...exd5 22.Bb5! Ra8 23.exd5+– The pawn runs. 21.Be3± Note that 21...Nc6 is met by 22.d5! when Black can’t take twice. Magnus Carlsen “There wasn’t any particular player I modelled my game after. I tried to learn from everyone and create my own style. I studied past players... Truth be told, I never had a favourite player. It’s just not my nature to go around idolizing people. I just try to learn.” I have no other dream than to play chess. – Anatoly Karpov When I was young, I spent days and nights at the board, studied everything that was created, all stages and twists of theory and chess history. My knowledge was encyclopaedic. And then – also for hours, very intensively – I studied music. These are two things that I love. Music gave me rest, a special state of mind, and opportunities to connect with people emotionally. Chess was more of a struggle. – Vasily Smyslov	Carlsen	Vachier-Lagrave	Zagreb	2019	Carlsen – Vachier-Lagrave, Zagreb 2019	413	413
546	rules-of-thumb	medium	r2q1rk1/pbpnbppp/1p2pn2/4N3/3P1P2/2NBB3/PPP1Q1PP/R4RK1 b - - 0 1	black	c5 Nd5 Nxd5 Rf3 cxd4 Bxd4 Nxe5 Bxe5 Qc8	c7c5 c3d5 f6d5 f1f3 c5d4 e3d4 d7e5 d4e5 d8c8	11...c5! Challenging the centre and undermining White’s strong knight on e5. The game went 11...Nd5?! 12.Nxd5 exd5? 13.Rf3 and Steinitz won a beautiful attacking game. 12.Rad1 After 12.dxc5, Black can recapture with either the knight or the bishop with comfortable equality. 12...cxd4 13.Bxd4 Nxe5 A safe choice, since White can’t take back with the pawn. 14.Bxe5 Qc8=	Steinitz	Mongredien	London	1862	Steinitz – Mongredien, London 1862	417	417
547	rules-of-thumb	medium	r1b2rk1/ppppq1pp/2n1p3/8/3PB3/2P5/PP2QPPP/R3K1NR b KQ - 0 1	black	d5 Bc2 Qd6 O-O-O Rb8	d7d5 e4c2 e7d6 e1c1 a8b8	10...d5! Developing with tempo. 11.Bc2 11.Bf3 Qd6 Black defends the d5-pawn and threatens ...e6- e5. After 12.0-0-0 Rb8µ an attack is coming up. 11...e5!µ White is more or less forced to castle long soon, leaving temporarily weak pawns on g2 and f2.	Blackburne	Steinitz	London (4)	1862	Blackburne – Steinitz, London (4) 1862	418	418
548	rules-of-thumb	medium	r3k1r1/ppp2p1p/2np4/2b1p1pq/2B1P3/2PP1P1P/PP3PK1/R1BQ1R2 b q - 0 1	black	Ne7 Bb5+	c6e7 c4b5	13...Ne7!³ Redirecting the knight to the attack. 13...Rg6 gave White the opportunity for 14.Bb5!, which he failed to take.	Green	Steinitz	London (1)	1864	Green – Steinitz, London (1) 1864	418	418
549	rules-of-thumb	medium	r2qk2r/ppp2p2/2npbn1p/2b1p1p1/2B1P3/2NP1NBP/PPP2PP1/R2QK2R b KQkq - 0 1	black	Bxc4 dxc4 Bb4 Qd3 Bxc3+ bxc3	e6c4 d3c4 c5b4 d1d3 b4c3 b2c3	9...Bxc4 10.dxc4 Bb4! 11.Qd3 Bxc3+ 12.bxc3µ The moves speak for themselves. To keep equal material White had to accept tripled, isolated pawns.	Green	Steinitz	London (Casual)	1864	Green – Steinitz, London (Casual) 1864	419	419
550	rules-of-thumb	medium	r2qk2r/pp3ppp/2n1bn2/2bp4/3N4/2N3P1/PPP2PBP/R1BQ1RK1 w kq - 0 1	white	Nxe6 fxe6 Bh3	d4e6 f7e6 g2h3	10.Nxe6! A difference compared to a normal isolated pawn position is that White has a c-pawn instead of an e-pawn. That makes it much easier to attack e6. 10.Nb3?! was played in the game. 10...fxe6 Typical moves include Bh3 and Re1, but another good idea is to start by chasing away Black’s bishop: 11.Na4+– This also prepares c2-c4.	Steinitz	de Riviere	Paris	1867	Steinitz – de Riviere, Paris 1867	419	419
551	rules-of-thumb	medium	r1b1k2r/ppp2ppp/2p2n2/2b4q/4P3/1N1Q2P1/PPP2P1P/R1B1KB1R b KQkq - 0 1	black	Bg4 Be3 Be2 Qc4 Bb6 Nc5 Rd8	c8g4 c1e3 g4e2 d3c4 c5b6 b3c5 a8d8	9...Bg4! An active move, making use of White’s dubious development. Black threatens ...Rd8 and if the queen moves, then ...Rd1 mate. 10.Be3 10.Be2 Rd8 11.Qc4 Bb6–+ White can’t develop properly and if nothing else, Black continues smoothly with ...0-0 and ...Rfe8. 10.Nxc5 Rd8µ 10...Rd8 11.Qc4 Bxe3 12.fxe3 0-0–+ Losing the e4-pawn is far from White’s only problem.	Kolisch	Steinitz	Paris	1867	Kolisch – Steinitz, Paris 1867	420	420
552	rules-of-thumb	medium	r3k2r/p1pq1ppp/1bpp1n2/4p3/4P1bN/3PB3/PPP1NPPP/R2Q1RK1 b kq - 0 1	black	d5 Bg5 Rg8 Bxf6 Qe6 Bxe5 Qxe5 Nf5	d6d5 e3g5 h8g8 g5f6 d7e6 f6e5 e6e5 h4f5	10...d5! Good timing when White can’t defend with f2-f3. 10...g5? is a swashbuckling try, but after 11.Bxg5 Rg8 12.Bxf6 Qe6 13.Bxe5 Qxe5 14.Nf5± Black’s compensation should not be enough. 11.Bxb6³ A concession, allowing Black to connect the pawns. Both recaptures are possible although 11...axb6 feels more natural.	D’Andre	Steinitz	Paris	1867	D’Andre – Steinitz, Paris 1867	421	421
553	rules-of-thumb	medium	r3k2r/1b1pq3/p4p2/4p3/Pp2Pp1p/3B4/1PP1QPPP/3RR1K1 w kq - 0 1	white	h3	h2h3	25.h3!+– Avoiding ...h4-h3, weakening White’s king. 25.Bc4 h3 26.g3 might still be winning, but the risk that something goes wrong is much bigger with the black pawn on h3. Having a superior position is no excuse for not choosing the best moves.	Steinitz	Baker	Great Britain (Simul)	1868	Steinitz – Baker, Great Britain (Simul) 1868	421	421
554	rules-of-thumb	medium	r2q1rk1/ppp2ppp/2np1n2/1Bb5/4PB2/2NP1Q1P/PPP3P1/R3K2R w KQ - 0 1	white	Bxc6 bxc6 O-O-O Bd4 Ne2 Bxb2+	b5c6 b7c6 e1c1 c5d4 c3e2 d4b2	10.Bxc6! Avoiding ...Nd4. You don’t need to plan any further than this to solve the exercise. 10...bxc6 11.0-0-0!?± Normal. Instead, Steinitz started with 11.Ne2² and castled short ten moves later. 11.Bg5?! Bd4 12.Ne2 Bxb2 13.Rb1 Rb8 14.c3² is unnecessarily complicated.	Steinitz	Mocatta	England (Consultation)	1875	Steinitz – Mocatta, England (Consultation) 1875	422	422
555	rules-of-thumb	medium	5r1k/ppp1n1rp/3p4/2bP4/3N1pP1/1B1R1P1P/P6K/5R2 b - - 0 1	black	Bxd4 Rxd4 Ng6	c5d4 d3d4 e7g6	29...Bxd4! The knight must not be allowed to reach the outpost on e6. 30.Rxd4 Ng6³ In addition, Black gets a beautiful knight on e5, which White can’t challenge with the bishop.	Zukertort	Steinitz	England (Consultation)	1875	Zukertort – Steinitz, England (Consultation) 1875	422	422
556	rules-of-thumb	medium	4r1k1/pbb2ppp/4rn2/1P1p4/3P4/2N1BPPq/P1NQ3P/R3R1K1 w - - 0 1	white	Na4 Bf4 Nc5 Qg2+	c3a4 c7f4 a4c5 h3g2	27.Na4! Heading for c5, hitting two of Black’s pieces. 27.Bf4 Ba5„ 27...Nh5? It’s not your task to find Black’s best defence, but it was not Rosenthal’s desperate try. 28.Nc5 Nxg3 29.Nxe6 Rxe6 30.Qg2+– It’s over. Instead, White gave back material with 30.Bf4?? and later lost. 30.hxg3+– also works.	Steinitz	Rosenthal	London	1883	Steinitz – Rosenthal, London 1883	423	423
557	rules-of-thumb	medium	r1b1k2r/3n1ppp/pq2p3/1pbpP3/5P2/3P1N2/PP1BQ1PP/R2NK2R w KQkq - 0 1	white	b4 Be7 Qf2	b2b4 c5e7 e2f2	13.b4! Taking control over the dark squares in the centre. 13...Be7 14.Qf2² Continuing with the same strategy. Steinitz played 14.a3, which is a reasonable move but not essential at this point. William Steinitz “The task of the positional player is systematically to accumulate slight advantages and try to convert temporary advantages into permanent ones, otherwise the player with the better position runs the risk of losing it.”	Steinitz	Sellman	Baltimore	1885	Steinitz – Sellman, Baltimore 1885	424	424
558	rules-of-thumb	medium	5rk1/p2r2p1/b1pbR2p/B4p2/3p3q/6N1/PPPQ1PPP/R5K1 w - - 0 1	white	Rxd6 c5 Bb4	e6d6 c6c5 a5b4	22.Rxd6! Exchanging two pieces puts an end to Black’s active possibilities. 22.Rae1? c5³ and it’s too late to get rid of Black’s dark-squared bishop. 22...Rxd6 23.Bb4² Black has weak pawns and the bishop hits empty air.	Steinitz	Zukertort	USA (2)	1886	Steinitz – Zukertort, USA (2) 1886	425	425
559	rules-of-thumb	medium	2rr2k1/pp4p1/2bqpp1p/8/2PP4/3QN1R1/P2R1PPP/6K1 b - - 0 1	black	f5 Rg6 Qe7 a4 Be4 Qb3 Kf7 c5 Rxc5 Rxe6 Rc1+	f6f5 g3g6 d6e7 a2a4 c6e4 d3b3 g8f7 c4c5 c8c5 g6e6 c5c1	30...f5! White’s rook has no convenient way back. 31.Rg6? Making things worse. The knight can’t reach d6 after 31.c5 Qe7 32.Nc4 as Black has 32...Bb5!, and if 33.a4 Bxc4 34.Qxc4 Rxc5µ Black wins a pawn. 31...Be4 32.Qb3 Kf7–+ White loses material. 32...Kh7 33.c5 Rxc5 34.Rxe6 Rc1+ also works, as the game showed.	Zukertort	Steinitz	USA (9)	1886	Zukertort – Steinitz, USA (9) 1886	425	425
560	rules-of-thumb	medium	3rr1k1/ppp1b1pp/2p2p2/Pn3b2/1N1P1B2/2PN4/1P3PPP/R3R1K1 w - - 0 1	white	a6 Bxd3 Nxc6 b6	a5a6 f5d3 b4c6 b7b6	22.a6! Undermining the c6-pawn. Black is forced to give up the bishop pair. (Given another move, Black would have played ...a7-a6.) 22...Bxd3 22...b6? 23.Nxc6+– 23.Nxd3 b6² The pawn on a6 is an asset.	Steinitz	Zukertort	USA (12)	1886	Steinitz – Zukertort, USA (12) 1886	426	426
561	rules-of-thumb	medium	2rq2k1/5pb1/1pn3p1/p2Bp1Pp/4P2P/P1B2P2/1P3Q2/5RK1 w - - 0 1	white	f4 Qd7 f5 Kh8 Qxb6 Nd4 Qxa5	f3f4 d8d7 f4f5 g8h8 f2b6 c6d4 b6a5	35.f4! Improving the scope of White’s queen, rook and dark-squared bishop, while not allowing Black’s knight to settle on d4. 35...Qd7 36.f5!± Preventing a check on g4. 36.fxe5 attacks f7, but 36...Nxe5 37.Bxe5 Bxe5 38.Qxf7+ Qxf7 39.Rxf7 Kh8= gives Black enough counterplay with ...Bxb2 or ...Rc2 coming. 36...Kh7 37.Qxb6 Nd4 38.Qxa5±	Steinitz	Zukertort	USA (18)	1886	Steinitz – Zukertort, USA (18) 1886	426	426
562	rules-of-thumb	medium	rqb2rk1/4b1pp/1p3n2/1Nppnp2/8/2B1PP2/PPQ1BNPP/R2R2K1 w - - 0 1	white	Nh3 f4 Rxd5 Rd8	f2h3 f5f4 d1d5 f8d8	23.Nh3! The knight is heading for the splendid f4-square. White thus improves the worst-placed piece. 23.f4 does not win a pawn due to 23...Nc6! when 24.Bxf6?! (24.Bf3 Be6²) 24...Bxf6 25.Rxd5? runs into a fork: 25...Nb4 23...Rd8± To preserve the d5- and f5-pawns while keeping the e6-square protected, Black stayed passive with the bishop on c8. The lesser evil might have been to give up a pawn with: 23...Ng6!? 24.Bxf6 Bxf6 25.Rxd5²	Steinitz	Chigorin	Havana (16)	1889	Steinitz – Chigorin, Havana (16) 1889	427	427
563	rules-of-thumb	medium	rqbnk2r/pp1pnppp/1bp5/3Pp1B1/Q1B1P3/N1P2N2/P4PPP/3R1RK1 w kq - 0 1	white	Bxe7 Kxe7 d6+ Kf8 Qb4	g5e7 e8e7 d5d6 e7f8 a4b4	13.Bxe7! Keeping Black’s king in the centre. 13...Kxe7 14.d6+! Just look at the state of Black’s queenside pieces. 14...Kf8 White just needs to prevent ...Bc5xd6 to have a winning position. Chigorin did that with: 15.Qb4!	Chigorin	Steinitz	Havana (17)	1889	Chigorin – Steinitz, Havana (17) 1889	428	428
564	rules-of-thumb	medium	r4rk1/p3n1p1/2p1b2p/n7/1bPqpp2/1PN5/PBQ1BPPP/R4KNR b - - 0 1	black	f3 gxf3 exf3 Bxf3 Bh3+ Ke1 Rxf3 Nxf3 Qg4	f4f3 g2f3 e4f3 e2f3 e6h3 f1e1 f8f3 g1f3 d4g4	21...f3! Opening the f-file at the small cost of a pawn. 22.gxf3 exf3 23.Bxf3 23.Nxf3 Bh3+ 24.Ke1 Rxf3 Most straightforward. 25.Bxf3 Re8–+ White’s king won’t survive. 23...Bf5–+ Chigorin won both games in this famous telegraph match, which was something of a philosophical duel between dynamic and static factors in chess. 23...Nxc4! would have been even stronger, with a rook sacrifice coming up: 24.bxc4 Qxc4+ 25.Be2 (25.Kg2 Rxf3! 26.Nxf3 Qg4+ 27.Kf1 Qxf3 and the light-squared bishop soon joins the party.) 25...Rxf2+ 26.Kxf2 Qh4+ 27.Kg2 Nf5 White is a rook and a piece up, but Black’s attack is the deciding factor.	Steinitz	Chigorin	Cable (2)	1890	Steinitz – Chigorin, Cable (2) 1890	428	428
565	rules-of-thumb	medium	1r3rk1/5ppp/Q6q/2b5/3n4/2NB1PP1/PP5P/3R1R1K b - - 0 1	black	Rb6 Qc4 Rxb2	b8b6 a6c4 b6b2	24...Rb6! Keeping queens on the board is an easy decision, being material down and having an attack. 25.Qc4 Rxb2 26.h4© Any move that defends the bishop gives Black decent compensation for the pawn. Emanuel Lasker “By some ardent enthusiasts chess has been elevated into a science or an art. It is neither; but its principal characteristic seems to be – what human nature mostly delights in – a fight.”	Steinitz	Lasker	St. Petersburg	1895	Steinitz – Lasker, St. Petersburg 1895	429	429
566	rules-of-thumb	medium	r1bb1rk1/pp1p1ppp/3P2q1/3N4/8/P2n1N2/1P3PPP/R1BQ1RK1 b - - 0 1	black	b6 Ne7+ Bxe7 dxe7 Re8 Re1 Nf4 Bxf4 Bb7	b7b6 d5e7 d8e7 d6e7 f8e8 f1e1 d3f4 c1f4 c8b7	15...b6!³ Preparing to develop the light-squared bishop to b7 or a6. 15...Nxc1? tries to win the d6- pawn, but White has 16.Ne7+! Bxe7 17.dxe7 Re8 18.Rxc1 Rxe7 19.Re1² when Black is too passive with the back rank vulnerable. 16.Nf4 16.Ne7+ Bxe7 17.dxe7 Re8µ 16...Nxf4 17.Bxf4 Bb7³	Lasker	Steinitz	St. Petersburg	1896	Lasker – Steinitz, St. Petersburg 1896	430	430
567	rules-of-thumb	medium	r1b2rk1/1p4pp/1n2pq2/p1Rp4/Pn1P1P2/3BBN2/1P3KPP/3Q3R w - - 0 1	white	b3 Nc4 Ne5 Nxd3+ Nxd3 b6 Qc2 Qe5	b2b3 b6c4 f3e5 b4d3 e5d3 b7b6 d1c2 f6e5	18.b3!² To keep White’s king safe, it’s important to prevent the b6-knight from reaching c4. 18.Bb1? Nc4µ; 18.Bb5 is met by 18...Bd7! and Black will obtain great play on the light squares. If White gets greedy with 19.Ne5?! Bxb5 20.Rxb5 Nc4 21.Nxc4 dxc4 22.Rxb7? Nd3+ Black obtains a decisive initiative, helped by the superior minor piece. 18.Ne5 also stops ...Nc4, but gives up the a-pawn: 18...Nxd3+ 19.Qxd3 Nxa4 Trying to catch the knight does not work: 20.Rb5 b6 21.Qc2 Nc5! 22.dxc5 Qxe5÷	Steinitz	Schiffers	Rostov-on-Don (6)	1896	Steinitz – Schiffers, Rostov-on-Don (6) 1896	430	430
568	rules-of-thumb	medium	2kr2r1/pppb1p1p/2nqpp2/8/3P4/4QN2/PPP2PPP/2KR1B1R w - - 0 1	white	g3 Ne7 d5	g2g3 c6e7 d4d5	15.g3 Releasing the bishop from the defence of the g-pawn. No evaluation or further arguments are needed, although it’s worth mentioning one small detail: 15...Ne7 16.d5!² The a7-pawn is hanging.	Lasker	Marshall	USA (8)	1907	Lasker – Marshall, USA (8) 1907	431	431
569	rules-of-thumb	medium	3r1b1k/pp4p1/2p2p2/5N2/PP2Pp1p/1QPq4/5PPP/5RK1 b - - 0 1	black	h3 Nh4 Qxe4 f3 Rd1	h4h3 f5h4 d3e4 f2f3 d8d1	29...h3! It doesn’t have to be difficult. After ...hxg2, White can’t defend against both ...f4-f3+ and ...Qxe4+. 29...Qxe4? 30.Nxh4= The game ended: 30.Qe6 30.gxh3 Qxe4 31.Nd4 Rd5–+ 30...hxg2 31.Kxg2 f3+ 32.Kg1 Qxf1+ 33.Kxf1 Rd1# 0–1	Blumenfeld	Alekhine	Moscow (2)	1908	Blumenfeld – Alekhine, Moscow (2) 1908	432	432
570	rules-of-thumb	medium	r6r/pp2qbkp/5p2/2p3p1/4P3/4R1P1/PPQ2PBP/3R2K1 w - - 0 1	white	e5 fxe5 Rde1 Rhe8 Rxe5 Qxe5 Rxe5 Rxe5 Qc3 Re8 f4	e4e5 f6e5 d1e1 h8e8 e3e5 e7e5 e1e5 e8e5 c2c3 a8e8 f2f4	21.e5! Opening up Black’s king. 21...fxe5 21...Rad8 was the game. 22.Rde1± 22.Rde1 Black can’t defend the pawn: 22...Rhe8 23.Rxe5 Qxe5 24.Rxe5 Rxe5 25.Qc3 Rae8 26.f4+–	Alekhine	Dus Chotimirsky	Karlovy Vary	1911	Alekhine – Dus Chotimirsky, Karlovy Vary 1911	432	432
571	rules-of-thumb	medium	r1b1k1r1/1pq2ppp/p3pn2/2p3Q1/2P5/B1P5/P3BPPP/R4RK1 w q - 0 1	white	Bf3 Nd7 Bxc5	e2f3 f6d7 a3c5	15.Bf3! Hindering Black’s development is more important than capturing the c-pawn (which would lead to a queen exchange and an open c-file). 15...Nd7 15...Bd7 16.Bxc5± is now possible, since ...Ne4 is not an option. 16.Rfe1± Alexander Alekhine “As a rule, so-called ‘positional’ sacrifices are considered more difficult, and therefore more praiseworthy, than those which are based exclusively on an exact calculation of tactical possibilities.”	Alekhine	Levenfish	Vilnius	1912	Alekhine – Levenfish, Vilnius 1912	433	433
572	rules-of-thumb	medium	r3k1nr/1pq3pp/p1nbbp2/3pp3/8/1PN2NP1/PBPPQPBP/R4RK1 w kq - 0 1	white	d4 Nge7 Ne4 dxe4 Qxe4 O-O-O dxe5 Bxe5 Ng5 Bg8 Rad1	d2d4 g8e7 c3e4 d5e4 e2e4 e8c8 d4e5 d6e5 f3g5 e6g8 a1d1	11.d4! Fighting for the centre and opening the position, as Black is two moves away from castling short. 11...Nge7 11...e4? is refuted by: 12.Nxe4! dxe4 13.Qxe4+– The pin and the d4-d5 fork ensure that White will immediately regain the piece with interest. 11...0-0-0± is not what Black wants with the c-pawn missing. 12.dxe5 Bxe5 12...fxe5 13.Ng5 Bg8 Black is again two moves from castling. 14.Rad1+– 13.Nxe5 fxe5 14.Rad1 0-0-0± Euwe went on to win a great game. 14...Rd8 15.f4±	Euwe	Reti	Amsterdam (3)	1920	Euwe – Reti, Amsterdam (3) 1920	434	434
573	rules-of-thumb	medium	r4rk1/pbpp2pp/1p2p3/n7/2PPB2q/2P2P2/P1QB2PP/4RRK1 b - - 0 1	black	Bxe4 Rxe4 Qh5	b7e4 e1e4 h4h5	15...Bxe4! Making sure that the bishops are exchanged. If White were to move, then 16.Bd3 would be strong. 16.Rxe4 Otherwise ...Nxc4. 16...Qh5³ The pawn on c4 is weak, and without the bishop pair, White does not have enough active play.	Rabinovich	Alekhine	Moscow	1920	Rabinovich – Alekhine, Moscow 1920	434	434
574	rules-of-thumb	medium	3r1rk1/2p1bppp/p1B5/1p2P3/6b1/2P1B3/PP3PKP/R4R2 w - - 0 1	white	a4 b4 cxb4 Bxb4 Rfc1	a2a4 b5b4 c3b4 e7b4 f1c1	17.a4! Activating the rook with a threat. 17...b4 17...f6± was played. 18.cxb4 Bxb4 19.Rfc1± White has some pressure against the pawns, along with better bishops and (soon) better rooks.	Alekhine	Teichmann	Berlin (4)	1921	Alekhine – Teichmann, Berlin (4) 1921	435	435
575	rules-of-thumb	medium	r4rk1/1ppnqpb1/pn4p1/3Pp2p/4P2P/2N1BP2/PP1QBP2/1K1R3R w - - 0 1	white	d6 Qd8 dxc7 Qxc7 Qd6 Rfc8 a4	d5d6 e7d8 d6c7 d8c7 d2d6 f8c8 a2a4	15.d6! Opening lines for the queen, rook and the bishop on e3. Black doesn’t lose material yet, but will be horribly passive. Alekhine’s 15.Rc1 was less clear. 15...Qd8! 16.dxc7 Qxc7 17.Qd6 Rfc8 18.a4+– White is dominating.	Alekhine	Marotti	London	1922	Alekhine – Marotti, London 1922	435	435
576	rules-of-thumb	medium	r4r1k/1ppb2pp/2np1n2/p3ppNq/2PP1P1P/PPQ1P1P1/3N2B1/R4RK1 b - - 0 1	black	e4	e5e4	17...e4! Closing the diagonal of the g2-bishop is just one of the merits of putting the pawn on e4. The f3-square, g4-square and not losing the e-pawn are others. Black is positionally winning.	Bogoljubow	Alekhine	Hastings	1922	Bogoljubow – Alekhine, Hastings 1922	436	436
577	rules-of-thumb	medium	r2qk2r/pp2ppb1/2npbnp1/2P4p/4P3/1NN5/PP2BPPP/R1BQ1RK1 b kq - 0 1	black	d5	d6d5	10...d5!µ Black attacks the centre and plans to open the diagonal of the g7-bishop by recapturing with the knight. White is not active enough to use the queenside pawn majority. 10...dxc5? 11.Nxc5 Bc8± left Black passive in the game.	Alekhine	Sämisch	Vienna	1922	Alekhine – Sämisch, Vienna 1922	437	437
578	rules-of-thumb	medium	2rr2k1/1q3pb1/p5pp/1p6/2nNp3/P1N1P3/1P2QPPP/2RR2K1 b - - 0 1	black	Ne5 Na2 Nd3 Rxc8 Qxc8 f3 Rxd4 fxe4 Nf4 exf4 Qc4 Qxc4 Rxd1+ Qf1 Bd4+	c4e5 c3a2 e5d3 c1c8 b7c8 f2f3 d8d4 f3e4 d3f4 e3f4 c8c4 e2c4 d4d1 c4f1 g7d4	27...Ne5!µ The knight will be even stronger on d3. White lasted for only seven more moves. 28.Na2 Nd3 29.Rxc8 Qxc8 30.f3? 30.Nc3 was more resilient. 30...Rxd4 31.fxe4 Nf4 32.exf4 Qc4 33.Qxc4 Rxd1+ 34.Qf1 Bd4+ 0–1	Grünfeld	Alekhine	Karlovy Vary	1923	Grünfeld – Alekhine, Karlovy Vary 1923	437	437
579	rules-of-thumb	medium	r1bqkb1r/3np1pp/p1p1p3/2pp4/3P4/2N2N2/PPP2PPP/R1BQK2R w KQkq - 0 1	white	Bf4 e5 O-O cxd4 Qxd4	c1f4 e6e5 e1g1 c5d4 d1d4	9.Bf4!± Making sure that it’s possible to capture on e5 with a minor piece. 9.0-0 allows Black some respite with: 9...cxd4 (The game continuation of 9...e5 also enables Black to give back the pawn to free the position.) 10.Qxd4 e5 11.Nxe5 Nxe5 12.Qxe5 Qd6²	Bogoljubow	Alekhine	Karlovy Vary	1923	Bogoljubow – Alekhine, Karlovy Vary 1923	438	438
580	rules-of-thumb	medium	3n1rk1/ppp1q1pp/8/3p4/3Pn1b1/2PBB3/P1P3PP/R3QNK1 w - - 0 1	white	c4 dxc4 Bxc4+ Kh8 Be6 Ng3	c3c4 d5c4 d3c4 g8h8 c4e6 e4g3	17.c4 Using the doubled pawn before it’s too late. 17...dxc4 17...c6 18.cxd5 cxd5 19.c4² 18.Bxc4+ Kh8 18...Be6 19.d5² 19.Ng3² The bishop pair gives White an advantage.	Alekhine	Lille	Paris (Simul)	1925	Alekhine – Lille, Paris (Simul) 1925	438	438
581	rules-of-thumb	medium	1q3r1k/3rnp2/pp2pp1p/3p4/P1P2PQ1/8/2B2PPP/3RR1K1 w - - 0 1	white	f5 Nxf5 Re3 Qd8 cxd5	f4f5 e7f5 e1e3 b8d8 c4d5	31.f5! Otherwise Black would play ...f6-f5. 31...Nxf5 31...e5 gives White a choice of strong options; 32.Re3± for instance. 32.Bxf5 exf5 33.Qxf5 Qd8 34.cxd5±	Alekhine	Colle	Baden-Baden	1925	Alekhine – Colle, Baden-Baden 1925	439	439
582	rules-of-thumb	medium	r1bqr1k1/ppp2ppp/3p1nn1/6B1/2PN4/2R1P3/PP2BPPP/3Q1RK1 w - - 0 1	white	Nb5	d4b5	12.Nb5!± The queen has to stay on d8 to defend c7, so Black has no defence against Bxf6, doubling the pawns.	Alekhine	Yates	Semmering	1926	Alekhine – Yates, Semmering 1926	440	440
583	rules-of-thumb	medium	1b3rk1/p3pp1p/bq4p1/2p5/8/2Q1PB2/PB3PPP/4R1K1 b - - 0 1	black	f6 Ba3 Bd6	f7f6 b2a3 b8d6	20...f6µ 20...e5? restricted the bishop and weakened numerous squares. White can respond with: 21.Ba3! Bd6 22.Rd1© With the pawn on e7, the bishop would be stable on d6.	Alekhine	Zagrodzki	Warsaw (Simul)	1928	Alekhine – Zagrodzki, Warsaw (Simul) 1928	440	440
584	rules-of-thumb	medium	r4rk1/ppq2ppp/2p2nb1/2n1p3/4P1P1/PP3Q1P/1BPN1PB1/R3R1K1 w - - 0 1	white	Qc3 Nfd7 a4 f6 b4 Na6	f3c3 f6d7 a3a4 f7f6 b3b4 c5a6	17.Qc3! Threatening the e5-pawn is the only way to avoid ...Ne6-f4. 17...Nfd7 17...Ncd7 is not critical since Black’s knight can no longer reach f4. White is much better since the bishop on g6 is out of play. 18.a4± is a good move, playing for the d6-square. 18.f4 Again creating a threat to avoid ...Ne6. Black is forced to react passively. 18...f6 19.b4 Na6 20.f5± g4-g5 comes sooner or later.	Euwe	Bogoljubow	Amsterdam & The Hague (6)	1928	Euwe – Bogoljubow, Amsterdam & The Hague (6) 1928	441	441
585	rules-of-thumb	medium	2r3k1/p3bpp1/4p2p/1Pp5/PqQ5/4P1N1/5PPP/3R2K1 w - - 0 1	white	Rc1	d1c1	30.Rc1!= Keeping Black’s pawn on c5. 30.Qc2? c4 was bad for White, with ...Bf6 and ...c4-c3 coming.	Bogoljubow	Alekhine	Germany/Netherlands (10)	1929	Bogoljubow – Alekhine, Germany/Netherlands (10) 1929	441	441
586	rules-of-thumb	medium	r1b2rk1/5p1p/1q2p1p1/p1R3Q1/Pp2P3/8/1P2BPPP/3R2K1 w - - 0 1	white	h4 Ba6 Bf3 h5 Rd7 Ra7 Rd2 Qb7 Rd3 Qxe4 Qxh5 Kg7 Qxg6+	h2h4 c8a6 e2f3 h7h5 d1d7 a8a7 d7d2 b6b7 d2d3 b7e4 g5h5 g8g7 h5g6	24.h4! Attacking the king is logical with Black’s queen on the other wing. 24...Ba6 White has a good choice, but the exercise ends here. There’s no need to decide on your next move before executing 24.h4. 25.Bf3 25.Bxa6 Qxa6 26.Qf6! (26.h5 runs into the triple threat 26...Qe2.) 26...h5 The only way to avoid h4-h5. (26...Qe2 27.Rd7 Qxe4 28.h5+–) 27.Rd7 Threatening Rg5xg6+ with mate to follow. 27...Ra7 28.Rd2! The rook on a7 can’t challenge White on the c-file. The threat is g2-g4. 28...Qb7 29.Rxh5! gxh5 30.Qg5+ Kh7 31.Rd3 Qxe4 32.Qxh5+ Kg7 33.Rg3+ Qg6 34.Qc5 Qxg3 35.fxg3+– White advances the kingside pawns. This line was, of course, far too long for anyone to calculate. 25...f6 25...Rac8 is met by: 26.Rxc8 Rxc8 27.h5+– 26.Qe3 Rad8 27.Rxd8 Rxd8 A position from The Woodpecker Method. There is a tactical win: 28.e5! f5 29.Rc8 Black resigned. 1–0	Alekhine	Flohr	Bled	1931	Alekhine – Flohr, Bled 1931	442	442
587	rules-of-thumb	medium	r3r1k1/p1pq1ppp/1p1pp3/2nP4/2P1P3/2P1BP2/P3Q1PP/R4RK1 b - - 0 1	black	Nb7 Bc5 exd5 cxd5 f5 Rae1	c5b7 e3c5 e6d5 c4d5 f7f5 a1e1	16...Nb7!µ Avoiding Bxc5, which would close the c-file and thus safeguard the weak c-pawns. Black can attack them with ...Qa4 and ...Na5. 16...exd5 17.cxd5 f5 18.Bxc5 bxc5 19.Rae1=	Bernstein	Alekhine	Pasadena	1932	Bernstein – Alekhine, Pasadena 1932	443	443
588	rules-of-thumb	medium	r1b1k2r/pp3pp1/2n1pn1p/q1bp4/2P4B/2N1PN2/PPQ2PPP/R3KB1R w KQkq - 0 1	white	Bxf6 gxf6 cxd5 exd5	h4f6 g7f6 c4d5 e6d5	10.Bxf6 Weakening Black’s pawn structure. (Positional chess consists mostly of easy moves.) 10...gxf6 11.cxd5 exd5?± 11...Nb4 would have limited Black’s disadvantage.	Alekhine	Sultan Khan	London	1932	Alekhine – Sultan Khan, London 1932	443	443
589	rules-of-thumb	medium	r2qk2r/1pp2pp1/p2bbn1p/4p3/P1p1P3/2NPBN1P/1PP2PP1/R2QK2R w KQkq - 0 1	white	d4	d3d4	11.d4!² Instead of allowing Black to get rid of the doubled pawns, White gets an advantage in the centre (with a pawn majority on the kingside).	Alekhine	Bogoljubow	Germany (16)	1934	Alekhine – Bogoljubow, Germany (16) 1934	444	444
590	rules-of-thumb	medium	r4rk1/1p1nbppp/q1p1pnb1/p7/3PPBP1/P1N1QN1P/BP3P2/R4RK1 b - - 0 1	black	b5 b4 axb4 axb4 Ne5 Nd5 Qb7 Nxe5 Nd7	b7b5 b2b4 a5b4 a3b4 d7e5 c3d5 a6b7 f3e5 f6d7	15...b5 Preparing to attack the knight that defends the e4-pawn. (After 16...b4 17.axb4 axb4 Black doesn’t have to be afraid of a discovered attack, as the queen can capture on a1.) White doesn’t want to move the e-pawn. 16.Ne5?! White should have preferred one of the alternatives: 16.e5 Nd5=; 16.Nh4 b4 17.Nxg6 hxg6 18.axb4 axb4 19.Ne2 Qb7= followed by ...c6-c5. 16...Nxe5 17.Bxe5 17.dxe5 Nd7³ gives Black a mobile queenside majority, while White does not really have an attack. 17...b4 18.Bxf6 Bxf6³ Exchanging minor pieces makes the centre less important, and the bishop pair is a bonus.	Bogoljubow	Alekhine	Germany (25)	1934	Bogoljubow – Alekhine, Germany (25) 1934	444	444
591	rules-of-thumb	medium	5rk1/r2bq1pp/2p1pn2/p1bpQ3/8/P1N2NB1/1PP2PPP/R3R1K1 w - - 0 1	white	Na4 Ng4	c3a4 f6g4	16.Na4!² Catching the bishop, winning the dark squares. Note that 16...Ng4?! followed by the exchanging ...Bd6 does not improve Black’s situation on those squares.	Alekhine	Euwe	Nottingham	1936	Alekhine – Euwe, Nottingham 1936	445	445
592	rules-of-thumb	medium	2kr3r/pppqnp2/2nb2pp/3p4/3P1P2/2PQB1NP/PP2N1P1/2KR1R2 b - - 0 1	black	h5 h4 Qg4	h6h5 h3h4 d7g4	16...h5!µ Preventing f4-f5, which would have activated practically all of White’s pieces. By chasing the knight away from g3, Black also enables ...Nf5. 17.h4 would avoid one problem while creating a new one by weakening the g4-square: 17...Qg4µ	Winter	Alekhine	Nottingham	1936	Winter – Alekhine, Nottingham 1936	446	446
593	rules-of-thumb	medium	r1bq1rk1/p1p2ppp/2p2n2/3p4/1b2P3/2NB1P2/PPPB2PP/R2QK2R b KQ - 0 1	black	Bc5 Qe2 Re8	b4c5 d1e2 f8e8	9...Bc5! To stop short castling. 9...dxe4?! 10.Nxe4³ Exchanging pieces makes life easier for White. 9...Bxc3? 10.Bxc3 dxe4 11.Bxe4² 10.Qe2 The queen is badly placed on the e-file but has no other convenient square. White is more or less forced to castle long. 10...Re8µ	Alekhine	Alexander	Margate	1937	Alekhine – Alexander, Margate 1937	446	446
594	rules-of-thumb	medium	1r1r4/pp1bkppp/n3p3/8/3N4/P3K1P1/1P2PPBP/2R4R w - - 0 1	white	f4	f2f4	16.f4!² Securing the knight on d4 for the moment. Playing ...f7-f6 and ...e6-e5 would leave Black with a weak e-pawn.	Alekhine	Euwe	Netherlands (24)	1937	Alekhine – Euwe, Netherlands (24) 1937	447	447
595	rules-of-thumb	medium	r4rk1/pbp1b1pp/np6/3qNp2/3Pp3/4B1P1/PPQ1PPBP/2R2RK1 w - - 0 1	white	Nc6 Bxc6 a3 Nb4 Bd2	e5c6 b7c6 a2a3 a6b4 e3d2	14.Nc6! Blocking Black’s c-pawn on c7. 14...Bxc6 14...Bd6 15.a3² 15.Qxc6 Qxc6 16.Rxc6 Nb4! The best try. 16...Rf6 17.Rfc1± was the game. 17.Rc4! After 17.Rxc7? Nd5= White’s extra pawn will not be worth much with opposite-coloured bishops on the board and the g2-bishop restricted by the pawn structure. 17...Nd5 17...Nxa2? 18.Rxc7± 18.Bd2² Max Euwe “I honestly feel very humble when I study Capablanca’s games.”	Euwe	Capablanca	Netherlands	1938	Euwe – Capablanca, Netherlands 1938	447	447
596	rules-of-thumb	medium	8/1p1r1p1k/p2q2pp/3pR3/3P3P/6P1/PP2QP2/6K1 w - - 0 1	white	h5	h4h5	27.h5!² Weakening Black’s king. Black to move would have played ...h6-h5.	Alekhine	Eliskases	Buenos Aires (Ol)	1939	Alekhine – Eliskases, Buenos Aires (Ol) 1939	448	448
597	rules-of-thumb	medium	3r1rk1/2q2ppp/1n6/1pp1pP2/8/1BP1Q2P/1P3PP1/R2R2K1 w - - 0 1	white	f6 gxf6 Qh6 f5 Bxf7+ Qxf7 Rxd8 Na4 Qg5+	f5f6 g7f6 e3h6 f6f5 b3f7 c7f7 d1d8 b6a4 h6g5	24.f6 An obvious attacking blow, ruining the king’s position. Let’s see how the game ended: 24...gxf6 25.Qh6 f5 A position from The Woodpecker Method. 26.Bxf7+! Qxf7 27.Rxd8 Na4 27...Rxd8 28.Qg5+ with a fork. 28.b3 1–0	Alekhine	Junge	Poland	1942	Alekhine – Junge, Poland 1942	449	449
598	rules-of-thumb	medium	r4rk1/ppp1bppp/2n5/1BPp1q2/3P4/2P1BP1P/P4P2/1R1QK2R b K - 0 1	black	Bg5	e7g5	17...Bg5!³ By exchanging bishops, Black gets closer to White’s king.	Alekhine	Bogoljubow	Salzburg	1942	Alekhine – Bogoljubow, Salzburg 1942	449	449
599	rules-of-thumb	medium	q1r3k1/pbrnbppp/1p2pn2/2p1N3/1P1PP3/6P1/PB1NQPBP/2R2RK1 w - - 0 1	white	dxc5 bxc5 b5	d4c5 b6c5 b4b5	17.dxc5 bxc5 18.b5± Black is left with a weak c-pawn while White has obtained a mobile pawn majority. Notice that the c-pawn limits the scope of Black’s two rooks, the dark-squared bishop and one of the knights!	Alekhine	Keres	Munich	1942	Alekhine – Keres, Munich 1942	450	450
600	rules-of-thumb	medium	2krb3/ppp1rppp/1nn1p3/8/1PNP4/P4NP1/4PPBP/2RR2K1 w - - 0 1	white	b5 Nb8 Nxb6+ axb6 a4	b4b5 c6b8 c4b6 a7b6 a3a4	18.b5! Pushing back the knight is the only argument needed. 18.Nxb6+ axb6 19.b5 allows the knight to go to a5. 18...Nb8 18...Nxc4 19.bxc6± 19.Nxb6+ axb6 20.a4±	Alekhine	Bogoljubow	Warsaw (2)	1943	Alekhine – Bogoljubow, Warsaw (2) 1943	450	450
601	rules-of-thumb	medium	1r1qnr1k/4n1pp/p2pBp2/P1p1pPP1/1p5P/2PPNQ2/1P3P2/R3R1K1 w - - 0 1	white	g6 h6	g5g6 h7h6	28.g6!± Black will always have to defend against a sacrifice on h6 (which was finally executed, with decisive effect).	Alekhine	Novotny	Prague	1943	Alekhine – Novotny, Prague 1943	452	452
602	rules-of-thumb	medium	r4rk1/ppp1qppp/3p1n2/4n3/1PP5/P1B1Pb2/2Q1BPPP/R3K2R w KQ - 0 1	white	gxf3	g2f3	13.gxf3± Keeping the bishop pair. Exchanging minor pieces would make White’s king less secure.	Euwe	Kitto	Plymouth	1948	Euwe – Kitto, Plymouth 1948	453	453
603	rules-of-thumb	medium	r1bqr1k1/pp1p1pp1/2p3np/b2N4/2PN4/Q3P3/PP2BPPP/R4RK1 w - - 0 1	white	b4 cxd5	b2b4 c6d5	15.b4!± A standard trick, using the threatened knight instead of moving it. White forces a favourable exchange while keeping a lead in development. 15.Nb3 has the same idea, but after 15...cxd5 16.Nxa5 b6= Black gets the tempo needed to develop. 15.Nc3=	Szabo	Smyslov	Budapest	1950	Szabo – Smyslov, Budapest 1950	453	453
604	rules-of-thumb	medium	r6r/pp1bkppp/n3pn2/1Nb5/P1B1PB2/2N5/1P3PPP/R4RK1 w - - 0 1	white	e5 Ne8 Bd2 f5 Bg5+ Kf7 Rad1 Bc6 Nd6+ Bxd6 Rxd6	e4e5 f6e8 f4d2 f7f5 d2g5 e7f7 a1d1 d7c6 b5d6 c5d6 d1d6	13.e5! Forcing Black’s knight to retreat before the rook on h8 is developed. 13...Ne8 After 13...Nh5 14.Bd2 there is no good way to save the knight from being trapped by g2-g4, as 14...f5 15.Bg5+ is crushing. For instance, 15...Kf7 16.Rad1 Bc6 17.Nd6+ Bxd6 18.Rxd6 Nc7 (18...Rhe8? 19.Bxa6 picks up a piece) 19.b4! and Black is positionally busted. 14.Ne4 White is almost winning.	Boleslavsky	Smyslov	Budapest	1950	Boleslavsky – Smyslov, Budapest 1950	454	454
605	rules-of-thumb	medium	2bq1rkn/p2p2p1/3Pp2p/1rp2p1P/4P3/6PN/PP1Q1PB1/R4RK1 w - - 0 1	white	e5 c4 Bb7 Bxb7 Rac1 Rb4 a4	e4e5 c5c4 g2b7 c8b7 a1c1 b5b4 a2a4	18.e5!² Keeping Black restricted, with f2-f4 coming soon. Black is not without chances, though, as ...Nf7-d8-c6 is a possible manoeuvre. It was not a good idea to allow Black’s rook to escape after 18.exf5?! Rxf5 19.Nf4 (19.Be4 Rxh5 20.Qe2 c4µ) 19...Bb7; for instance, 20.Bxb7 Rxb7 21.Rac1 Rb4³ and ...Rbxf4 is a threat. White can also start with 18.a4!? Rb4 before 19.e5!².	Smyslov	Szabo	Budapest	1950	Smyslov – Szabo, Budapest 1950	454	454
606	rules-of-thumb	medium	r3k2r/pp3p1p/1bpq1pn1/3p4/1P1P2bN/P1NBP3/2Q2PPP/R4RK1 w kq - 0 1	white	Nf5 Bxf5 Bxf5	h4f5 g4f5 d3f5	15.Nf5 No exclamation mark, as there was no choice. The alternatives either improve Black’s structure or weaken White’s. 15.Bf5? Bh5µ favours Black. (15...Nxh4!? 16.Bxg4 Rg8 is a good alternative, with a promising attack.) 15...Bxf5 16.Bxf5± Kotov went on to carry out a strong positional squeeze for most of the game, but eventually lost after miscalculating a rook sacrifice on move 39.	Kotov	Smyslov	Budapest	1950	Kotov – Smyslov, Budapest 1950	455	455
607	rules-of-thumb	medium	r1bq1rk1/p2n1ppp/4pn2/2pp4/1bP5/1P1BPN2/P3NPPP/R1BQ1RK1 b - - 0 1	black	e5 cxd5	e6e5 c4d5	10...e5!ƒ The threat of ...e5-e4 forces White to retreat. Black can continue with ...d5-d4 or ...e5-e4, but there’s no need to decide until White has made a move. 10...Qe7?! 11.cxd5²	Petrosian	Keres	Budapest	1952	Petrosian – Keres, Budapest 1952	456	456
608	rules-of-thumb	medium	r1b2rk1/1pp3bp/3p1q2/p4pp1/2P5/BP2P1P1/P2Q1PBP/3R1RK1 w - - 0 1	white	c5 dxc5 Bxc5 Re8 Bd5+ Kh8	c4c5 d6c5 a3c5 f8e8 g2d5 g8h8	18.c5! Activating the bishop. 18...dxc5 Kotov desperately gave away a pawn with 18...a4. 19.Bxc5 Re8 20.Bd5+ Kh8 It’s not over yet, but Black is far from happy with the position opening up while still not having developed the queenside.	Smyslov	Kotov	Gagra (Training)	1953	Smyslov – Kotov, Gagra (Training) 1953	456	456
609	rules-of-thumb	medium	3rr3/2q3pk/1p1p2p1/p1n1pp1n/2P1P3/1P2BPP1/P1R2QBP/3R2K1 w - - 0 1	white	exf5 gxf5 g4 fxg4 Bf4	e4f5 g6f5 g3g4 f5g4 e3f4	34.exf5! A first step towards opening the diagonal for the light-squared bishop. 34...gxf5 35.g4 fxg4? After Reshevsky’s 35...Nf4+– White wins a pawn with gxf5, before or after Bxf4 and Qh4+. 36.fxg4+– A second and final step.	Smyslov	Reshevsky	Zurich	1953	Smyslov – Reshevsky, Zurich 1953	457	457
610	rules-of-thumb	medium	3r2k1/pp3pp1/2q1n3/3pP3/P4P2/8/BP1Q3P/5R1K w - - 0 1	white	f5 Nc5 Qg5 Rd7 f6 Ne6 Bxd5	f4f5 e6c5 d2g5 d8d7 f5f6 c5e6 a2d5	27.f5 Using the pawn majority. 27...Nc5 27...Nc7 is better, but not challenging. 28.Qg5 Rd7? This gives White time to create decisive threats before the knight jumps to e4. 28...f6! was essential, although White can keep some advantage with 29.Qg2! followed by Rg1. 29.Rg1 But not 29.f6? Ne6= and Black has defended. 29...f6 30.exf6 Ne4 31.f7+! Rxf7 32.Qd8+ Kh7 33.Bxd5 Nf2+ 34.Kg2 Qf6 35.Qxf6 Rxf6 36.Kxf2 Rxf5+ 37.Bf3 Rf4 38.Rg4 Black resigned. White won with a long tactical line, but there was no need to calculate it before pushing the f-pawn. The moves can be found step by step, and there were good alternatives along the way. 1–0 Mikhail Botvinnik “Above all else, before playing in competitions a player must have regard to his health, for if he is suffering from ill health he cannot hope for success. In this connection, the best of all tonics is fifteen to twenty days in the fresh air, in the country.”	Botvinnik	Smyslov	Moscow (12)	1954	Botvinnik – Smyslov, Moscow (12) 1954	457	457
611	rules-of-thumb	medium	r1q2rk1/1p2ppbp/2pp1np1/p7/Pn1P3N/NP4Pb/1BP1PP1P/R2QR1KB b - - 0 1	black	d5	d6d5	14...d5! Not allowing White to take space with e2-e4 (which would have secured an advantage). We don’t need a precise evaluation of the resulting position, but it’s safe to say that Black is not worse.	Smyslov	Borisenko	Moscow	1955	Smyslov – Borisenko, Moscow 1955	458	458
612	rules-of-thumb	medium	r1bq1rk1/5p1p/p1pp1np1/1p2pP2/2PnP1P1/2NP3P/PP1QN1B1/R4RK1 w - - 0 1	white	Nxd4 exd4 Ne2 Qb6	e2d4 e5d4 c3e2 d8b6	17.Nxd4 Black is seldom happy recapturing with the e5-pawn in such positions. 17...exd4 18.Ne2 White threatens the d4-pawn, and ...c6-c5 is not possible, since it would open the long diagonal. The only way to defend the pawn is 18...Qb6? but then White’s kingside attack is decisive.	Botvinnik	Shcherbakov	Moscow	1955	Botvinnik – Shcherbakov, Moscow 1955	459	459
613	rules-of-thumb	medium	r5k1/ppr2ppp/2nqbn2/3p4/3P1N2/1Q2PNP1/P4PBP/R4RK1 w - - 0 1	white	Ng5	f3g5	16.Ng5!± Exchanging the bishop for the passive knight (f3), while keeping the strong knight (f4). White follows up with Ngxe6 and Bh3.	Smyslov	Lisitsin	Moscow	1955	Smyslov – Lisitsin, Moscow 1955	459	459
614	rules-of-thumb	medium	r7/3b1pk1/1qnp1ppp/1p6/1P1PP3/6P1/3QNPBP/5RK1 w - - 0 1	white	e5	e4e5	21.e5!² Opening the diagonal. To make the move, White just needs to make sure that the pawn can’t be taken twice. Vasily Smyslov “My study of chess was accompanied by a strong attraction to music, and it was probably thanks to this that from childhood I became accustomed to thinking of chess as an art, for all the science and sport involved in it.”	Smyslov	Shcherbakov	Moscow	1955	Smyslov – Shcherbakov, Moscow 1955	460	460
615	rules-of-thumb	medium	r4r2/p1n1qpbk/bpnp2pp/2p1p3/3PP3/1NP1BNP1/PPQ2PBP/R2R2K1 w - - 0 1	white	d5 Nb4 a4	d4d5 c6b4 a2a4	16.d5! Black was set to fight for the initiative with: 16...exd4 17.cxd4 Nb4 16...Nb8 17.a4² Black’s pieces are worse than normal for this structure.	Korchnoi	Botvinnik	Moscow	1955	Korchnoi – Botvinnik, Moscow 1955	461	461
616	rules-of-thumb	medium	r2q1rk1/pp3ppp/5n2/2PP4/8/P2BPP1b/5P1P/R1BQ1RK1 w - - 0 1	white	e4 Qxd5	e3e4 d8d5	15.e4!+– White’s bishop pair, passed pawn and control over the centre are far more important than the exchange. 15.Re1? Qxd5÷	Botvinnik	Averbakh	Moscow (Training)	1955	Botvinnik – Averbakh, Moscow (Training) 1955	461	461
617	rules-of-thumb	medium	r4rk1/1p2qpbp/2ppb1pn/p7/P1P5/1QN1PB2/1P1B1PPP/R2R2K1 w - - 0 1	white	Ne2 Ng4 Nf4 Ne5 Be2 Bc8	c3e2 h6g4 e2f4 g4e5 f3e2 e6c8	14.Ne2! Immediately redirecting the knight to f4, harassing Black’s bishop. It’s important to do this before Black has played ...Ng4-e5. 14...Ng4 15.Nf4! Smyslov chose 15.Nd4 which is less strong, since after 15...Ne5 16.Be2 Bc8 he can’t put pressure on Black’s d-pawn as the knight obstructs the d-file. 15...Ne5 As White was fast with Ne2-f4, the bishop can retreat to e2. 16.Be2²	Smyslov	Bertok	Zagreb	1955	Smyslov – Bertok, Zagreb 1955	462	462
618	rules-of-thumb	medium	2r2rk1/pb1bnpbp/1q2pnp1/3p4/1P1P4/P2B1N2/1BPN1PPP/R2QR1K1 w - - 0 1	white	a4	a3a4	14.a4!² Activating the bishop via a3, taking space, and stopping ...Bb5. The only thing you need to see is why Black can’t take on b4.	Pirc	Smyslov	Zagreb	1955	Pirc – Smyslov, Zagreb 1955	462	462
619	rules-of-thumb	medium	5r2/2pq2kn/1ppp3p/5rp1/1PQ5/6BP/P1P2PP1/R4RK1 w - - 0 1	white	a4 Nf6 b5	a2a4 h7f6 b4b5	21.a4! Pushing the pawn passer before Black has time to stop it with ...b6-b5 or ...c6-c5. 21...Nf6 21...b5 is met by a check followed by a4-a5. 22.a5+– Smyslov won smoothly.	Smyslov	Dueckstein	Zagreb	1955	Smyslov – Dueckstein, Zagreb 1955	463	463
620	rules-of-thumb	medium	r1b1r1k1/p4ppp/1qp2n2/3p4/8/4B1P1/PPQ1PPBP/R4RK1 b - - 0 1	black	Rxe3 fxe3 Qxe3+ Kh1 Bd7	e8e3 f2e3 b6e3 g1h1 c8d7	14...Rxe3!? 14...Qb5 was played. Let’s not debate how big White’s positional advantage is; it’s enough to say that it’s undoubted. When they agreed to a later draw, Smyslov was clearly winning. 15.fxe3 Qxe3+ 16.Kh1 Bd7² White’s position is preferable, but Black is not without chances. Black’s ideas include ...h7-h5-h4 and ...Re8, while keeping the queens on the board. The e4-square has been weakened, and if White captures a knight there, the light squares around the king become weak. I think sacrificing the exchange improves Black’s chances compared to not doing so.	Smyslov	Keres	Amsterdam/Leeuwarden	1956	Smyslov – Keres, Amsterdam/Leeuwarden 1956	464	464
621	rules-of-thumb	medium	r2q1rk1/p1n2pb1/1p1p1npp/1PpPp1B1/PP2P3/8/3NBPPP/R2QK2R w KQ - 0 1	white	Bxf6 Qxf6 O-O Rfd8 Nc4 Bf8 g3 cxb4 Qb3 Kg7 Rfc1 h5 Ne3 Ne8 Qxb4 Rdc8 Rc6	g5f6 d8f6 e1g1 f8d8 d2c4 g7f8 g2g3 c5b4 d1b3 g8g7 f1c1 h6h5 c4e3 c7e8 b3b4 d8c8 c1c6	14.Bxf6 Removing pieces that can control the light squares is more important than keeping the bishop pair. 14...Qxf6 15.0-0 Rfd8 16.Nc4 Bf8 16...cxb4 would have led to something similar to the game. 17.g3!? Petrosian probably rejected 17.bxc5 dxc5 on the basis that Black would be ready to improve the knight with ...Ne6-d4 or ...Ne8-d6. However, it turns out that 18.f4! exf4 19.e5 is close to winning for White. 17...cxb4 This is not forced, but after other moves White would have continued building up his position and taken on c5 at a good moment. 18.Qb3 If Black only could place his knight or bishop on c5! Instead, White’s rook reached c6. 18...Kg7 19.Rfc1 h5 20.Ne3 Ne8 21.Qxb4 Rdc8 22.Rc6 Game over! (Positionally, even though Stockfish gives less than +2.)	Petrosian	Pilnik	Amsterdam	1956	Petrosian – Pilnik, Amsterdam 1956	464	464
622	rules-of-thumb	medium	3rr1k1/pbqn1ppp/1p2pn2/1B6/3P4/P1P2N2/3BQPPP/R3R1K1 b - - 0 1	black	Ne4	f6e4	16...Ne4!³ Hitting the bishop before it can retreat to e1. Black captures on d2 on the next move. Exchanging minor pieces is something Black wants when playing against a hanging pawn couple.	Smyslov	Karaklajic	Belgrade	1956	Smyslov – Karaklajic, Belgrade 1956	465	465
623	rules-of-thumb	medium	r5k1/1pqnbpp1/2p1pn1p/5b2/1PPB4/5NP1/1Q1NPPBP/5RK1 w - - 0 1	white	c5	c4c5	19.c5!² Avoiding Black’s threat: to get a strong square on c5 by exchanging the c-pawn with ...c6-c5. 19.Bc3 is a less active way to avoid Black’s threat.	Smyslov	Djurasevic	Belgrade	1956	Smyslov – Djurasevic, Belgrade 1956	466	466
624	rules-of-thumb	medium	r2q1rk1/1p3bpp/p2n1n2/1P1p1p2/PQ1Pp3/4P1P1/3NNPBP/R4RK1 b - - 0 1	black	a5 Qa3 g5	a6a5 b4a3 g7g5	19...a5! Keeping the queenside closed. 19...g5 20.bxa6³ and it’s harder for Black to focus on the kingside. 20.Qa3 g5!µ The next moves are ...Bh5 and ...Kh8, with an attack.	Lorson	Smyslov	Moscow (Ol)	1956	Lorson – Smyslov, Moscow (Ol) 1956	466	466
625	rules-of-thumb	medium	5r1k/6pp/p2b4/1p1p1q2/3PpP2/2P1B1Pb/PP1Q3P/R3R1K1 w - - 0 1	white	a4	a2a4	25.a4!+– White is an exchange up and activates the rook as quickly as possible. No more arguments are needed.	Smyslov	Johannessen	Moscow (Ol)	1956	Smyslov – Johannessen, Moscow (Ol) 1956	467	467
626	rules-of-thumb	medium	1r1q1rk1/5pbp/3pb1p1/3Np3/1p1nP3/1P1QB3/P4PPP/1BR2R1K b - - 0 1	black	Bxd5 exd5 Nb5 Bd2 Na3	e6d5 e4d5 d4b5 e3d2 b5a3	18...Bxd5! Eliminating the knight before it jumps to c7. 19.exd5 To play for an advantage, Black should avoid the exchange on d4. 19...Nb5! is the best choice, threatening to settle on c3. 20.Bd2 Na3³ Black can trade the knight for the bishop any time, keeping the better pawn structure.	Smyslov	Botvinnik	Moscow	1956	Smyslov – Botvinnik, Moscow 1956	467	467
627	rules-of-thumb	medium	r2q1rk1/pp2bppp/2n3b1/8/2P3P1/1N1p3P/PP1B1PB1/2RQ1RK1 b - - 0 1	black	a5 a4 Nd4	a7a5 a2a4 c6d4	18...a5! Chasing the knight. 18...f5!?µ is worth considering, but it’s best to save this idea for later. 19.a4 19.Bc3 a4 20.Nd2 Nd4–+ Placing the pawn here is a concession; just look at the b4-square. Black can settle the knight there (after exchanging bishops), or do like Smyslov and switch to the other flank: 19...f5! If a positional advantage is enough to claim the position to be winning, let’s do it here.	Golombek	Smyslov	Moscow	1956	Golombek – Smyslov, Moscow 1956	468	468
628	rules-of-thumb	medium	r1bqnr2/1p3ppk/3pp3/p3P3/2PQ4/P1B5/5PPP/R4KNR b - - 0 1	black	f6 exf6 Nxf6 Rd1 e5	f7f6 e5f6 e8f6 a1d1 e6e5	16...f6! To open the f-file. 17.exf6 17.exd6 Qxd6µ and Black will probably win the c4-pawn before White has developed the rook on h1. 17...Nxf6³ White is behind in development. Note that 18.Rd1 can be met with 18...e5 – although it’s not necessary to have seen this when solving the exercise.	Szabo	Smyslov	Moscow	1956	Szabo – Smyslov, Moscow 1956	469	469
629	rules-of-thumb	medium	r4rk1/1qpnbppp/1p1pp3/p7/2PP4/PPQ3P1/1B2PPNP/3RR1K1 b - - 0 1	black	b5 d5 exd5 Rc1 Qc6 cxb5 Qxb5 Qxc7 Rfc8 a4 Rxc7 axb5	b6b5 d4d5 e6d5 d1c1 b7c6 c4b5 c6b5 c3c7 f8c8 a3a4 c8c7 a4b5	16...b5!³ Creating a weakness on the b-file, regardless of how White responds. 16...d5? is met by 17.cxd5 exd5 18.Rc1 Bd6 19.Ne3² followed by Qc6 soon. 17.Rc1 There is one forcing sequence to see: 17.cxb5 Qxb5 18.Qxc7 Rfc8 19.a4 Rxc7 20.axb5³ Black takes back the pawn and puts pressure on b3. 17.Rb1 bxc4 18.bxc4 Rfb8³ 17...bxc4 18.Qxc4 c5³	Pachman	Smyslov	Moscow	1956	Pachman – Smyslov, Moscow 1956	469	469
630	rules-of-thumb	medium	1r1r2k1/1p2qp2/p1p2bp1/7p/2Pnp2P/2B3P1/PP1RPPB1/2R1Q1K1 b - - 0 1	black	e3 fxe3 Qxe3+ Qf2 Nxe2+	e4e3 f2e3 e7e3 e1f2 d4e2	25...e3! 26.fxe3 Qxe3+ The e2- and g3-pawns are clearly weak. 27.Qf2? Missing a tactical refutation. 27.Kh2³ was necessary. 27...Nxe2+–+	Bannik	Tal	Moscow	1957	Bannik – Tal, Moscow 1957	470	470
631	rules-of-thumb	medium	r4rk1/1b1q2bp/3nppp1/pp1p4/3P1P1P/4PNPB/PP2Q2K/2RNR3 b - - 0 1	black	b4 Nf2 h5 Rc8 Ba6	b5b4 d1f2 h7h5 c1c8 b7a6	21...b4! 21...Ba6 followed by ...b4 transposes. (Full points if you chose this.) Putting a rook on the c- file before ...Ba6 would be a mistake, as Black can’t take back with the rook after: 21...Rfc8 22.Nf2 b4 23.h5 Ba6 24.Rxc8+= 22.Nf2 Ba6³ The queen has no convenient square. Smyslov went on to control and infiltrate on the c-file, winning after 69 moves.	Botvinnik	Smyslov	Moscow (17)	1957	Botvinnik – Smyslov, Moscow (17) 1957	470	470
632	rules-of-thumb	medium	1rbr2k1/2q1bpp1/p2p3p/1p1Pp3/8/P4PB1/1PPQ1PBP/3RR1K1 b - - 0 1	black	g5	g7g5	22...g5!–+ The bishop on g3 is dead and buried.	Reissmann	Tal	Munich (Ol)	1958	Reissmann – Tal, Munich (Ol) 1958	471	471
633	rules-of-thumb	medium	1r1qr1kb/2n1p2p/p2p1ppB/2pPP3/bp2R3/5N1P/1PPQ1PP1/4RBK1 w - - 0 1	white	e6	e5e6	21.e6+– Black’s pieces on the queenside can’t defend the king, and the finish is only a matter of time.	Tal	Benko	Bled/Zagreb/Belgrade	1959	Tal – Benko, Bled/Zagreb/Belgrade 1959	472	472
634	rules-of-thumb	medium	r2q1rk1/1p1bbppp/3p1n2/p1nPp3/4P3/1PN5/P2NBPPP/R1BQ1RK1 w - - 0 1	white	a4 b5 f3 Nh5 Qc2	a2a4 b7b5 f2f3 f6h5 d1c2	12.a4² Putting a halt to Black’s queenside ambitions. (12...b5 was a positional threat, since the knight on c3 would be overloaded.) Two other moves that also stop ...b7-b5 have disadvantages: 12.f3 allows 12...Nh5; and 12.Qc2 moves onto an open file, inviting 12...Rc8.	Petrosian	Larsen	Beverwijk	1960	Petrosian – Larsen, Beverwijk 1960	472	472
635	rules-of-thumb	medium	r4rk1/pb1b2pp/1q2pn2/3pN3/1P6/2PB4/P1Q2PPP/4RRK1 b - - 0 1	black	Bb5	d7b5	17...Bb5= Exchanging the bad bishop for White’s good bishop.	Tal	Hoppensack	Berlin (Simul)	1960	Tal – Hoppensack, Berlin (Simul) 1960	473	473
636	rules-of-thumb	medium	r4rk1/pb1bbpp1/1q2pn1p/8/2B2B2/3R1N2/PPP1QPPP/5RK1 b - - 0 1	black	Bb5 Ne5 Rfd8 Rb3 Bxc4 Qxc4 Nd5	d7b5 f3e5 f8d8 d3b3 b5c4 e2c4 f6d5	14...Bb5! By exchanging bishops, Black (who has less space) gets access to the d5-square. 14...Bc6 15.Ne5²; 14...Rfd8?! 15.Rb3± and it’s too late to exchange bishops. 15.Rb3 Bxc4 16.Qxc4 Rfc8= Avoiding any structural damage. White can’t win a pawn with 17.Rxb6 Rxc4 18.Rxb7 because of 18...Nd5 and Black has a double threat.	Tal	Benko	Curacao	1962	Tal – Benko, Curacao 1962	473	473
637	rules-of-thumb	medium	3r2k1/pp4bp/2n1pnp1/2p5/8/2N1PN2/PP2KPPP/R1B5 w - - 0 1	white	Ng5 Re8 Nb5	f3g5 d8e8 c3b5	15.Ng5! Forcing Black to place the rook on a passive square. Delaying this move would allow the black king to go to f7 and e7. 15...Re8² 15...Rd6? runs into: 16.Nb5+– After the text move the knight can always continue to e4 – a strong and secure outpost due to Black’s pawn structure. We don’t need to think any further.	Petrosian	Botvinnik	Moscow	1963	Petrosian – Botvinnik, Moscow 1963	474	474
638	rules-of-thumb	medium	4r3/3rn1k1/1p3pb1/p1pPn1p1/P3P1Pp/1P2N2P/2BR2N1/4KR2 b - - 0 1	black	Nc8	e7c8	45...Nc8! Improving Black’s worst-placed minor piece while opening the e-file for the rook. White has to defend the e-pawn, and then Black smoothly opens the queenside. Stockfish evaluates Black’s advantage in excess of –2. Tigran Petrosian “If it is true that a player’s style is his person, then everyone plays as he is intended to by nature. I am naturally cautious, and I altogether dislike situations which involve risk.”	Botvinnik	Petrosian	Moscow (18)	1963	Botvinnik – Petrosian, Moscow (18) 1963	474	474
639	rules-of-thumb	medium	rqb3k1/3nbrpp/p2p4/3P1pP1/1p1B1P2/3B1Q2/PPP4P/2K1R2R w - - 0 1	white	h4	h2h4	19.h4+– To attack Black’s king. With the rook needed on f7 (to defend the e7- and f5-points), Black can’t keep the g- and h-files closed.	Tal	Larsen	Bled (10)	1965	Tal – Larsen, Bled (10) 1965	475	475
640	rules-of-thumb	medium	2kr3r/pbqnbp2/1p2p3/3pP2p/PPp2B1p/2P1PN2/4BPP1/R2Q1RK1 b - - 0 1	black	a6	a7a6	18...a6!µ Black can now avoid opening any queenside files after a4-a5 or b4-b5.	Spassky	Petrosian	Moscow (7)	1966	Spassky – Petrosian, Moscow (7) 1966	476	476
641	rules-of-thumb	medium	r1r3k1/3q1ppp/ppbb4/3p4/P2Pn3/1Q2PN2/1B2BPPP/R4RK1 b - - 0 1	black	b5 a5 b4	b6b5 a4a5 b5b4	20...b5 Playing actively before White has mobilized the last rook. Black has both rooks on the queenside, so it’s logical to open things up there. 21.a5 21.axb5 Bxb5 22.Bxb5 Qxb5µ 21...b4–+ Intending ...Bb5, winning control over the c4-square. Petrosian’s 21...Bb7 was less active, although he won with the help of a ...Rc4 exchange sacrifice later.	Spassky	Petrosian	Moscow (11)	1969	Spassky – Petrosian, Moscow (11) 1969	476	476
642	rules-of-thumb	medium	r3k2r/pp2pp1p/8/q2Pb3/2P5/4p3/B1Q2PPP/2R2RK1 w kq - 0 1	white	c5 Qxc5	c4c5 a5c5	20.c5!+– Creating a passed pawn (soon), opening the diagonal for the bishop on a2 and denying Black the use of the c5-square. These factors are more important than a pawn. 20.fxe3 Qc5± Bobby Fischer “Don’t even mention losing to me. I can’t stand to think of it.”	Petrosian	Fischer	Buenos Aires (2)	1971	Petrosian – Fischer, Buenos Aires (2) 1971	477	477
643	rules-of-thumb	medium	2rq1rk1/p2n1ppp/Qp2pn2/8/1b1P4/2N2N2/PP1B1PPP/R2R2K1 b - - 0 1	black	Bxc3 bxc3 Qc7 c4 Qxc4 Qxa7 Ra8 Qb7 Rfb8	b4c3 b2c3 d8c7 c3c4 c7c4 a6a7 c8a8 a7b7 f8b8	14...Bxc3! Starting to play for the light squares. 15.bxc3 15.Bxc3³ leaves White with a bad isolated pawn position: two minor pieces exchanged and the passive bishop still on the board. 15...Qc7 Karpov’s 15...Rc7 was fine as 16.c4? Qc8! wins a pawn; however, it seems safer to settle on c4 with the queen. 16.Rdc1 Qc4!µ The idea is that 17.Qxa7?? Ra8 18.Qb7 Rfb8 traps the queen.	Taimanov	Karpov	Moscow	1973	Taimanov – Karpov, Moscow 1973	478	478
644	rules-of-thumb	medium	r1bqr1k1/1pp3pp/p1pn1p2/8/2PP4/B3N3/P1P2PPP/R2Q1RK1 b - - 0 1	black	Nf5	d6f5	14...Nf5µ Black exchanges knights to get smooth development. White has weaker pawns and a passive bishop – especially when/if c4-c5 is provoked.	Kurajica	Karpov	Skopje	1976	Kurajica – Karpov, Skopje 1976	478	478
645	rules-of-thumb	medium	1r1qrbk1/2p2p1p/p4np1/Pb2p3/1PN1P3/2B4P/2B1QPP1/1R2R1K1 b - - 0 1	black	c5	c7c5	24...c5!= Opening the c-file against White’s three minor pieces. It’s important to do it before White has solved the problem of the pinned knight and started to threaten the pawn on e5.	Browne	Karpov	Amsterdam	1976	Browne – Karpov, Amsterdam 1976	479	479
646	rules-of-thumb	medium	3rr1k1/1bpnqppp/1p1b1n2/pP6/3Pp3/P1N1PP2/1BQNB1PP/R3R1K1 b - - 0 1	black	exf3 e4 Nxe4 Qxe4 Qxe4 Nxf3 c6	e4f3 e3e4 f6e4 c2e4 e7e4 d2f3 c7c6	17...exf3 White threatened to gain the advantage of the bishop pair by capturing on e4 multiple times. 18.Bxf3 Bxf3 19.Nxf3 19.gxf3 gives White a weak king; no further moves needed. 19...Ne4 Black must prevent e3-e4. 20.Nxe4 Qxe4 21.Qxe4 Rxe4³ White can finally force through e3-e4 but, after all the exchanges, it’s not anything to worry about. There is also a tactical trick that’s not part of the solution. Let’s give the line without comments: 22.Nd2 Re7 23.e4 Nc5! 24.e5 Nd3 25.Nf3 Nxe1 26.Rxe1 c6 27.exd6 Rxe1+ 28.Nxe1 cxb5³	Portisch	Petrosian	Lone Pine	1978	Portisch – Petrosian, Lone Pine 1978	479	479
647	rules-of-thumb	medium	r5k1/pb2bpp1/1qr1bn1p/3p4/5B2/P1N1PB2/1PQ2PPP/3R1RK1 w - - 0 1	white	Be5 Ne4 Bf6	f4e5 f6e4 e5f6	19.Be5² Taking control over c3 and d4. Wasting a tempo would have allowed Black to escape: 19.Rfe1 Ne4 20.Be5 Nxc3 21.Bxc3 Bf6=	Karpov	Spassky	Montreal	1979	Karpov – Spassky, Montreal 1979	480	480
648	rules-of-thumb	medium	r2qk2r/pb1n1ppp/1p2p3/8/1b1P4/5NP1/P3PPBP/R1BQR1K1 w kq - 0 1	white	Bg5	c1g5	12.Bg5!² Before safeguarding the rook, White wins a tempo or forces a weakness (...f7-f6).	Karpov	Hort	Waddinxveen	1979	Karpov – Hort, Waddinxveen 1979	481	481
649	rules-of-thumb	medium	r3kb1r/1pp2ppp/p2q1n2/3Pp1N1/1n4b1/2N1B3/PPPQ1PPP/R3KB1R w KQkq - 0 1	white	f3 Bf5 Nge4 Qd7 O-O-O	f2f3 g4f5 g5e4 d6d7 e1c1	10.f3 Closing the diagonal to castle long. 10...Bf5 11.Nge4 Qd7 12.0-0-0+– Black is badly developed and has problems with the knight on b4.	Karpov	Lutikov	Moscow	1979	Karpov – Lutikov, Moscow 1979	481	481
650	rules-of-thumb	medium	3qr1k1/1brn2bp/pp1p2p1/3P1p2/P1P1pPP1/1PN5/2QB3P/3BRR1K w - - 0 1	white	gxf5 gxf5 Rg1	g4f5 g6f5 f1g1	23.gxf5 Opening the g-file. 23...gxf5 24.Rg1+– White doubles up with a positionally winning advantage. First things first. 24.Be3!? was slower in the game.	Tal	Tseshkovsky	Riga	1979	Tal – Tseshkovsky, Riga 1979	482	482
651	rules-of-thumb	medium	4rrk1/p5pp/1pnp4/2p1q2n/2P1P3/4BP2/P2QB1PP/R4RK1 w - - 0 1	white	Qd5+ Qxd5 cxd5	d2d5 e5d5 c4d5	25.Qd5+ Exchanging Black’s active queen and opening a diagonal for the light-squared bishop. 25...Qxd5 A sad necessity as the knight on c6 was hanging. 26.cxd5± The bishop pair will be strong when both sides advance their pawns. Mikhail Tal “It’s funny, but many people don’t understand why I draw so many games nowadays. They think my style must have changed but this is not the case at all. The answer to this drawing disease is that my favourite squares are e6, f7, g7 and h7 and everyone now knows this. They protect these squares not once but four times!”	Tal	Dobosz	Yerevan	1980	Tal – Dobosz, Yerevan 1980	483	483
652	rules-of-thumb	medium	rr4k1/p3ppbp/1p4p1/1R6/8/3PB1P1/1P2PP1P/R5K1 w - - 0 1	white	Ra6 Kf8 Rb4 Be5 Rba4 b5 Bb6 Rb7 b3 Bb8 Bc5 Ke8 d4	a1a6 g8f8 b5b4 g7e5 b4a4 b6b5 e3b6 b8b7 b2b3 e5b8 b6c5 f8e8 d3d4	19.Ra6 Controlling Black’s pawns. To defend them, Black has to gravely misplace the pieces. 19...Kf8 20.Rb4 Be5 21.Rba4 b5 21...Bxb2 22.Bxb6± 22.Ra2 Rb7 23.b3 Bb8 24.Bc5 Ke8 25.d4± Karpov won convincingly. Anatoly Karpov “I still remember Botvinnik’s reaction to each of my games, right from the opening moves. At first he would express amazement, then annoyance, and finally irritation.”	Karpov	Ribli	Amsterdam	1980	Karpov – Ribli, Amsterdam 1980	484	484
653	rules-of-thumb	medium	2rr2k1/pb1nbpp1/4qn1p/2pp4/8/2N1PNB1/PPR1BPPP/1Q1R2K1 b - - 0 1	black	Nh5	f6h5	17...Nh5!³ Simply trading minor pieces and leaving Black with the pair of bishops. The bishops have a lot of potential, especially if Black manages to advance the hanging pawn couple and thus open diagonals.	Korchnoi	Karpov	Merano (1)	1981	Korchnoi – Karpov, Merano (1) 1981	485	485
654	rules-of-thumb	medium	1r1r2k1/2qnbpp1/2b1p2p/p1p5/4P3/P1B2N2/1PQ2PPP/2R1RBK1 w - - 0 1	white	a4	a3a4	21.a4² Blocking the a5-pawn, which will be an eternal weakness. White is left with a backward pawn on the b-file, but that one will be easier to defend.	Karpov	Najdorf	Mar del Plata	1982	Karpov – Najdorf, Mar del Plata 1982	485	485
655	rules-of-thumb	medium	2rq3r/1p3pk1/1n1p2p1/p2Pp3/1n2P2p/1PN1QPP1/P4N1P/1K1R3R b - - 0 1	black	a4	a5a4	25...a4!–+ Otherwise White would play a2-a4. The attack is now decisive.	Portisch	Petrosian	Tilburg	1982	Portisch – Petrosian, Tilburg 1982	486	486
656	rules-of-thumb	medium	r3r1k1/1pq2pbp/p2p2p1/3Pn3/1RPB4/8/P3BPPP/3Q1RK1 b - - 0 1	black	Nd7	e5d7	18...Nd7³ Offering a bishop exchange to increase the control over the dark squares. White’s bishop can retreat, but that is also a success for Black. Also note that the black knight has a great square on c5.	Polugaevsky	Petrosian	Moscow	1983	Polugaevsky – Petrosian, Moscow 1983	486	486
657	rules-of-thumb	medium	r1bqk2r/p4pbp/3p1np1/1pnP4/8/5NP1/P3PPBP/RNBQ1RK1 w kq - 0 1	white	Nd4 Qb6 Nc6 Nfe4 Be3 Bxa1 Nd2 Nxd2 Qxa1 O-O Bh6 Ne6 Bxd2	f3d4 d8b6 d4c6 f6e4 c1e3 g7a1 b1d2 e4d2 d1a1 e8g8 e3h6 c5e6 h6d2	11.Nd4! Reaching the c6-square. 11.Bb2?! makes Nd4-c6 impossible: 11...Qb6 12.Nd4 Na4! 11...0- 0 11...Bd7 The following line is not forced, but it’s a good example showing that White doesn’t need to worry too much about ...Bxa1: 12.Nc6! Bxc6 13.dxc6 Nfe4 14.Be3 Bxa1 15.Nd2 White gets a minor piece for the rook. 15...Nxd2 16.Qxa1 0-0 17.Bh6 Ne6 18.Bxd2± The mighty bishops and the strong pawn on c6 are worth more than the exchange. 12.Nc6² Kasparov started with 12.Nc3, which is as good.	Kasparov	Korchnoi	London	1983	Kasparov – Korchnoi, London 1983	487	487
658	rules-of-thumb	medium	r1r1b1k1/2q1bpp1/4p2p/p3p1P1/1p2P2P/3B1PQ1/PPPR4/1KNR4 b - - 0 1	black	h5 g6	h6h5 g5g6	24...h5! Keeping the kingside as closed as possible. 24...g6 25.gxh6 Kh7 26.h5 g5 is also good for Black, but it offers White more chances of counterplay than the game continuation. 25.Ne2 25.g6 can simply be captured. 25...g6–+ With White’s attack neutralized, Black can methodically prepare ...Bc5-d4/e3, ...a5-a4 and ...b4-b3, with a winning attack.	Anand	Sandstrom	Kiljava	1984	Anand – Sandstrom, Kiljava 1984	488	488
659	rules-of-thumb	medium	3r2k1/2r2p2/1ppq2p1/1b1nN3/1P1P2B1/8/3Q1PP1/1R2R1K1 w - - 0 1	white	Rb3	b1b3	32.Rb3!+– The rook is transferred to the h-file with a winning attack. Black’s kingside is desperately missing a bishop on g7.	Kasparov	Hübner	Hamburg (2)	1985	Kasparov – Hübner, Hamburg (2) 1985	488	488
660	rules-of-thumb	medium	rn2r1k1/1bp1q1pp/1p1pp3/p4pN1/2PP4/1P2Q1PB/P3PP1P/R4RK1 w - - 0 1	white	d5 exd5 Bxf5 h6 Be6+ Kh8 Nf7+ Kh7 cxd5	d4d5 e6d5 h3f5 h7h6 f5e6 g8h8 g5f7 h8h7 c4d5	17.d5! Undermining the f5-pawn while Black still hasn’t completed development. 17...exd5 18.Bxf5! It’s better to let Black exchange queens, as it opens the f-file. 18.Qxe7? Rxe7 19.Bxf5 h6³ 18...Qxe3 18...h6 19.Be6+ Kh8 20.Nf7+ Kh7 21.cxd5+– 19.Bxh7+ Kh8 20.fxe3+– White is not only a pawn up, but also winning against the king.	Torre	Anand	Dubai (Ol)	1986	Torre – Anand, Dubai (Ol) 1986	489	489
661	rules-of-thumb	medium	r2qr1k1/pp2ppbp/2n1b1p1/6B1/3P4/2PB1N2/P4PPP/R2QR1K1 w - - 0 1	white	Rxe6	e1e6	13.Rxe6!± No variations needed; the light squares are worth more than the exchange, as the rooks are far from doing anything meaningful. White continues by attacking the e6-pawn, but also has h2-h4-h5 as a positional plan. (Tal eventually delivered mate on h7.)	Tal	Karpov	Brussels (Blitz)	1987	Tal – Karpov, Brussels (Blitz) 1987	489	489
662	rules-of-thumb	medium	3r1rk1/4bppp/p3q3/3Np3/P1n1P3/1pP5/1P2QBPP/R4RK1 b - - 0 1	black	Rxd5 exd5	d8d5 e4d5	29...Rxd5! 30.exd5 Qxd5© In return for the exchange Black wins a pawn and gets rid of White’s tremendous knight, while keeping the strong knight on c4. Black’s positional compensation will endure, and further moves are not required.	Wahls	Kasparov	Hamburg (Simul)	1987	Wahls – Kasparov, Hamburg (Simul) 1987	490	490
663	rules-of-thumb	medium	rq2r1k1/1b1n1pp1/2pbp2p/pp6/3P3Q/4PN2/PP1BBPPP/2RR2K1 w - - 0 1	white	e4 Be7 e5	e3e4 d6e7 e4e5	17.e4! Opening up for the dark-squared bishop while preparing a kingside attack with e4-e5, Bd3 and possibly Bxh6. Black has difficulties countering with ...c6-c5 (the b5-pawn is hanging) or ...e6-e5 (the knight on d7 is loose). Karpov chose the unnecessarily cautious 17.Be1?!. 17...Be7 17...e5 18.Bxh6! Not the only move, but simply winning a pawn due to: 18...gxh6?! 19.Qg4+ Followed by 20.Qxd7. 18.Qh3±	Karpov	Van der Wiel	Tilburg	1988	Karpov – Van der Wiel, Tilburg 1988	491	491
664	rules-of-thumb	medium	r2q1r1k/pp4bp/2n2pp1/3Np3/1P2P1b1/1Q3NP1/P4PBP/2R2RK1 w - - 0 1	white	b5 Bxf3 bxc6 bxc6 Rxc6 Bxg2 Kxg2	b4b5 g4f3 b5c6 b7c6 c1c6 f3g2 g1g2	19.b5 Challenging the knight before d4 is made a safe square (by ...Bxf3). 19...Bxf3 19...Nd4 is met by 20.Nxd4 exd4± when Qc4xd4 and Rc7xb7 are two ways to go for pawns. 20.bxc6 bxc6 20...Bxg2 21.c7+– 21.Rxc6 Bxg2 22.Kxg2± Black no longer has any minor piece that can challenge the tremendous knight.	Kasparov	Thorsteins	Saint John (Blitz)	1988	Kasparov – Thorsteins, Saint John (Blitz) 1988	491	491
665	rules-of-thumb	medium	r4rk1/1pqnbppp/2p1pnb1/p7/P1BP3N/1QN1P1P1/1P3P1P/R1B2RK1 w - - 0 1	white	Nxg6	h4g6	16.Nxg6 Exchanging on g6 is the only way to play for an advantage – otherwise the bishop escapes to h5. (Following the exchange, White should look to patiently exploit the bishop pair and delay e3- e4 for a while.)	Kasparov	Timman	Amsterdam	1988	Kasparov – Timman, Amsterdam 1988	492	492
666	rules-of-thumb	medium	2r1rqk1/pb1n1p2/6p1/2pp3p/7B/P3PP2/1P1Q1NPP/3RR1K1 w - - 0 1	white	e4 Nb6 b4 cxb4 Qd4	e3e4 d7b6 b2b4 c5b4 d2d4	22.e4! Splitting Black’s hanging pawn couple. 22.b4 is another way to do it, but 22...cxb4 23.axb4 Rc4= gives Black an active rook. 22...Nb6 22...d4 23.b4 cxb4 24.Qxd4± wins a pawn. 23.exd5± Black has more pawn islands.	Kasparov	Hjartarson	Madrid (Rapid)	1988	Kasparov – Hjartarson, Madrid (Rapid) 1988	493	493
667	rules-of-thumb	medium	6k1/1n2ppqp/pr1p2p1/2pP1P2/b1P5/P1QB2P1/3NP2P/5RK1 w - - 0 1	white	f6 exf6 Rxf6 Qh6 Kg2 Qe3 Rxf7	f5f6 e7f6 f1f6 g7h6 g1g2 h6e3 f6f7	27.f6 Giving Black a slightly weak pawn on d6. 27...exf6 28.Rxf6+– Keeping the queens on the board. 28.Ne4?! f5!= No other moves are necessary, but the game continuation was nice: 28...Qh6 29.Kg2 Qe3?! 30.Rxf7! There is a discovered attack if Black recaptures.	Kasparov	I. Gurevich	New York (Simul)	1988	Kasparov – I. Gurevich, New York (Simul) 1988	493	493
668	rules-of-thumb	medium	2r1r1k1/pp2ppbp/3p1Bp1/3P4/5Pq1/2PQ4/PP1N2PP/4RR1K b - - 0 1	black	exf6 f5 Rxe1 Rxe1 Qa4	e7f6 f4f5 e8e1 f1e1 g4a4	19...exf6!= Getting rid of the backward pawn on e7. The same pawn structure sometimes arises when Black offers a bishop exchange with ...Bf6. 20.f5 is met by 20...Rxe1 21.Rxe1 Qa4!= and ...Re8.	Zaichik	Khalifman	Leningrad	1989	Zaichik – Khalifman, Leningrad 1989	494	494
669	rules-of-thumb	medium	4qrbk/1p2r1pp/p1pb4/3p1p2/1P1B2n1/P2PPNP1/1Q3PBP/2R2RK1 w - - 0 1	white	Bc5 Rf6 Bxd6 Rxd6 Qd4 Bf7 a4	d4c5 f8f6 c5d6 f6d6 b2d4 g8f7 a3a4	22.Bc5! Black has most of the pawns on light squares, and is thus weak on the dark squares. Exchanging dark-squared bishops helps White to exploit those squares. 22...Rf6 23.Bxd6 Rxd6 24.Qd4 Bf7 25.a4± With a minority attack. Garry Kasparov “The highest art of the chess player lies in not allowing your opponent to show you what he can do.”	Kasparov	Short	Paris (Rapid)	1990	Kasparov – Short, Paris (Rapid) 1990	494	494
670	rules-of-thumb	medium	2r3k1/1q2ppbp/p5p1/1p1P4/4P3/3Q3P/P2B1PP1/2R3K1 w - - 0 1	white	Rc6 Be5 Bh6 Bc3	c1c6 g7e5 d2h6 e5c3	26.Rc6! Using the weak back rank to clamp down on the outpost. 26...Be5 26...Rxc6 27.dxc6 Qxc6 28.Qd8+ Bf8 29.Bh6+– 27.Bc3!± Another strong move, but there is no need to spot it in the starting position.	Karpov	Kasparov	Lyon/New York (17)	1990	Karpov – Kasparov, Lyon/New York (17) 1990	495	495
671	rules-of-thumb	medium	r1b1k2r/1pqn1ppp/p1nppb2/8/2P1PP2/P1NBBN2/1P2Q1PP/R3K2R b KQkq - 0 1	black	Bxc3+ bxc3 e5 f5	f6c3 b2c3 e6e5 f4f5	12...Bxc3+! Black has only one chance to damage White’s pawn structure. If 12...0-0 13.Rc1 the knight on c6 is misplaced in this Hedgehog, as shown after: 13...b6? 14.Nd5!± 13.bxc3 e5 14.f5= Black will finish developing the queenside and exert pressure on the c-file before castling. Bobby Fischer “Patzer sees a check, gives a check.”	Ehlvest	Kasparov	Linares	1991	Ehlvest – Kasparov, Linares 1991	496	496
672	rules-of-thumb	medium	r2q1rk1/p4ppn/1p1p2n1/2pPp2p/1PP1P3/P1NB1PPb/7P/R1BQR1K1 w - - 0 1	white	Ra2 b5 Bf1	a1a2 b6b5 d3f1	16.Ra2! The rook is transferred to f2 in anticipation of a future opening of the f-file. (If not, White might play f3-f4 later on.) The text move also overprotects the f3-pawn, anticipating a future ...Ng5. 16.b5 intending a4-a5 is another plan, but it arguably reduces White’s advantage. 16.Bf1 defends the king, but with more space, White prefers to keep the minor pieces.	Kasparov	Veiga Goy7	Galicia (Simul)	1991	Kasparov – Veiga Goy7, Galicia (Simul) 1991	497	497
673	rules-of-thumb	medium	1r1r2k1/3q1pp1/1p3b2/p2p2p1/P2P3n/1Q1NB2P/1P1R1PP1/5RK1 b - - 0 1	black	g4 hxg4 Qxg4 f3 Qg3 Bf4 Bxd4+ Kh1 Nf5	g5g4 h3g4 d7g4 f2f3 g4g3 e3f4 f6d4 g1h1 h4f5	28...g4! Starting the attack straight away. (Otherwise White may play f2-f3.) 28...Qf5 was the game. 29.hxg4 Qxg4 30.f3 Qg3 Black is positionally better and can continue with ...Nf5, ...Re8 and/or ...Bg5. One nice line is: 31.Bf4? A fork? 31...Bxd4+ 32.Kh1 Nf5!–+ Black gets almost everything for the queen.	Panno	Kasparov	Buenos Aires (Simul)	1992	Panno – Kasparov, Buenos Aires (Simul) 1992	497	497
674	rules-of-thumb	medium	1r2k2r/4bp2/p2pbp1p/1p2p3/4P1P1/P3BP2/1PPR3P/1K3B1R b k - 0 1	black	h5 Rg1 hxg4 fxg4 Rh3 Bc4 Kd7	h6h5 h1g1 h5g4 f3g4 h8h3 f1c4 e8d7	18...h5! Opening the h-file before White has prepared g4-g5. 19.Rg1 19.Be2 hxg4 20.fxg4 Rh3µ 19...hxg4 20.fxg4 Bc4!µ Gaining access to the h3-square. One slow move allows White to defend: 20...Kd7 21.h3 Bc4 22.Bg2=	Ivanchuk	Anand	Linares (1)	1992	Ivanchuk – Anand, Linares (1) 1992	498	498
675	rules-of-thumb	medium	r1b1r1k1/5pbp/p1pR2p1/1p2P3/2P2Pn1/2N5/PP4PP/1KN2B1R b - - 0 1	black	Nf2 f5 Bxf5+ Ka1 Bd3 Nxd3 Nxd3 b4 f6	g4f2 f4f5 c8f5 b1a1 f5d3 c1d3 f2d3 b2b4 f7f6	17...Nf2 By covering d3, Black can check on f5 to force White’s king away. It’s a positional move, winning time for development. 18.Rg1 Bf5+ 19.Ka1 19.Bd3 Nxd3 20.Nxd3 bxc4–+ 19...b4 20.Na4 f6µ White is far behind in development.	Shirov	Kasparov	Dortmund	1992	Shirov – Kasparov, Dortmund 1992	499	499
676	rules-of-thumb	medium	r1b2rk1/p1p2ppp/1np4q/8/1bP5/1P3N2/PB2QPPP/2KR1B1R w - - 0 1	white	Qe3 Bf5 Nd2 a5	e2e3 c8f5 f3d2 a7a5	15.Qe3 It’s better to accept an isolated pawn on e3 than to allow Black to develop with tempo. 15.Kb1? Bf5+ 16.Ka1 Rfe8–+; 15.Nd2? a5µ 15...Qxe3+ 16.fxe3² The evaluation is not important (there was no real choice), but at least it’s White that plays for an advantage due to Black’s isolated doubled pawns.	Kasparov	Piket	Dortmund	1992	Kasparov – Piket, Dortmund 1992	499	499
677	rules-of-thumb	medium	r4rk1/pppbqppp/3pn3/8/1BP1n3/5NP1/PP2PPBP/2RQK2R w K - 0 1	white	Ne5 N6c5 Nxd7	f3e5 e6c5 e5d7	13.Ne5 Using a simple tactic to force a favourable trade. 13...N6c5 14.Nxd7² White will enjoy playing with two bishops against a pair of knights.	Kramnik	Ulibin	Chalkidiki	1992	Kramnik – Ulibin, Chalkidiki 1992	500	500
678	rules-of-thumb	medium	1r2r1k1/3qpp1p/3p2p1/1p1P4/nP1Q1P2/6P1/5PBP/2R1R1K1 w - - 0 1	white	Rc6	c1c6	25.Rc6!± By settling on c6 immediately, White prevents ...Nb6-c4.	Kasparov	Cebalo	Manila (Ol)	1992	Kasparov – Cebalo, Manila (Ol) 1992	500	500
679	rules-of-thumb	medium	3Q4/2p2pkp/4b1p1/2q5/1pn1PP2/7P/PPP3P1/2KR4 w - - 0 1	white	Qd4+ Qxd4 Rxd4	d8d4 c5d4 d1d4	26.Qd4+! Other moves would have been unclear. 26...Qxd4 27.Rxd4± Without queens on the board, Black has no counterplay. White has a material advantage and good chances to convert it.	Psakhis	Smyslov	Rostov-on-Don	1993	Psakhis – Smyslov, Rostov-on-Don 1993	501	501
680	rules-of-thumb	medium	2bq1r1k/Qpp3bp/3p1nn1/3Pp1p1/1PP1Pp2/1NN2P2/3BB1PP/5RK1 b - - 0 1	black	g4 fxg4 Nxg4 h3 f3 h4 Nh6	g5g4 f3g4 f6g4 h2h3 f4f3 h3h4 g4h6	19...g4 There’s no reason to delay the attack. Black threatens 20...g3. 20.fxg4 Nxg4 Keeping the light-squared bishop as an attacking piece. 21.h3 21.Bxg4 Bxg4 22.Qxb7 f3–+ The knight will reach h4 or f4. 21...Nh6µ Black continues attacking with ...Bf6-h4 and ...Rg8.	Ljubojevic	Kasparov	Linares	1993	Ljubojevic – Kasparov, Linares 1993	501	501
681	rules-of-thumb	medium	2rr4/1p3pkp/p3b1p1/2P5/PNn1P3/5P2/4NKPP/2R4R w - - 0 1	white	c6 bxc6 Nf4	c5c6 b7c6 e2f4	26.c6! The pawn is doomed anyway, so White may as well use it to split Black’s pawns. 26...bxc6 27.Nf4²	Kramnik	Gelfand	Linares	1993	Kramnik – Gelfand, Linares 1993	502	502
682	rules-of-thumb	medium	rnr3k1/p4p2/7p/p1Pp2p1/8/2P1P3/P1K2PPP/R4B1R w - - 0 1	white	h4 g4 Be2 h5 Rab1 Nd7 Rb5 Nxc5 Rd1 Ne4 Rd3 Nc5	h2h4 g5g4 f1e2 h6h5 a1b1 b8d7 b1b5 d7c5 h1d1 c5e4 d1d3 e4c5	20.h4! White either opens the h-file or gets an undefended pawn on g4 to attack. 20...Nd7 20...g4 21.Be2 wins an important tempo, which proves useful after: 21...h5 22.Rab1 Nd7 23.Rb5 Nxc5 24.Rd1 Ne4 25.Rd3+– (However, you don’t need to see any of this to understand that it’s a good idea to win a tempo.) 21.hxg5 hxg5 21...Nxc5 22.gxh6+– 22.Rh5±	Kasparov	Short	London (9)	1993	Kasparov – Short, London (9) 1993	503	503
683	rules-of-thumb	medium	2r1rnk1/pp3ppp/2b1p3/4q1B1/2P5/8/PPBQ1PPP/2RR2K1 w - - 0 1	white	b4	b2b4	21.b4!± Using the pawn majority to gain space and control squares. Meanwhile, Black is far away from doing anything meaningful with the e- and f-pawns.	Adams	Karpov	Dortmund	1994	Adams – Karpov, Dortmund 1994	503	503
684	rules-of-thumb	medium	4q1k1/1b6/3b2p1/3p1p2/p2P4/2P1NPP1/1P1B1Q2/6K1 w - - 0 1	white	Ng2 Bf4	e3g2 d6f4	35.Ng2!± Preparing Bf4, either depriving Black of the bishop pair and weakening the dark squares in Black’s camp, or getting a strong bishop on e5.	Anand	Kamsky	Sanghi Nagar	1994	Anand – Kamsky, Sanghi Nagar 1994	504	504
685	rules-of-thumb	medium	r1bq1rk1/ppp3b1/3p4/3P1P1p/1PP3pP/2Np2P1/P5PN/2RQ1RK1 w - - 0 1	white	f6 Qxf6 Rxf6	f5f6 d8f6 f1f6	19.f6! Stopping Black’s queen from reaching f6. 19.Qxd3? Qf6µ The f5-pawn drops and Black’s king is well protected. 19...Rxf6 20.Qxd3² By opening the f-file, White gains control over the important f5-square. Next step is sending a knight forward: Nb5, Ne4 or even Ne2-f4.	Kramnik	Kasparov	Linares	1994	Kramnik – Kasparov, Linares 1994	504	504
686	rules-of-thumb	medium	r1bqk2r/ppp1b2p/3p1ppB/4n3/2P5/2N3Q1/P3BPPP/R2R2K1 w kq - 0 1	white	c5	c4c5	18.c5± White has sacrificed two pawns, and is happy to further open the position against Black’s uncastled king. No further variations or exact evaluation are needed to decide on this continuation.	Kasparov	Anand	Lyon	1995	Kasparov – Anand, Lyon 1995	505	505
687	rules-of-thumb	medium	4r1k1/1bp1q1p1/2p2n1p/4NQ2/2P1p3/1rB3P1/4PP1P/3R1RK1 w - - 0 1	white	Ng6 Qe6 Bxf6 Qxf6 Qxf6 gxf6 Rd7 Re6 Nf4 Rd6 Rxd6 cxd6 Rd1	e5g6 e7e6 c3f6 e6f6 f5f6 g7f6 d1d7 e8e6 g6f4 e6d6 d7d6 c7d6 f1d1	22.Ng6 Winning time – a positional factor. White continues with Bxf6 and you don’t have to calculate any longer. Here are two plausible variations anyway: 22.Ba1?! was played in the game. 22...Qe6 22...Qf7 23.Bxf6 Qxf6 24.Qxf6 gxf6 25.Rd7+– 23.Qxe6+ Rxe6 24.Nf4 Rd6 Black blocks the d-file but loses a pawn: 25.Rxd6 cxd6 26.Bxf6 gxf6 27.Rd1+– In a game, you could play the first move quickly and calculate the follow-up when Black is considering where to go with the queen.	Cramling	Smyslov	Prague	1995	Cramling – Smyslov, Prague 1995	505	505
688	rules-of-thumb	medium	1q2rk2/p2b1pp1/2n1p2p/2ppP3/5BQ1/2PB4/P4PPP/4R1K1 w - - 0 1	white	Re3 g5 h4 gxf4 Rh3	e1e3 g7g5 h2h4 g5f4 e3h3	25.Re3!+– The rook joins the attack before it’s stopped by ...d5-d4. There is no defence, for instance: 25...g5? 25...Qb2 is better, although 26.h4 leaves Black without a good defence against Rg3. 26.Qh5! gxf4 27.Qxh6+ Ke7 28.Qf6+ Kf8 29.Rh3 Followed by mate.	Kasparov	Anand	Geneva (Rapid)	1996	Kasparov – Anand, Geneva (Rapid) 1996	506	506
689	rules-of-thumb	medium	r1b1k2r/1p1n1q1p/p3pp2/8/P3P1Q1/2N2N1P/1P4P1/R1B4K w kq - 0 1	white	e5	e4e5	18.e5!± The only good move, gaining access to the g5-square. Black is the exchange up, but is severely underdeveloped.	Kasparov	Seirawan	Geneva (Rapid)	1996	Kasparov – Seirawan, Geneva (Rapid) 1996	507	507
690	rules-of-thumb	medium	1r1q1rk1/3b1pb1/p1p1p3/3p2pp/2P1P3/4NP2/PP3BPP/1R1Q1RK1 b - - 0 1	black	d4 Nc2 e5 c5	d5d4 e3c2 e6e5 c4c5	19...d4 20.Nc2 e5 Better to have space and a protected passed pawn than a weak pawn. Black has a substantial advantage. 20...c5?! reduces Black’s advantage in view of 21.Ne1 followed by Nd3, and later it becomes easier to create counterplay with b2-b4.	Smirin	Kasparov	Yerevan (Ol)	1996	Smirin – Kasparov, Yerevan (Ol) 1996	507	507
691	rules-of-thumb	medium	3rr1k1/1q1n1pbp/ppb1p1p1/1N6/P1P1PQ2/1P5R/1B3PPP/1B3R1K b - - 0 1	black	e5 Qh4 axb5 axb5 Kf8 bxc6 Qxc6	e6e5 f4h4 a6b5 a4b5 g8f8 b5c6 b7c6	22...e5! Black must keep the bishop on g7 to defend the king. The game continued 22...axb5? 23.Bxg7 and White had a winning attack. 23.Qh4 axb5 24.axb5 24.Qxh7+? Kf8 leaves White unable to trap the enemy bishop, as ...Bxe4 is available. 24...Nf8 25.bxc6 Qxc6= White’s extra pawn is of little value.	Anand	Ivanchuk	Monte Carlo (Rapid)	1997	Anand – Ivanchuk, Monte Carlo (Rapid) 1997	508	508
692	rules-of-thumb	medium	4r1k1/4b2p/3p1np1/1qr1pP2/1p2P3/1P4N1/1BP3QP/2R2R1K b - - 0 1	black	g5 h4 h6 hxg5 hxg5 Ne2 Kf7	g6g5 h2h4 h7h6 h4g5 h6g5 g3e2 g8f7	31...g5! Not allowing White’s knight to reach f5. 32.h4 32.Rce1 was the game. 32...h6 32...g4³ is also good. The g5-pawn is not weak. For instance: 33.hxg5?! hxg5 34.Ne2? Kf7–+	Anand	Kasparov	Linares	1997	Anand – Kasparov, Linares 1997	508	508
693	rules-of-thumb	medium	r4rk1/1pq1bppp/p1bppn2/8/N1P1P3/4BPP1/PP2B2P/2RQ1RK1 w - - 0 1	white	Nb6 Rad8 b4 Nd5	a4b6 a8d8 b2b4 f6d5	15.Nb6! Before Black has defended with ...Nd7, or captured on a4. 15...Rad8 16.b4± 16.Nd5± is also a typical move, making use of the rook and queen standing on the same file.	Kasparov	Polgar	Linares	1997	Kasparov – Polgar, Linares 1997	509	509
694	rules-of-thumb	medium	5rk1/pb1b2bp/1qn1pr1p/3p4/1P1P4/5N2/P1NQBPPP/R4RK1 w - - 0 1	white	b5 Ne7 Ne5 Be8 g3 h5 Ng6	b4b5 c6e7 f3e5 d7e8 g2g3 h6h5 e5g6	15.b5! Getting the e5-square for the knight. Even though it won’t stay there forever, it is irritating and wins time. 15...Ne7 16.Ne5 Be8 17.g3! Taking control over f4. 17...h5 17...Ng6 18.Ng4± wins a pawn. 18.a4±	Topalov	Bareev	Novgorod	1997	Topalov – Bareev, Novgorod 1997	510	510
695	rules-of-thumb	medium	2r2rk1/pbpq1ppp/1p2pn2/3p4/2PP4/6P1/PPQNPPBP/2R2RK1 w - - 0 1	white	c5 c6	c4c5 c7c6	13.c5 As White is not interested in cxd5, it’s better to gain space and threaten c5-c6. 13...c6± The last move made Black’s light-squared bishop even worse. After 13...bxc5 14.dxc5! is best, with a strong queenside majority. (14.Qxc5 is a good alternative though, with pressure against Black’s queenside pawns.) Vladimir Kramnik “Every month I look through some ten-thousand games, so as not to miss any new ideas and trends.”	Kramnik	Polgar	Dortmund	1997	Kramnik – Polgar, Dortmund 1997	510	510
696	rules-of-thumb	medium	r4rk1/2q1bp1p/p3p3/1pnb1p2/8/2P2NP1/PP2QPBP/R2R1NK1 w - - 0 1	white	Rxd5 exd5 Ne3	d1d5 e6d5 f1e3	17.Rxd5! exd5 18.Ne3± For the exchange, White has shattered Black’s pawn structure. At least one of the weak pawns will quickly be captured, and Black’s king is vulnerable. The opposite-coloured bishops only enhance White’s domination of the light squares. No further variations are needed.	Kasparov	M. Gurevich	Sarajevo	2000	Kasparov – M. Gurevich, Sarajevo 2000	511	511
697	rules-of-thumb	medium	4r1k1/2p2ppp/R1P5/3r4/6b1/2P1PN2/6PP/5RK1 w - - 0 1	white	Nd4	f3d4	21.Nd4² Keeping a strong knight that can’t be challenged. Otherwise Black would have captured it on f3.	Anand	Shirov	New Delhi/Teheran	2000	Anand – Shirov, New Delhi/Teheran 2000	512	512
698	rules-of-thumb	medium	4r3/4kpp1/p2prn1p/P1p5/1p2P3/1N3P1P/1PPR2P1/3R2K1 w - - 0 1	white	Nc1 d5 Kf2 Rb8 Ne2 Rb5 Nf4 Re5 Nd3 c4 b3	b3c1 d6d5 g1f2 e8b8 c1e2 b8b5 e2f4 e6e5 f4d3 c5c4 b2b3	28.Nc1! The first step in a journey towards d5 or c4. It’s important to be quick. If White spends a tempo on 28.Kf2 Black gets time for 28...Rb8 29.Nc1 Rb5 winning the pawn. 28...Rd8 28...Rb8 is now met by: 29.Ne2 Rb5 30.Nf4 Re5 31.Rxd6+– 29.Nd3 29.Ne2 is also okay, but d3 is a better square, since it threatens the c5-pawn and there is a route to c4 as well (d3-b2-c4). 29...Rd7 30.b3±	Anand	Ivanchuk	Monte Carlo (Rapid)	2001	Anand – Ivanchuk, Monte Carlo (Rapid) 2001	512	512
699	rules-of-thumb	medium	2bbqrk1/7p/p1np4/2pNpp2/2P5/2BP4/P2N1PPP/1Q3RK1 w - - 0 1	white	f4 Rf7 Qe1 Rg7 Nf3	f2f4 f8f7 b1e1 f7g7 d2f3	20.f4! Starting to attack the e5-pawn. At the same time White prevents ...f5-f4, which would see Black weaken the e4-square but, more importantly, gain space on the kingside and improve the prospects of the c8-bishop. 20.Re1 f4² 20...Rf7 21.Qe1 Rg7? 22.Nf3+– White wins the e5-pawn, and Kasparov resigned three moves later. Garry Kasparov “Setbacks and losses are both inevitable and essential if you’re going to improve and become a good, even great, competitor. The art is in avoiding catastrophic losses in the key battles.”	Akopian	Kasparov	Moscow	2002	Akopian – Kasparov, Moscow 2002	513	513
700	rules-of-thumb	medium	qkr4r/p2bn2p/P3p3/1p2Pp2/1NpP2p1/R1P1B3/5PPP/4QRK1 w - - 0 1	white	d5 Nxd5 Nxd5 Rc7	d4d5 e7d5 b4d5 c8c7	27.d5!÷ White activates the dark-squared bishop at the cost of a pawn. 27.Qe2?! Nd5µ was the game, when Black was in control and went on to win. 27...Nxd5 28.Qd2! Rc7 28...Nxe3? 29.fxe3 Rc7 30.Rf4+– 29.Nxd5 Qxd5 30.Qxd5 exd5© With opposite-coloured bishops and a lot of weak squares, Black’s extra pawn is not that important.	Van Wely	Topalov	Dortmund	2005	Van Wely – Topalov, Dortmund 2005	514	514
701	rules-of-thumb	medium	r2q1rk1/1b1n1ppp/p2p4/3Pp1b1/P7/1NP1BP2/4B1PP/R2Q1R1K w - - 0 1	white	Bg1	e3g1	17.Bg1!² Keeping the bishop that has influence over the queenside and protects c5. White continues with c3-c4-c5. 17.Bf2 is less natural, as the bishop is slightly more exposed, but objectively of equal strength.	Adams	Anand	Bastia (Rapid)	2005	Adams – Anand, Bastia (Rapid) 2005	515	515
702	rules-of-thumb	medium	1r3rk1/pppq2pp/2n2p2/3p3b/3P4/2PBRN1P/P1P1QPP1/1R4K1 w - - 0 1	white	g4 Bf7 Bg6 Bxg6 Nh4 Qf7 Re1 Rfe8 Rf3 Re3 Qxe3 Re8	g2g4 h5f7 d3g6 f7g6 f3h4 d7f7 b1e1 f8e8 e3f3 e8e3 e2e3 b8e8	17.g4! White plays actively before Black gets time to exchange rooks on the e-file. 17...Bf7 17...Bg6 18.Bxg6 hxg6 19.Nh4 Qf7 20.Re1± With the bishop exchanged, Black can’t play ...Rfe8. 18.Nh4 Rfe8 18...g6 creates a weakness: 19.Rf3² 19.Nf5 Rxe3 20.Qxe3 Re8 21.Qg3² The knight is annoying, and Black still has to solve some problems. Viswanathan Anand “For me, each game is a new challenge, which has to be dealt with rationally and systematically. At that time, every other thought fades into oblivion.”	Anand	Gelfand	Monte Carlo (Blindfold)	2006	Anand – Gelfand, Monte Carlo (Blindfold) 2006	516	516
703	rules-of-thumb	medium	r3k2r/1p1n1pp1/2p4p/p1b1p3/2P1B3/4B1P1/PP2PP1P/R4RK1 w kq - 0 1	white	Bd2 Ke7 Bf5 Be3 Bxd7 Kxd7 fxe3 Ke6 Bb4	e3d2 e8e7 e4f5 c5e3 f5d7 e7d7 f2e3 d7e6 d2b4	16.Bd2!= Keeping the bishop pair. 16.Bxc5 Nxc5 17.Bc2 Ke7³ The knight is stronger than the bishop. 16.Bf5? gets rid of the potentially passive bishop at the price of a doubled pawn. 16...Bxe3 17.Bxd7+ Kxd7 18.fxe3 Ke6 One of the test readers thought that this was okay for White since the d3-square can be used to double rooks, but Black is nevertheless better, with more space and an active king. 16...Bb4 White can return the bishop to e3, or even retreat to c1, later winning a tempo with a2-a3.	Roiz	Anand	Rishon LeZion (Blitz)	2006	Roiz – Anand, Rishon LeZion (Blitz) 2006	517	517
704	rules-of-thumb	medium	3bk2r/p2n1ppp/4pn2/8/1B6/4P3/PP3PPP/R1R3K1 b k - 0 1	black	Nd5 Bd6 f5	f6d5 b4d6 f7f5	21...Nd5 Centralizing the knight with tempo while preparing an escape square for the king. 22.Bd6 f5÷ It’s not necessary to evaluate this position to understand that Black needs to develop.	Kramnik	Topalov	Elista (8)	2006	Kramnik – Topalov, Elista (8) 2006	517	517
705	rules-of-thumb	medium	r3qrk1/pp2p1b1/1n1pPp1p/1PpP1bp1/7P/2N3B1/1PP1QPPN/R3R1K1 b - - 0 1	black	Bg6	f5g6	18...Bg6!³ Preparing ...f6-f5 to release and activate the dark-squared bishop.	I. Sokolov	Topalov	Hoogeveen	2006	I. Sokolov – Topalov, Hoogeveen 2006	518	518
706	rules-of-thumb	medium	1rb2rk1/1pq1ppbp/p2p1np1/2pPn3/P1P1P3/2N1BP1P/1P1Q1NP1/R3KB1R b KQ - 0 1	black	Nh5 f4 Nd7 g4 b5 Rg1	f6h5 f3f4 e5d7 g2g4 b7b5 h1g1	12...Nh5! Heading for the g3-square. 13.f4 Nd7 14.g4 White’s only way to defend g3 is the passive 14.Ne2 which allows: 14...b5µ 14...Ng3 15.Rg1 Nxf1 16.Rxf1³ Where should White’s king hide? With the kingside pawns far advanced, Anand would have preferred to keep all four minor pieces.	Anand	Cubillo Munoz	Benidorm (Simul)	2007	Anand – Cubillo Munoz, Benidorm (Simul) 2007	518	518
707	rules-of-thumb	medium	rnbqr1k1/ppp2ppp/3p1n2/8/1bPPp3/1N3NP1/PP2PPBP/R1BQ1RK1 w - - 0 1	white	a3 c6 Na5 exf3 Bxf3 Bxa3 Rxa3	a2a3 c7c6 b3a5 e4f3 g2f3 b4a3 a1a3	9.a3! Gaining the advantage of the bishop pair while improving the structure by opening the a-file. 9.Nh4 c6 10.a3 Ba5 11.Nxa5² obtains only one of the advantages mentioned above. 9...exf3 10.Bxf3 Bxa3 11.Rxa3±	Carlsen	Morozevich	Monte Carlo (Rapid)	2007	Carlsen – Morozevich, Monte Carlo (Rapid) 2007	519	519
708	rules-of-thumb	medium	rb3rk1/1b3ppp/p3p3/2qnP1B1/2p5/2N3Q1/PPPN2PP/3R1R1K b - - 0 1	black	f5 Bh6 Qc7 Qg4 Ba7 Qh3 Qd7 Qh5	f7f5 g5h6 c5c7 g3g4 b8a7 g4h3 c7d7 h3h5	21...f5!³ Defending against the two big threats of Bh6 and Nde4. 22.Nde4! Berg correctly judged this to be White’s best try nevertheless, but the complications were safe enough for Black. 22...fxe4 23.Nxe4 Rxf1+ 24.Rxf1 Qc7 25.Qg4? 25.Nd6! Ba7 26.Qh3 Qd7 27.Rf7 Qxf7 28.Nxf7 Kxf7 29.Qxh7 would have given White counterplay against the king, and a draw seems the most likely outcome. 25...Qxe5 26.Qh5 h6!–+ White’s attack was dead in the water.	Berg	Topalov	Dresden (Ol)	2008	Berg – Topalov, Dresden (Ol) 2008	520	520
709	rules-of-thumb	medium	1r3rk1/4bp1p/p2p2p1/qp1QpnP1/2P3RP/5P2/PP3B2/1K1R1B2 b - - 0 1	black	Bd8 cxb5 axb5 Bd3 Bb6 b4	e7d8 c4b5 a6b5 f1d3 d8b6 b2b4	22...Bd8! Preparing to exchange the passive bishop, gaining control over the d4-square. At the same time Black defends the queen and thus prepares ...b5xc4. 23.cxb5 axb5 24.Bd3 Bb6= 24...b4?! 25.Qb3 Bb6 26.Rxb4± was the game.	Anand	Karjakin	Nice (Rapid)	2009	Anand – Karjakin, Nice (Rapid) 2009	520	520
710	rules-of-thumb	medium	2rq1rk1/1b2bppp/p3p3/2p5/P1BP4/1PN1P3/4Q1PP/2R2RK1 w - - 0 1	white	d5 exd5 Bxd5 Bxd5 Rfd1	d4d5 e6d5 c4d5 b7d5 f1d1	17.d5! Otherwise White is simply worse with a weak pawn on e3, in addition to Black’s bishop pair. 17...exd5 18.Bxd5 No more bishop pair. 18...Bxd5 19.Rfd1= Both players have weak pawns, and the knight on d5 is not enough to claim an advantage. 19.Rcd1 was Mamedyarov’s choice.	Mamedyarov	Anand	Baku (Rapid)	2009	Mamedyarov – Anand, Baku (Rapid) 2009	521	521
711	rules-of-thumb	medium	5bk1/3R1p1p/pq2r1p1/2p1p3/1r2P2P/1P4P1/P1Q2PB1/3R3K b - - 0 1	black	c4 Rd8 Kg7	c5c4 d7d8 g8g7	27...c4 Exchanging an isolated pawn while activating the bishop and rooks. Black just needs to make sure that White doesn’t win on the eighth rank. 28.Rd8 28.bxc4? Rb2µ 28...Kg7!µ	Khalifman	Topalov	Zurich (Rapid)	2009	Khalifman – Topalov, Zurich (Rapid) 2009	522	522
712	rules-of-thumb	medium	2r2rk1/1bqn1ppp/p3p3/1p1pP3/3R1P1Q/P1N5/1PP1B1PP/5R1K b - - 0 1	black	f6 Bd3 h6 f5	f7f6 e2d3 h7h6 f4f5	18...f6! Attacking White’s centre, which is insufficiently defended. 18...Nb6?! goes immediately for the c4-square, but 19.Bd3 h6? 20.f5 gives White a winning attack. Black needs to address the kingside first. 19.exf6 19.Bd3?! h6 only increases White’s problems with the rook stuck on d4. 19...Rxf6µ Black has pressure along the f-file and ...Nb6-c4 is coming.	Karjakin	Carlsen	Wijk aan Zee (Rapid)	2010	Karjakin – Carlsen, Wijk aan Zee (Rapid) 2010	522	522
713	rules-of-thumb	medium	r2q1r2/1p1n1pkp/2bpp1p1/8/p1P1P3/2N1Q3/PP2BPPP/R3R1K1 b - - 0 1	black	Qb6 Qd2 Rfd8	d8b6 e3d2 f8d8	17...Qb6 With the queens exchanged, Black’s king would be able to walk to e7, defending the d- pawn. 18.Qd2 Black has now activated the queen for free. 18...Rfd8 ...and the game goes on.	Anand	Ivanchuk	Wijk aan Zee	2010	Anand – Ivanchuk, Wijk aan Zee 2010	523	523
714	rules-of-thumb	medium	1r1q2k1/1b3pb1/pp1pp1p1/2r1n3/P1PNP2p/1PN1BP2/3Q2PP/1R3RK1 b - - 0 1	black	h3 Nde2 hxg2 Kxg2	h4h3 d4e2 h3g2 g1g2	26...h3! White has no light-squared bishop, so it’s logical that Carlsen weakens the pawn on f3. 27.Nde2 hxg2 28.Kxg2³ Hammer misses his light-squared bishop. At the press conference before the tournament, Carlsen was asked whether he could possibly lose against Hammer. He answered that he was celebrating ten unbeaten years against his friend, rapids included. Well, later in the game Hammer got a decisive king’s attack and won – on the light squares! The outcome of chess games is not always logical.	Hammer	Carlsen	Kristiansund (Rapid)	2010	Hammer – Carlsen, Kristiansund (Rapid) 2010	523	523
715	rules-of-thumb	medium	r4rk1/pb1pbppp/4p1n1/Ppp5/2N1P3/1P1B2P1/1BPP1PP1/R3R1K1 w - - 0 1	white	a6 Bc6 Ne3	a5a6 b7c6 c4e3	15.a6! Bc6 15...bxc4 16.axb7 Rab8 17.Bxc4 Rxb7± White has the bishop pair and the a-pawn is chronically weak. 15...Bc8 16.Ne3 Black is forced to weaken the light squares with ...b5-b4, either now or on the next move. The pawn on a6 is an asset, and the knight can move forward instead of retreating: 16.Na5²	Carlsen	Polgar	Kristiansund (Rapid)	2010	Carlsen – Polgar, Kristiansund (Rapid) 2010	524	524
716	rules-of-thumb	medium	r1b3k1/1p2bpp1/4p2p/p2n4/P1N5/4B1P1/1PP1BP1P/3R2K1 w - - 0 1	white	Nb6 Nxb6 Bf4 Bc5	c4b6 d5b6 e3f4 e7c5	20.Nb6! Keeping Black’s bishop on c8 is worth more than losing the bishop pair. 20.Rxd5 exd5 21.Nb6 Rb8 22.Bf4 is not winning material due to: 22...Bc5!= 20...Nxe3 20...Nxb6 21.Bxb6+– 21.fxe3 Rb8+– To develop the bishop, Black needs to go ...e6-e5, which allows the rook to snatch a pawn with Rd5xa5.	Carlsen	Short	London	2010	Carlsen – Short, London 2010	525	525
717	rules-of-thumb	medium	r4rk1/p1qnbppp/1p1ppn2/6B1/Q1PN4/2N3P1/PP2PPKP/R2R4 w - - 0 1	white	Nc6 Bd8 Ne7+	d4c6 e7d8 c6e7	13.Nc6 Exchanging Black’s bishop and thus making it realistic to attack the d-pawn. 13...Bd8 The best defence. 13...Rfe8 14.Nxe7+ Rxe7 15.Nb5± wins the pawn. 14.b4 Capturing on d8 was good enough for an advantage, but Ponomariov opted to stay with the irritating knight for a few more moves. However, you would not need to decide on this before making the previous move. Ruslan Ponomariov “I have no plans to marry. Thanks to the amount of travel and, it must be said, our rather egotistical natures, chess players have a very high divorce rate.”	Ponomariov	Carlsen	Wijk aan Zee	2011	Ponomariov – Carlsen, Wijk aan Zee 2011	525	525
718	rules-of-thumb	medium	r1b2rk1/pNnn2bp/1qp3p1/2p1p1N1/4PP2/2N3PP/PP4B1/R1BQ1RK1 w - - 0 1	white	f5	f4f5	15.f5± White should not allow ...e5xf4, opening the diagonal for the bishop on g7. In addition, White starts to put pressure on Black’s kingside.	Khalifman	Gabrielian	St. Petersburg	2011	Khalifman – Gabrielian, St. Petersburg 2011	526	526
719	rules-of-thumb	medium	r3r1k1/1bp1Bppp/pb1p4/1p6/1P6/1BP2P2/P1P2PKP/R3R3 b - - 0 1	black	d5	d6d5	19...d5!–+ The bishop on b3 is killed forever. It moved five times between b3 and a2 before White resigned on move 44. According to Jacob Aagaard, this is “one of the greatest instructive games of history”.	Short	Kramnik	London	2011	Short – Kramnik, London 2011	527	527
720	rules-of-thumb	medium	rr4k1/5pb1/pn1p2p1/N1pP1b1q/7p/2N1PPP1/1P1Q2BP/R3R1K1 b - - 0 1	black	h3 g4 Bd7 Bh1 Re8	h4h3 g3g4 f5d7 g2h1 b8e8	22...h3! 22...Qh8?! allowed 23.g4 Bd7 24.h3= in the game. 23.Bh1 Re8µ g3-g4 is not winning a piece, and the pawn on h3 is a potential winner in the middlegame as well as in the endgame.	Topalov	Karjakin	Zug	2013	Topalov – Karjakin, Zug 2013	527	527
721	rules-of-thumb	medium	3r1rk1/ppq1nppp/5nb1/2p5/2BP4/P1P1PR1P/1B1NQ1P1/2R3K1 b - - 0 1	black	Nf5 e4 Rfe8 Qf2	e7f5 e3e4 f8e8 e2f2	18...Nf5!µ On the way towards e4, via either g3 or d6. White’s centre is more fragile than strong. After 18...Rfe8 19.Qf2 it would be too late to jump to f5.	Korobov	Topalov	Kyiv (Rapid)	2013	Korobov – Topalov, Kyiv (Rapid) 2013	528	528
722	rules-of-thumb	medium	rn2k2r/1p2qpp1/2p2np1/p2p4/1b1P2P1/1QN1PP1P/PP1B4/R3KB1R b KQkq - 0 1	black	a4 Qc2 a3	a5a4 b3c2 a4a3	13...a4 14.Qc2 a3³ The last two moves stopped White from kicking the bishop with a2-a3.	Gelfand	Anand	Zurich	2014	Gelfand – Anand, Zurich 2014	528	528
723	rules-of-thumb	medium	2r1r1k1/pp3p2/5q1p/3Pbbp1/3p4/1P4P1/PB1Q1PBP/2R1R1K1 b - - 0 1	black	Rxc1 Rxc1 Rc8 h4 d3 Bxe5 Qxe5	c8c1 e1c1 e8c8 h2h4 d4d3 b2e5 f6e5	21...Rxc1! Diverting one of White’s pieces in order to push ...d4-d3. 22.Rxc1 22.Qxc1 allows 22...Rc8 followed by invading on c2. 22.Bxc1!? d3 23.h4! gives White chances to hold after exchanging some pawns and the queens, although Black is still thoroughly in control. 22...d3 23.Bxe5 23.Re1 Re7 does not change much. 23...Qxe5µ White will have a hard time controlling the passed pawn.	Navara	Topalov	Bilbao	2014	Navara – Topalov, Bilbao 2014	529	529
724	rules-of-thumb	medium	r1bqr1k1/3n1ppp/1ppp4/p3p3/P3P3/3P1N1P/1PP2PP1/R1BQR1K1 w - - 0 1	white	d4 d5 Ra3	d3d4 d6d5 a1a3	13.d4² Taking over the centre before Black has time to do so. If Black was to move then 13...d5! would be a good choice. 13...Qc7 14.Ra3!? The rook is developed without moving the bishop from c1. Many squares along the third rank could be interesting.	Carlsen	Anand	Sochi (2)	2014	Carlsen – Anand, Sochi (2) 2014	529	529
725	rules-of-thumb	medium	2rq1rk1/p3n1bp/1p1p1np1/1PpNp1B1/2P1Q3/P2P1N2/5PPP/R4RK1 w - - 0 1	white	Bxf6 Bxf6 a4 a5	g5f6 g7f6 a3a4 a7a5	19.Bxf6 Keeping control over the light squares, while leaving Black with a bad dark-squared bishop. 19...Bxf6 20.a4± 20.Nxe7+ is logical, to make sure the knights are exchanged, but it helps Black to fight for the d5-square after: 20...Qxe7 21.a4 Qf7 22.a5 d5²	Anand	Nakamura	Zurich (Blitz)	2015	Anand – Nakamura, Zurich (Blitz) 2015	530	530
726	rules-of-thumb	medium	rr4k1/5pb1/2p1p1p1/2PpP2p/3P3P/3Q2P1/q3NPK1/1RR5 w - - 0 1	white	Rb6	b1b6	25.Rb6!± Using the outpost to threaten the c6-pawn. An exchange on b6 would give White a strong passed pawn.	Anand	Nakamura	Zurich	2015	Anand – Nakamura, Zurich 2015	531	531
727	rules-of-thumb	medium	1rbqr1k1/3n3p/3p1ppB/p1nPp3/2p1PP2/P1P3NP/R1BQ2P1/5RK1 w - - 0 1	white	f5 g5 h4	f4f5 g6g5 h3h4	27.f5± Not giving Black the e5-square for the knight (by ...e5xf4). One idea for White is h3-h4, f5xg6, Be3 and h4-h5, finally getting the f5-square. Black can’t keep the position closed with 27...g5 because of: 28.h4+–	Anand	Carlsen	Stavanger	2015	Anand – Carlsen, Stavanger 2015	531	531
728	rules-of-thumb	medium	3bk3/1p3pp1/p4n2/6Bp/8/1P1K1N1P/P4PP1/8 w - - 0 1	white	Bxf6 Bxf6 Ke4 Bd8 Ne5 Ke7 Kd5 Bb6 Nd3 Kd7 Nc5+ Bxc5 Kxc5	g5f6 d8f6 d3e4 f6d8 f3e5 e8e7 e4d5 d8b6 e5d3 e7d7 d3c5 b6c5 d5c5	31.Bxf6! Exchanging the knight makes Black’s bishop a bad piece. White can put everything on the light squares. 31...Bxf6 32.Ke4 Bd8 33.Ne5 Ke7 34.Kd5 Bb6? Black can hold a draw with 34...Bc7! followed by further precise defence, but that doesn’t change the fact that 31.Bxf6 was the correct move. 35.Nd3 Kd7 36.Nc5+! Bxc5 Or 36...Kc7 37.Ne4 and White wins with f2-f3 followed by Nd6. 37.Kxc5 The pawn ending is winning, but that’s not for this book.	Gledura	Anand	Gibraltar	2016	Gledura – Anand, Gibraltar 2016	532	532
729	rules-of-thumb	medium	r2q1rk1/ppp2pp1/3pbn1p/2b5/3nP2B/1BNP1N2/PPP3PP/R2QKR2 b Q - 0 1	black	Bg4 Qd2 Nxe4	e6g4 d1d2 f6e4	11...Bg4!³ The pin is problematic for White; for instance, if 12.Qd2? Nxe4!–+ Black wins a pawn.	Kasparov	Caruana	St. Louis (Blitz)	2016	Kasparov – Caruana, St. Louis (Blitz) 2016	532	532
730	rules-of-thumb	medium	r3r1k1/ppq2pbp/2np1np1/2pB2B1/4P3/2P2N2/PP3PPP/R2QR1K1 w - - 0 1	white	Bxf6	g5f6	14.Bxf6! A correct exchange, considering that Black has a weak light square on d5. Kramnik later won with opposite-coloured bishops.	Kramnik	Sjugirov	Sochi	2016	Kramnik – Sjugirov, Sochi 2016	533	533
731	rules-of-thumb	medium	r3rbk1/3b1p1p/pq2P1p1/1p3PB1/2p4Q/2pn1N2/P1B3PP/R4R1K b - - 0 1	black	Bxe6 fxe6 fxe6 Rad1 b4 Bf4	d7e6 f5e6 f7e6 a1d1 b5b4 g5f4	25...Bxe6! 25...fxe6? gives White a winning attack in several ways, 26.fxg6 for instance; there is no need to calculate more. 26.fxe6 Rxe6 27.Rad1 Rae8 The best choice, as Black does not need all the pawns. 28.Bxd3 cxd3 29.Rxd3 b4³ Black’s three healthy pawns, supported by well-coordinated forces, are more than a match for White’s extra knight. The game move 29...Re4?! allowed 30.Bf4! threatening both Rxc3 and Ng5.	Topalov	Mamedyarov	Shamkir	2018	Topalov – Mamedyarov, Shamkir 2018	533	533
732	rules-of-thumb	medium	2r2k1r/1b3pp1/p2pp3/1p6/4PPP1/1PqB4/P1PQR3/1K1R4 w - - 0 1	white	Qe3 Rc5 Qxc5 e5 fxe5 Rh1 Rxh1 Ke7 Qa7	d2e3 c8c5 e3c5 e6e5 f4e5 h8h1 d1h1 f8e7 c5a7	25.Qe3!± With Black’s weak king, White should keep the queens on the board. The game did not last long: 25...Rc5?! 25...Qc5 or 25...Rc7 would have offered more resistance. 26.e5! dxe5 27.fxe5 Rh1? 28.Rxh1 Bxh1 29.Rh2 Rxe5 30.Rh8+ Ke7 31.Qa7+ 1–0	Carlsen	Wojtaszek	Shamkir	2018	Carlsen – Wojtaszek, Shamkir 2018	534	534
733	rules-of-thumb	medium	2kr3r/pp2bp1p/2qpb1p1/8/2P5/2P1BQ2/P3BPPP/3R1RK1 w - - 0 1	white	Qf4 Kc7	f3f4 c8c7	18.Qf4 With Black having the weaker king, White should keep the queens on the board. 18.Qg3?! gives Black a change to activate the queen with ...Qe4. Winning a pawn with 18.Qxc6+ bxc6 19.Bxa7 is fruitless. Black has three weak pawns to put pressure on after 19...Kc7 18...b6 19.a4!‚	Carlsen	Giri	St. Petersburg (Blitz)	2018	Carlsen – Giri, St. Petersburg (Blitz) 2018	535	535
734	rules-of-thumb	medium	4r1k1/1p1r2pp/pBp1bp2/1p5q/1b1PP3/1P2RN1P/P1Q2PP1/3R2K1 w - - 0 1	white	Ne1	f3e1	23.Ne1± Redirecting the knight to d3, where it controls the c5-square and leaves the f-pawn free to advance with f2-f4.	Anand	Giri	Shamkir	2019	Anand – Giri, Shamkir 2019	535	535
735	rules-of-thumb	medium	r4rk1/1p1qbpp1/p2p4/3Pnb2/Q1P1p2P/2N1B1P1/PP2BP2/R4RK1 b - - 0 1	black	Nxc4	e5c4	23...Qc8!© Keeping the queens, as all Black’s minor pieces point towards the kingside. The plan is ...Bg4 to gain control over the f3-square. Karjakin was soon in deep trouble. He should have given back the pawn with 24.Qd1 Nxc4, with approximate equality.	Karjakin	Carlsen	Shamkir	2019	Karjakin – Carlsen, Shamkir 2019	536	536
736	rules-of-thumb	medium	3r4/5pk1/1pn3pp/p1p1p2n/P1P1P2N/2P1BPPP/5K2/3R4 w - - 0 1	white	Rb1 Rb8 Ng2	d1b1 d8b8 h4g2	27.Rb1! The b6-pawn is a great weakness, but not if White exchanges rooks. 27...Rb8 28.Ng2² The knight is heading towards d5. Magnus Carlsen “Not winning a tournament is not an option for me, unless it’s no longer theoretically possible – then of course winning becomes impossible. But up to that point, not winning is just not an option.”	Carlsen	So	St. Louis	2019	Carlsen – So, St. Louis 2019	536	536
737	rules-of-thumb	medium	r1b1k2r/ppp1q3/2nb3p/4p3/2BPPpp1/2P5/PP1N2PP/R1BQ1RK1 w kq - 0 1	white	Bd5	c4d5	15.Bd5² Against a flank attack, it’s logical to counter in the centre. Anand’s move prepares Nc4 to put pressure on the e5-pawn. In the game, White won the pawn on f4 six moves later. However, there is no need to calculate further at this stage.	Anand	Caruana	Bucharest (Rapid)	2019	Anand – Caruana, Bucharest (Rapid) 2019	537	537
738	rules-of-thumb	medium	2r2rk1/1p1q2pp/p4b2/P2pp2P/6R1/1NP5/1P2QPP1/5RK1 w - - 0 1	white	h6	h5h6	22.h6² Weakening the kingside, whether Black allows h6xg7 or plays ...g7-g6.	Carlsen	Aronian	London	2019	Carlsen – Aronian, London 2019	538	538
739	rules-of-thumb	medium	1rb1kb1r/q4p1p/3ppp2/pp3P2/1P2P3/P1NR1Q2/2P3PP/2K2B1R w k - 0 1	white	Na2 axb4 axb4	c3a2 a5b4 a3b4	16.Na2!± Keeping the a-file closed is necessary to halt Black’s attack. 16.bxa5? allows: 16...b4µ; 16.Nb1? is also bad in view of: 16...axb4 17.axb4 Qa1µ Previously there was a lot of respect for the thinking and creativity of a grandmaster. Now you see spectators saying that the machine took three seconds to come up with a move but the player took half an hour, negating all their creative effort. – Veselin Topalov Blitz is intuition and fast calculation. A lot of emotion, and spectators love it. But! There’s no depth or possibility to show the beauty of chess as an art... in chess, apart from the result of the game we also value the thought itself and the psychological struggle. That’s absent in blitz. – Anatoly Karpov	Anand	Kasparov	Zagreb (Blitz)	2021	Anand – Kasparov, Zagreb (Blitz) 2021	538	538
740	rules-of-thumb	hard	r1b1k2r/ppp2ppp/3p1n2/2q5/2B1P3/8/PBQ2PPP/R4RK1 w kq - 0 1	white	e5 Nd5 exd6 O-O Qb3 c6 Qg3 f6 Rac1	e4e5 f6d5 e5d6 e8g8 c2b3 c7c6 b3g3 f7f6 a1c1	15.e5! Opening the position before Black has castled. 15...Nd5 15...dxe5?? 16.Bxf7+ is a tactical shot. 16.exd6 0-0 Black is forced to defend g7, which means that White has regained one of the sacrificed pawns. Black opted to give up the g7-pawn with 16...cxd6? in the game, but may have regretted it after his king was chased around the board and eventually mated. 17.Qb3 c6 18.Qg3 f6 19.Rac1± The strong pawn on d6 and the active bishops more than compensate for Black’s extra pawn.	Steinitz	Strauss	Vienna	1860	Steinitz – Strauss, Vienna 1860	541	541
741	rules-of-thumb	hard	r2n1rk1/b1p1qppp/p2p1n2/4pP2/P3P3/2PPNB2/6PP/R1BQK2R b KQ - 0 1	black	d5 g4 d4 cxd4 Qb4+	d6d5 g2g4 d5d4 c3d4 e7b4	15...d5!÷ Striking in the centre before White has time for g2-g4-g5. 15...Rb8 was played in the game, when 16.g4! would have been best. 16.Nxd5 16.exd5? e4µ opens things up with White’s king in the centre. 16.g4 can be met in two ways: 16...d4 17.cxd4 Qb4+ with unclear counterplay; or 16...dxe4 17.dxe4 Nb7 18.g5 Rfd8 19.Qe2 Ne8 and Black is better developed, even though 20.f6!?÷ looks scary. 16...Nxd5 17.exd5 Nb7÷	Steinitz	Robey	London	1862	Steinitz – Robey, London 1862	541	541
742	rules-of-thumb	hard	r1b2rk1/ppp3pp/2n5/3pP1q1/8/2P3P1/PPB1QP1P/R3K1NR b KQ - 0 1	black	Bg4 Qe3 Nxe5 f4 Rae8 Bxh7+ Kxh7 Qd4	c8g4 e2e3 c6e5 f2f4 a8e8 c2h7 g8h7 e3d4	13...Bg4! Developing fast to make use of White’s uncastled king. 14.Qe3 14.f3 Nxe5 15.fxg4 Rae8– + White will lose the queen, to begin with. 14...Qh5 14...Qxe3+ is also winning. 15.f4 Nxe5!–+ The game lasted only four more moves: 16.fxe5 Rae8 17.Bxh7+ Kxh7 18.Qd4 Qg5 19.h4 Rxe5+ 0–1	Blackburne	Steinitz	London (4)	1862	Blackburne – Steinitz, London (4) 1862	542	542
743	rules-of-thumb	hard	r6r/p1p1nppk/1bp2q1p/3p1P2/3PP3/3Q1P2/PB2N2P/R5RK b - - 0 1	black	c5 Qc2 g6 a4 a5 Ba3 Rhg8 Ng3 cxd4	c6c5 d3c2 g7g6 a2a4 a7a5 b2a3 h8g8 e2g3 c5d4	22...c5! Freeing the bishop on b6 before it’s too late. Steinitz played 22...Rad8? but would have had great problems after 23.Qc2!+– when Black’s extra pawn is of no help at all. 22...g6? 23.a4 a5 24.Ba3+– is also great for White. 23.Rg4 23.dxc5 Qxb2 24.cxb6 axb6³ Black is still a pawn up and threatens to activate the rook on the a-file. 23.Nf4 threatens Nh5 with a fork, but 23...Rhg8³ defends. 23...Rhg8 24.Ng3 cxd4 25.Rg1 g5÷	Blackburne	Steinitz	London (Casual)	1863	Blackburne – Steinitz, London (Casual) 1863	543	543
744	rules-of-thumb	hard	r1bqk2r/pppp1ppp/2n5/2b5/2BPn3/5N2/PP3PPP/RNBQ1RK1 b kq - 0 1	black	d5 dxc5 dxc4 Qe2 Qe7	d7d5 d4c5 d5c4 d1e2 d8e7	7...d5! 7...Be7? allowed 8.d5± in the game. 8.dxc5 dxc4 Black is not losing a piece on the e-file: 9.Qe2 Qe7 and the knight can move if needed.	De Vere	Steinitz	London	1865	De Vere – Steinitz, London 1865	543	543
745	rules-of-thumb	hard	r1b1kbnr/pp1n1p1p/2pp1q2/8/2BPPNp1/2N1BpP1/PPP2K1P/R2Q3R w kq - 0 1	white	e5 dxe5 Re1 Qg7 dxe5 Bd6 Bd4 Bxe5 Bc5	e4e5 d6e5 h1e1 f6g7 d4e5 f8d6 e3d4 d6e5 d4c5	16.e5!! Sacrificing a second pawn to exploit Black’s lagging development. 16...dxe5 16...Qe7? was the game, when 17.Re1 is most direct – rook against queen. 16...Qg7! was the best chance to survive, although Black’s position is clearly not pleasant. 17.dxe5 17.Ne4? Qf5!÷ threatens both knights and 18.Qd3? exf4! 19.Nd6+ Bxd6 20.Qxf5 fxe3+–+ gives Black too many pieces for the queen. 17...Nxe5 18.Bd4 Bf5 19.Qe1!+– In time before Black has castled long. 19.Bxe5?? Bc5+!–+ would spoil things. William Steinitz “Only the player with the initiative has the right to attack.”	Steinitz	Anderssen	London (2)	1866	Steinitz – Anderssen, London (2) 1866	544	544
746	rules-of-thumb	hard	r1bq1rk1/pp2n1pp/1bpp4/n2P1p2/4P3/3B1N2/PB2NPPP/R2Q1RK1 w - - 0 1	white	Ng3 fxe4 Bxe4 Bf5 Qc2 Bxe4 Nf5 Nxf5 Qd3 Qd7 Ng5	e2g3 f5e4 d3e4 c8f5 d1c2 f5e4 g3f5 e7f5 c2d3 d8d7 f3g5	14.Ng3! To stop Black from playing ...fxe4 followed by ...Bf5. Anderssen’s 14.Rc1 allowed: 14...fxe4 15.Bxe4 Bf5!=; 14.Qc2 also fails to stop Black’s idea: 14...fxe4 15.Bxe4 Bf5= 14...fxe4 15.Bxe4+– The knight on g3 stops Black from exchanging the active bishop on e4. 15...Bf5? doesn’t work. 15...Nc4 16.Bxh7+ wins a pawn. 16.Nxf5 Nxf5 17.Qd3 Qd7 18.Ng5! and Black soon loses material.	Anderssen	Steinitz	London (1)	1866	Anderssen – Steinitz, London (1) 1866	545	545
747	rules-of-thumb	hard	r4rk1/pbppqnbp/1p2pn2/1N1PNp2/1PP3p1/P3P3/1B3PPP/1BRQ1RK1 b - - 0 1	black	Ne8 d6 c6 Nd3 Bxb2 Nxb2 Ng5	f6e8 d5d6 c7c6 e5d3 g7b2 d3b2 f7g5	15...Ne8! Defending c7 while keeping everything else protected. 15...Nxe5 16.Bxe5 d6± gives Black problems with the f5-pawn, since the d-pawn no longer defends e6. 15...c6? should also be avoided due to: 16.d6± 16.Nd3 Bxb2 Steinitz played 16...e5 but he should have exchanged bishops, as it wins time and forces White’s knight to retreat. 17.Nxb2 Ng5³ Black has good attacking chances.	De Vere	Steinitz	Paris	1867	De Vere – Steinitz, Paris 1867	545	545
748	rules-of-thumb	hard	r3kbnr/ppp1pppp/n7/7q/3P1B2/2N5/PPP1NPPP/R2QK2R w KQkq - 0 1	white	d5 O-O-O Qd4 Kb8 Nb5 b6 Qa4 Kb7 Nxc7	d4d5 e8c8 d1d4 c8b8 c3b5 b7b6 d4a4 b8b7 b5c7	8.d5! Making it difficult for Black to move the c- and e-pawns, while preparing Qd4-a4+. 8...0-0-0 9.Qd4! There is no check on a4, but the queen move is still strong, as Black can’t defend the a7-pawn in a good way. For example: 9...Kb8? 9...e5!? is the best chance to prolong the game, sacrificing a pawn to get the queens off. 10.Nb5 b6 11.Qa4 Kb7 12.Nxc7!+– It’s no surprise that White has a tactical blow, but you didn’t need to foresee it when deciding on 8.d5.	Steinitz	Hamel	Dundee	1867	Steinitz – Hamel, Dundee 1867	546	546
749	rules-of-thumb	hard	r1bk2n1/ppp3b1/2np2q1/3N1pp1/3PPp2/2PB1NP1/PP3K2/R1B4Q w - - 0 1	white	Nxg5 fxe4 Bc2 Qe6 Bxf4 Qg6 Qh4 Nce7 Nxe7 Nxe7 Rf1	f3g5 f5e4 d3c2 g6e6 c1f4 e6g6 h1h4 c6e7 d5e7 g8e7 a1f1	16.Nxg5! Sacrificing a piece to get closer to Black’s king. There is no other good way to cope with Black’s threats against e4 and g3. 16.gxf4 runs into 16...fxe4 17.Bc2 Qe6µ when Black wins a piece anyway. (17...Be6³ is also good.) 16...Qxg5 17.Bxf4 Qg6 Following the previous sacrifice, the positional part of this exercise is to evaluate the current position. White is a piece down but the black king is unsafe, and the a8-rook will take quite some time to get into the game. White has easy moves available to develop the initiative. Calculation does not give a clear verdict, but if you’ve seen similar positions you can use your intuition. 18.Qh4+ Nce7 19.Bg5 Qf7 White needs to play actively to develop the attack. The best way is to invite the rook to the party with: 20.Nxe7 Nxe7 21.Rf1!±	Steinitz	Dufresne	Great Britain (Simul)	1874	Steinitz – Dufresne, Great Britain (Simul) 1874	547	547
750	rules-of-thumb	hard	r1b1k2r/3nbppp/pq2p3/1p1pP3/1P3P2/P2P1N2/3BQ1PP/R2NK2R b KQkq - 0 1	black	d4 f5 Bb7 O-O O-O	d5d4 f4f5 c8b7 e1g1 e8g8	14...d4! Black gives a pawn to open the b7-h1 diagonal, and stops White from easily controlling the dark squares. There are other less exact ways to play the same kind of pawn sacrifice. 14...f5? is described by Kasparov as: “Essentially the decisive positional mistake: Black leaves himself without counterplay.” One possible line is: 15.Qf2 Bb7 16.0-0 0-0 17.Qxd4 Rfd8©	Steinitz	Sellman	Baltimore	1885	Steinitz – Sellman, Baltimore 1885	548	548
751	rules-of-thumb	hard	r1bqn1k1/pp1pbp1p/2p3p1/8/4N3/1P1B1Q2/PBPP1PPP/R5K1 w - - 0 1	white	Qe3 d5 Qb6 Nf6 Re1 Bd7 Qd4	f3e3 d7d5 e3b6 e8f6 a1e1 c8d7 b6d4	16.Qe3! Moving to d4 to provoke another weakness. 16...d5 16...Qb6 17.Nf6+!+–; 16...Bf8 is not what Black wants to play, since the bishop leaves the protection of the g5-square. One nice and logical line continues: 17.Re1 d5 18.Ng5 Bd7 19.Qd4 f6? (19...Ng7±) 20.Nxh7! Kxh7 21.Qh4+ Bh6 22.g4!+– 17.Qd4 f6 18.Ng3±	Steinitz	Zukertort	USA (6)	1886	Steinitz – Zukertort, USA (6) 1886	548	548
752	rules-of-thumb	hard	2rrb1k1/pp2qppp/4p3/3nN3/3P4/1BPQ4/P4PPP/2R1R1K1 w - - 0 1	white	c4 Nf6	c3c4 d5f6	21.c4 Chasing away the centralized knight and using the advantage of a hanging pawn couple: covering squares. Zukertort played 21.Bxd5? Rxd5 22.c4³ probably with the idea that the knight was more active than Black’s bishop. However, with hanging pawns White wants to keep as many minor pieces on the board as possible. 21...Nf6 The position is easier to play with White, but Black should be okay. 21...Nf4 is about the same.	Zukertort	Steinitz	USA (9)	1886	Zukertort – Steinitz, USA (9) 1886	549	549
753	rules-of-thumb	hard	3r1bk1/1q3p2/2p4p/1p1npPpP/p1P1B1P1/P4P2/1PQ2B2/2KR4 b - - 0 1	black	Rc8 cxd5 Rb8 Rd2	d8c8 c4d5 c8b8 d1d2	32...Rc8!÷ Keeping the knight on d5. It’s hard for White to make cxd5 a threat. The queen and the king need to move, and the latter doesn’t want to be on the b-file. The game continued 32...bxc4 33.Qxc4 Rb8 34.Rd2± and Black had no active follow-up.	Steinitz	Zukertort	USA (16)	1886	Steinitz – Zukertort, USA (16) 1886	550	550
754	rules-of-thumb	hard	1rbq1rk1/p3bpp1/2p2n1p/3p4/7B/1P1B4/P1PN1PPP/R2QR1K1 b - - 0 1	black	Bb4 Re2 Bc3	e7b4 e1e2 b4c3	13...Bb4! Disturbing White with a pin. 14.Re2 14.c4? dxc4 and Black wins a piece. 14.Re3 is a better try, to meet 14...Bc3 with a simplifying check on h7. (Instead, 14...Bc5! prepares to put the bishop on d4.) 14...Bc3µ White’s c-pawn will have a hard time moving. (In the game, Black eventually carried out ...c6-c5-c4.)	Gorham & Lester	Steinitz	Correspondence	1888	Gorham & Lester – Steinitz, Correspondence 1888	550	550
755	rules-of-thumb	hard	rnb1r1k1/ppp2pbp/8/2qN4/4Pp1P/8/PPP1Q1P1/R1B1KB1R w KQ - 0 1	white	Bxf4 Bf5 Rb1 Bc3+ Nxc3 Qxc3+ Kf2	c1f4 c8f5 a1b1 g7c3 d5c3 c5c3 e1f2	14.Bxf4! White needs to develop! The pawn on b2 is less important. Steinitz played the materialistic 14.Nxf4? and was in trouble after: 14...Bf5µ 14...Bxb2 15.Rb1 Bg7÷ After 15...Bc3+ 16.Nxc3 Qxc3+ 17.Kf2² Black misses the dark-squared bishop.	Steinitz	Gorham & Lester	Correspondence	1888	Steinitz – Gorham & Lester, Correspondence 1888	551	551
756	rules-of-thumb	hard	3rk2r/ppp2ppp/1b4n1/3NP3/2B1PP2/5n2/PP1B2RP/R1K5 w k - 0 1	white	Bc3 Nd2 Rxd2 c6 Nxb6 axb6 Rf2	d2c3 f3d2 g2d2 c7c6 d5b6 a7b6 d2f2	16.Bc3! Keeping the bishop. White will be in time to defend the f4-pawn. 16.Nxb6 allowed 16...Nxd2 17.Rxd2 axb6³ when the f4-pawn will fall. 16...c6 16...Nxf4 tries to trick White. There are many decent replies, but the strongest is: 17.Rg3!! Nxd5 18.exd5 Nd4 19.Kd2± The bishop pair and centre are more important than Black’s extra pawn. 17.Nxb6 axb6 18.Rf2±	Steinitz	Chigorin	Havana (6)	1889	Steinitz – Chigorin, Havana (6) 1889	551	551
757	rules-of-thumb	hard	r1bnk2r/2ppnppp/pp6/3Pp1B1/Qq2P3/NBb2N2/P4PPP/2R2RK1 w kq - 0 1	white	Rxc3 Qb5 Qb4 d6 Nc4 f6 Qa5	c1c3 b4b5 a4b4 d7d6 a3c4 f7f6 b4a5	14.Rxc3! In the game, there followed 14.Nb5?? Qxb5–+ and the forced queen exchange was certainly not in White’s favour. 14.Qxb4?? Bxb4–+ is similar. 14...Qxc3 The exchange sacrifice kept the queens on the board. There are now several ways to stop Black from castling. 15.Nc4 15.d6!? cxd6 16.Nc4± 15...b5 16.Qa3 f6 16...b4 17.Qa5+– 17.Rc1+–	Chigorin	Steinitz	Havana (9)	1889	Chigorin – Steinitz, Havana (9) 1889	552	552
758	rules-of-thumb	hard	b4rk1/5pbp/1p2pnp1/qP1pn3/2pP1P2/2P1PN2/1BB3PP/5RK1 w - - 0 1	white	dxe5 Ng4 Re1	d4e5 f6g4 f1e1	22.dxe5! The natural capture, gaining the d4-square for the knight. Black will have a hard time defending the queenside pawn. The game ended abruptly with: 22.Qxa5?? Nxf3+ 22...Ng4 23.Qxa5 bxa5 24.Re1± White’s next moves are likely to be Nd4, h2-h3 (possibly with g2-g4 afterwards) and Ra1.	Bird	Lasker	Liverpool (3)	1890	Bird – Lasker, Liverpool (3) 1890	553	553
759	rules-of-thumb	hard	r2q1rk1/p2bn1p1/2pb3p/n4p2/N1PPp3/8/PP2BPPP/R1BQK1NR w KQ - 0 1	white	f4 Be6 b3 Bb4+	f2f4 d7e6 b2b3 d6b4	17.f4!² Stopping ...f5-f4. The game continued 17.Nc3?! Be6 18.b3?! Bb4 19.Bb2 f4 and Black had an attack. After 17.c5? Bc7 18.b4 Black can move the knight, but even stronger is: 18...Nd5! 19.bxa5 f4µ	Steinitz	Chigorin	Cable (2)	1890	Steinitz – Chigorin, Cable (2) 1890	553	553
760	rules-of-thumb	hard	r1bqkb1r/p5pp/2p5/n3pp2/6n1/3B1N1P/PPPP1PP1/RNBQK2R b KQkq - 0 1	black	Nxf2 Kxf2 Bc5+	g4f2 e1f2 f8c5	10...Nxf2! 10...e4 11.hxg4 exd3 allowed White to keep the position closed with 12.g5! (which was not played). 11.Kxf2 Bc5+µ Black gets the piece back with White’s king in the centre. (White will be a pawn up, just as in the initial position.)	Bird	Lasker	Newcastle-on-Tyne (4)	1892	Bird – Lasker, Newcastle-on-Tyne (4) 1892	554	554
761	rules-of-thumb	hard	r1bq1rk1/pppp1pbp/2n2np1/8/4P3/2N1QP2/PPPB2PP/2KR1BNR b - - 0 1	black	d5 Qf2 Nb4	d7d5 e3f2 c6b4	8...d5! Both this and ...Re8 are natural moves, and it’s often best to start with the most active. Black threatens to move the pawn another step. 8...Re8 9.Qf2 d5 10.Bg5÷ 9.Qc5 9.exd5 Nxd5µ opens the diagonal for the g7-bishop. (9...Nb4µ is also good.) 9...d4µ 9...dxe4?! was played.	Blackburne	Lasker	London (7)	1892	Blackburne – Lasker, London (7) 1892	554	554
762	rules-of-thumb	hard	rnbqk2r/pp3ppp/4p3/2bn4/4P3/2N2P2/PP4PP/R1BQKBNR b KQkq - 0 1	black	Qh4+ g3 Nxc3 bxc3 Nc6	d8h4 g2g3 d5c3 b2c3 b8c6	7...Qh4+! Making it worse for White to exchange queens. 7...Nxc3?! 8.Qxd8+³ was too kind. 8.g3 Nxc3 9.bxc3 9.gxh4 Nxd1 10.Kxd1 Nc6–+ Compared to the game continuation, White has the king stuck in the centre and a scattered pawn structure. 9...Qf6–+ Black benefits from keeping the queens.	Steinitz	Lasker	NY/Philadelphia/Montreal (10)	1894	Steinitz – Lasker, NY/Philadelphia/Montreal (10) 1894	555	555
763	rules-of-thumb	hard	r1bqk2r/ppp2ppp/2n5/3n4/1bBP4/2N2N2/PP3PPP/R1BQK2R w KQkq - 0 1	white	O-O Be6 Qb3 Kf8 Re1 Nxc3 bxc3 Bxc3 Bg5 Qd6 d5	e1g1 c8e6 d1b3 e8f8 f1e1 d5c3 b2c3 b4c3 c1g5 d8d6 d4d5	9.0-0! Developing is more important than keeping material equal. White now threatens to take on d5, so Black has no time to castle. 9...Be6 9...Nxc3 10.bxc3 Bxc3 11.Qb3! A double threat. 11...Bxa1 12.Bxf7+ Kf8 13.Ba3+ Ne7 14.Rxa1+– The pin is decisive. 10.Re1! Strongest. 10.Bg5!?± was the game. 10...0-0 No better is: 10...Nxc3 11.bxc3 Bxc3 12.Bg5 Qd6 13.d5+– 11.Ng5 Nxc3 12.Qd3! Followed by Nxe6 with a decisive advantage.	Steinitz	von Bardeleben	Hastings	1895	Steinitz – von Bardeleben, Hastings 1895	556	556
764	rules-of-thumb	hard	r1bq1rk1/pp4p1/2p1p2p/5p2/3P4/2PQ2R1/P1PB1PPP/R5K1 b - - 0 1	black	f4 Re1 e5 dxe5 Qxd3 cxd3	f5f4 a1e1 e6e5 d4e5 d8d3 c2d3	19...f4! Black defends against Bxh6 with tempo, which is important as it gives Black time to release the bishop on c8. 19...Qh4 was played, when 20.Re1± would have ended Black’s dream of activating the bishop. 20.Rf3 Other rook moves are met in a similar way. 20...e5! 21.dxe5 Qxd3 22.cxd3 g5©	Lasker	Chigorin	St. Petersburg	1896	Lasker – Chigorin, St. Petersburg 1896	556	556
765	rules-of-thumb	hard	r4rk1/p4ppp/bqp5/2Qp4/8/2N5/PPP2PPP/3RR1K1 w - - 0 1	white	Na4	c3a4	20.Na4!± Controlling the dark squares. Exchanging on b6 would have repaired Black’s structure.	Lasker	Levitsky	Moscow (Casual)	1896	Lasker – Levitsky, Moscow (Casual) 1896	557	557
766	rules-of-thumb	hard	r1b2rk1/pp1pnppp/2p2n2/q3N3/2B1P3/2PP4/P1P2PPP/R1BQ1RK1 w - - 0 1	white	Bxf7+ Rxf7 Nxf7 Kxf7 c4	c4f7 f8f7 e5f7 g8f7 c3c4	Defending/retreating the knight allows Black to take back material with ...Qxc3. White would still be clearly better with the bishop pair, but there is an even stronger way to play. 10.Bxf7+! Rxf7 11.Nxf7 Kxf7 12.c4± Black’s pieces won’t find good squares.	Schiffers	Steinitz	Rostov-on-Don (7)	1896	Schiffers – Steinitz, Rostov-on-Don (7) 1896	557	557
767	rules-of-thumb	hard	r1bb1rk1/pppq1ppp/2np4/4P3/3P1NP1/4BN1P/PP3P2/R2Q1RK1 b - - 0 1	black	b6	b7b6	15...b6!³ Immediately putting the bishop on the weakened long diagonal. 15...dxe5 16.Nxe5 Nxe5 17.dxe5 Qxd1 18.Rfxd1= With the exchange of queens, g2-g4 is no longer a weakening move, and White’s centralized pieces compensate for Black’s bishop pair.	Schiffers	Steinitz	Rostov-on-Don (5)	1896	Schiffers – Steinitz, Rostov-on-Don (5) 1896	558	558
768	rules-of-thumb	hard	3r1rk1/1p2q1pp/2npp1b1/p1b1Np2/2P5/PPNBP2P/1BQ2PP1/3RR1K1 b - - 0 1	black	dxe5 f4 Qg5	d6e5 f2f4 e7g5	20...dxe5! Black gets a great initiative on the kingside. Threatening the pawn on a3 wins a tempo. 20...Nxe5 21.f4= 21.Nb5 Qg5µ ...e5-e4 and ...f5-f4 are on the way.	Lasker	Albin	Nuremberg	1896	Lasker – Albin, Nuremberg 1896	559	559
769	rules-of-thumb	hard	1k2n1rr/pp1bq3/2pp1ppp/4p3/1P1PP1PN/2N1P1QP/1PP2R2/2K2R2 w - - 0 1	white	b5 cxb5 Nd5 Qd8 Rxf6 Nxf6 Nxf6 Qa5 Kb1 Rc8 g5 Bc6 dxe5 Bd5 exd5	b4b5 c6b5 c3d5 e7d8 f2f6 e8f6 d5f6 d8a5 c1b1 g8c8 g4g5 d7c6 d4e5 c6d5 e4d5	26.b5! Exchanging an undefended pawn while weakening Black’s king. 26...cxb5 A logical reply, giving up the f6-pawn but keeping the black king reasonably safe. 26...Ka8 27.bxc6± was the game. 27.Nd5 Qd8 28.Rxf6! An important detail. 28.Nxf6 Nxf6 29.Rxf6 Qa5 30.Kb1 Rc8! gives enough counterplay due to the trick 31.Rxd6 Qc7!. 28...Nxf6 29.Rxf6! 29.Nxf6? g5! is winning for Black. 29...Bc6 30.dxe5 Bxd5 31.exd5 White is clearly better.	Lasker	Steinitz	Moscow (6)	1896	Lasker – Steinitz, Moscow (6) 1896	559	559
770	rules-of-thumb	hard	r1br2k1/p1p1qp1p/1p3np1/2p5/4P3/4QN1P/PPP2PP1/RN2R1K1 w - - 0 1	white	c4 Bb7 Qh6	c2c4 c8b7 e3h6	15.c4! The game went 15.Nc3 Bb7 16.Qh6 and eventually ended in a draw. 15...Bb7 16.Nc3± The pawn on c4 gives White the possibility of Nd5.	Lipschuetz	Steinitz	Thousand Islands	1897	Lipschuetz – Steinitz, Thousand Islands 1897	560	560
771	rules-of-thumb	hard	r3rbk1/5pp1/2b1qn1p/p1pppN2/1p2P3/1PPP1P1N/1PQ3PP/2BRR2K w - - 0 1	white	c4 a4	c3c4 a5a4	23.c4!³ Keeping the queenside as closed as possible limits Black’s advantage. 23.g4 or a more timid move is met by 23...bxc3 24.bxc3 a4–+	Lasker	Chigorin	London (14)	1899	Lasker – Chigorin, London (14) 1899	560	560
772	rules-of-thumb	hard	r4rk1/pp2qpp1/2ppb1np/b3p2N/2B1P3/2PP3P/PP1N1PP1/R2Q1RK1 b - - 0 1	black	d5 Bb3 f5	d6d5 c4b3 f7f5	15...d5! 15...Qg5 was the game. 16.Bb3 f5!µ Black has a strong centre and White’s decision to put the knight on h5 suddenly looks premature.	Corzo y Prinzipe	Capablanca	Havana (4)	1901	Corzo y Prinzipe – Capablanca, Havana (4) 1901	561	561
773	rules-of-thumb	hard	3rr1k1/2p1qppp/p2b2n1/1pp5/4P3/2B2NPP/PPP1QP2/1K1RR3 w - - 0 1	white	h4 Ne5 h5	h3h4 g6e5 h4h5	19.h4 Using the pawn majority and planning h4-h5-h6 to weaken Black’s king. 19...Ne5 After 19...f6?! 20.h5± White was ready to jump with Nh4-f5. 20.Nxe5 Bxe5 21.Rxd8!? Rxd8 22.Bd2² Planning to push all the kingside pawns. Black’s doubled c-pawns make it harder to do anything threatening with the queenside majority. Emanuel Lasker “To find the right plan is just as hard as looking for its sound justification.”	Lasker	Chigorin	Cambridge Springs	1904	Lasker – Chigorin, Cambridge Springs 1904	562	562
774	rules-of-thumb	hard	3k3r/1pp2p2/p2rp2p/R2b4/3P2pP/2PB2K1/P1P2PP1/4R3 w - - 0 1	white	c4 Bc6 c3	c3c4 d5c6 c2c3	22.c4! Bc6 23.c3± The two moves with the c-pawns have gained space and pushed back Black.	Lasker	Bampton/Kaiser/Martinez	USA (Simul)	1907	Lasker – Bampton/Kaiser/Martinez, USA (Simul) 1907	563	563
775	rules-of-thumb	hard	r1b2rk1/pp1n1ppp/2p5/q2p4/2PP4/1QR1P3/P2N1PPP/4KB1R b K - 0 1	black	c5 Qa3 cxd4 exd4 Re8+ Re3 Rxe3+ fxe3 Nf6 cxd5	c6c5 b3a3 c5d4 e3d4 f8e8 c3e3 e8e3 f2e3 d7f6 c4d5	14...c5! Opening up the position, as White is two moves from castling. Black has some initiative, although with exact play White can hold the balance. 15.Qa3! Black’s ambition paid off in the game: 15.cxd5? cxd4 16.exd4 Re8+ (This keeps some initiative, but 16...Nf6!µ was even stronger.) 17.Re3 Rxe3+ 18.fxe3 Nf6³ 15...Qxa3 16.Rxa3 dxc4 16...cxd4 17.cxd5= 17.dxc5=	Marshall	Lasker	USA (15)	1907	Marshall – Lasker, USA (15) 1907	563	563
776	rules-of-thumb	hard	r1b1k1r1/1b1n1p1p/pq2p3/5p2/8/2P2N2/PPQ2PPP/3RKB1R w Kq - 0 1	white	g3	g2g3	15.g3± The only convenient way to develop. It also helps that the bishop reaches a nice diagonal.	Lasker	Tarrasch	Düsseldorf/Munich (11)	1908	Lasker – Tarrasch, Düsseldorf/Munich (11) 1908	564	564
777	rules-of-thumb	hard	1rbq1rk1/2pn1ppp/p2p1b2/1p2p3/1PPPP3/1P3N2/1B3PPP/RN1QR1K1 w - - 0 1	white	c5	c4c5	14.c5!± Not allowing Black to open the b-file. 14.Qd2?! was the game.	Lasker	Janowski	Berlin (9)	1910	Lasker – Janowski, Berlin (9) 1910	564	564
778	rules-of-thumb	hard	r1b2rk1/ppq1n1pp/2nbp3/2pp1p2/4P3/P1PP1N2/1P1NBPPP/R1BQR1K1 w - - 0 1	white	exd5 Nxd5 d4 cxd4 cxd4	e4d5 e7d5 d3d4 c5d4 c3d4	10.exd5! White should not allow Black to open the f-file with ...fxe4. 10.Bf1?! was played. 10...Nxd5 10...exd5!? 11.d4± leaves Black suffering from weakened squares on the e-file. As compensation, Black would have wanted to place a knight on e4, but both knights are too far away. 11.d4 cxd4 12.cxd4² Followed by Nc4 or Bc4.	Nimzowitsch	Capablanca	San Sebastian	1911	Nimzowitsch – Capablanca, San Sebastian 1911	565	565
779	rules-of-thumb	hard	r2q1rk1/ppp2ppp/1b1p4/3BnP2/3pP3/3P4/PPPQN1PP/R4RK1 w - - 0 1	white	f6 Rb8	f5f6 a8b8	14.f6! Black is a piece down on the kingside. Good moves are still needed, but White is winning. 14.Bxb7!? Rb8 15.Bd5± allows Black to escape the worst (f5-f6) with ...Qf6, ...Ng4 or ...Nd7.	Lasker	Baumeister	Germany (Simul)	1913	Lasker – Baumeister, Germany (Simul) 1913	565	565
780	rules-of-thumb	hard	r1b1r1k1/ppq1bppp/2pp2n1/4p2n/2PPP3/1P1B1N2/PB2NPPP/2RQR1K1 b - - 0 1	black	Bg4 Nf4 Ng3 d5 Nh4	c8g4 e2f4 h5g3 d4d5 g6h4	13...Bg4! 13...Nhf4 is met by 14.Nxf4 Nxf4 15.Bf1 followed by g2-g3, and Black does not achieve anything. 14.Ng3 Nhf4 It’s hard to get rid of Black’s annoying pieces. 15.Nf5 15.d5 Nxg2–+; 15.Bf1 Nh4–+ 15...Bf6µ Jose Raul Capablanca “As one by one I mowed them down, my superiority soon became apparent.”	S. Rubinstein	Capablanca	New York	1913	S. Rubinstein – Capablanca, New York 1913	566	566
781	rules-of-thumb	hard	r1b1qrk1/p1pn1ppp/2pb4/4p1B1/4P3/2N2N2/PPP1QPPP/R2R2K1 w - - 0 1	white	Nh4 Nc5 Bh6 f6 Be3 g6 Qc4+ Qe6 Nf5 Re8 Nxd6 cxd6 Bxc5	f3h4 d7c5 g5h6 f7f6 h6e3 g7g6 e2c4 e8e6 h4f5 f8e8 f5d6 c7d6 e3c5	12.Nh4!² Black must decide what to do about the threat of Nf5. 12...Nc5 The game went: 12...g6? 13.Bh6+–; 12...f6 13.Be3 g6 allows White to pick up a pawn with 14.Qc4+; 12...Qe6 13.Nf5 Re8 plans ...Bf8. White is not forced to, but I think it’s a good idea to exchange one type of advantage for another with: 14.Nxd6 cxd6 15.Qd2² 13.Nf5 Bxf5 14.exf5 White threatens Be3xc5 followed by Ne4, and also has f5-f6 as an idea. 14...e4!² is the strongest reply, when Black stands worse but remains in the game.	Capablanca	Janowski	Havana	1913	Capablanca – Janowski, Havana 1913	567	567
782	rules-of-thumb	hard	2rq1rk1/1b2bppp/p4n2/1p1p2B1/N7/4PN2/PP2QPPP/2RR2K1 w - - 0 1	white	Bxf6 Rxc1 Rxc1 Bxf6 Nc5 Bc8	g5f6 c8c1 d1c1 e7f6 a4c5 b7c8	16.Bxf6! Gaining access to c5. 16.Rxc8?!= was Capablanca’s choice. 16...Rxc1 17.Rxc1 Bxf6 18.Nc5 Bc8² Black keeps both bishops; but with nice squares on c5 and d4, the knights are stronger.	Capablanca	Teichmann	Berlin (2)	1913	Capablanca – Teichmann, Berlin (2) 1913	567	567
783	rules-of-thumb	hard	2rq1r1k/4n1pp/3p1b2/1p2pbN1/2p1B3/2PP2P1/1P1BQ1PP/R3R1K1 b - - 0 1	black	d5 Bxf5 Nxf5	d6d5 e4f5 e7f5	23...d5 Pushing pawns in the centre is a good thing. The only thing Black needs to see is that there’s no knight fork on e6 after: 24.Bxf5 Nxf5µ Due to a check on b6.	Znosko-Borovsky	Capablanca	St. Petersburg	1913	Znosko-Borovsky – Capablanca, St. Petersburg 1913	568	568
784	rules-of-thumb	hard	r4rn1/1p3pkp/p2q2p1/Qb1pN3/3P4/5N2/PP3PPP/2R1R1K1 w - - 0 1	white	Qc7 b6 Qc3 Rae8 Qc7 h6 Ng5	a5c7 b7b6 c7c3 a8e8 c3c7 h7h6 f3g5	22.Qc7! Exchanging the queens creates weaknesses on both wings of Black’s camp. 22.Rc7 b6 23.Qc3 Rae8 doesn’t lead anywhere. 22...Qxc7 23.Rxc7 h6 23...b6 24.Ng5+– threatens both 25.Ngxf7 and 25.Ne6+. 24.Rxb7 White soon won. Jose Raul Capablanca “The winning of a pawn among good players of even strength often means the winning of the game.”	Capablanca	Alekhine	St. Petersburg	1913	Capablanca – Alekhine, St. Petersburg 1913	569	569
785	rules-of-thumb	hard	1r1q1rk1/2p1bppp/B1np4/3N4/P2pn1b1/2P2N2/5PPP/R1BQ1RK1 w - - 0 1	white	Nxd4 Bxd1 Nxc6 Qd7 Ndxe7+ Kh8 Rxd1 Rb6 Rd3 Rxc6 Nxc6 Qxc6 Be3	f3d4 g4d1 d4c6 d8d7 d5e7 g8h8 f1d1 b8b6 d1d3 b6c6 e7c6 d7c6 c1e3	15.Nxd4! 15.cxd4² was the game. 15...Bxd1 16.Nxc6 Qd7 17.Ndxe7+ Kh8 18.Rxd1 Rb6 Black can include 18...Nxc3 which gives White the option to play with three pieces against the queen after 19.Rd3; or White can get a similar piece configuration as the main line after 19.Rd4. Both options are good. 19.Bf1 Rxc6 20.Nxc6 Qxc6 21.Be3 White has a rook and bishop pair versus Black’s queen and knight. Even though Black is materially slightly ahead, the passed a-pawn is a great asset, and with accurate play White should win.	Tarrasch	Capablanca	St. Petersburg	1914	Tarrasch – Capablanca, St. Petersburg 1914	570	570
786	rules-of-thumb	hard	r4rk1/pp2qppp/1bn2n2/8/3p4/1Q3NP1/PP1BPPBP/R2R2K1 w - - 0 1	white	a4 Ne4 Be1 Rad8 a5 Bc5 Rac1 a6 Nh4	a2a4 f6e4 d2e1 a8d8 a4a5 b6c5 a1c1 a7a6 f3h4	15.a4! Targeting both of Black’s minor pieces on the queenside. 15...Ne4 16.Be1 Rad8 17.a5 Bc5 18.Rac1! Lasker chose 18.a6 which is also strong, and he went on to win convincingly. After the text move Black’s position is even worse than it looks. For example: 18...a6? 19.Nh4!+– Black can’t keep everything defended.	Lasker	Tarrasch	St. Petersburg	1914	Lasker – Tarrasch, St. Petersburg 1914	570	570
787	rules-of-thumb	hard	r1b1r1k1/2p1n1pp/pppb1p2/5P2/4PB2/1NN5/PPP3PP/R4RK1 b - - 0 1	black	Bxf4 Nd4 c5 e5 Nd5	d6f4 b3d4 c6c5 e4e5 e7d5	13...Bxf4! Capablanca accepted a weak pawn on d6 with: 13...Bb7? 14.Bxd6 cxd6 15.Nd4² Rad8? (15...Bc8 was better but, as Kasparov noted: “Black still does not take his opponent’s plan seriously and does not realize his mistake – and yet the knight at e6 will be like a bone in his throat!”) 16.Ne6± 14.Rxf4 c5= Black is comfortably equal. Nevertheless, Black can’t easily manoeuvre the knight to e5 without allowing Nd5 with an initiative, so White should be able to hold the balance. Emanuel Lasker “Truth derives its strength not so much from itself as from the brilliant contrast it makes with what is only apparently true. This applies especially to chess, where it is often found that the profoundest moves do not much startle the imagination.”	Lasker	Capablanca	St. Petersburg	1914	Lasker – Capablanca, St. Petersburg 1914	571	571
788	rules-of-thumb	hard	r4rk1/ppp1qppp/3pnn2/4p3/3PP3/2P2b2/P1P2PPP/R1BQRBK1 w - - 0 1	white	Qxf3 exd4 cxd4	d1f3 e5d4 c3d4	13.Qxf3 Sacrificing a pawn. Weakening the f4-square with 13.gxf3? should be out of the question, but that is what happened, and Black won easily. 13...exd4 The bishop pair gives White full compensation for the pawn; but even if it did not, White simply had to avoid weakening his kingside in such a dreadful way. 14.cxd4, 14.Rb1 and 14.Bb2 are all possible moves.	Bernstein	Capablanca	New York	1916	Bernstein – Capablanca, New York 1916	572	572
789	rules-of-thumb	hard	2r2rk1/pb1n1ppp/1p3q2/2p5/3P4/Q3PN2/PP3PPP/2R1KB1R w K - 0 1	white	Ba6 cxd4 O-O dxe3 Rxc8 Qxf3	f1a6 c5d4 e1g1 d4e3 c1c8 f6f3	16.Ba6 Developing while keeping a material advantage. 16.dxc5?? would help Black’s knight to come forward, as well as allowing a structurally disastrous exchange on f3. 16.Be2? cxd4 17.0-0 dxe3³; 16.Qxa7 is the wrong priority. One of Black’s decent replies is 16...Bxf3 17.Qxd7 Bc6 followed by ...cxd4, and White has to give back both pawns to develop. 16...Bxf3 16...Bxa6 17.Qxa6 and Black’s c-pawn is pinned. 17.Bxc8 Rxc8 18.gxf3 Qxf3 19.Rg1± With the white king stuck in the centre, the game is far from over. Nevertheless, White’s extra exchange is the most important factor. Emanuel Lasker “I have known many chess players, but among them there has been only one genius: Capablanca!”	Capablanca	Lasker	Havana (5)	1921	Capablanca – Lasker, Havana (5) 1921	572	572
790	rules-of-thumb	hard	r1b1k2r/ppp2ppp/2n5/3qp3/1b6/2NP4/PPP1NPPP/R1BQ1RK1 b kq - 0 1	black	Qd7 f4 b6 a3 Bc5+ Kh1 Bb7 fxe5 Nxe5 d4 O-O-O	d5d7 f2f4 b7b6 a2a3 b4c5 g1h1 c8b7 f4e5 c6e5 d3d4 e8c8	8...Qd7!³ The queen would be slightly exposed on a5, c5, d6 or e6. Two squares remain: d8 and d7. The latter is more active, but it blocks the light-squared bishop. However, the bishop is best on the long diagonal! 8...Qd8 was played in the game. An advantage of having the queen on d7 rather than d8 is shown after: 9.f4 b6 10.a3 Bc5+ 11.Kh1 Bb7 12.fxe5 Nxe5 13.d4 And now 13...0-0-0 is possible thanks to the queen being developed.	Alekhine	Bernstein	Paris	1922	Alekhine – Bernstein, Paris 1922	573	573
791	rules-of-thumb	hard	1qr3k1/pb1n1pbp/1pBp1np1/3Pp3/4P3/5N1P/PP1NQPPB/2R3K1 b - - 0 1	black	Qa8 Nc4 Nb8	b8a8 d2c4 d7b8	18...Qa8! Threatening the bishop while there’s still a pin along the c-file, and before White can defend with b2-b4-b5. 18...Bh6 was played in the game. 19.Nc4! 19.Qc4 Nb8 soon wins material for Black. 19...Bf8³ White has to exchange on b7 or d7, after which Black becomes active with ...Nc5 and – depending on which way White traded the c6-bishop – ...Ba6 or ...Qa6.	Capablanca	Reti	London	1922	Capablanca – Reti, London 1922	574	574
792	rules-of-thumb	hard	r3qr2/pppb2bk/7p/2PPppp1/2QP4/4BBP1/PP5P/R4RK1 w - - 0 1	white	c6 e4 Bg2 Kh8 g4	c5c6 e5e4 f3g2 h7h8 g3g4	19.c6 By defending against ...Bb5 with gain of tempo, White ensures that Black doesn’t get time for ...e5-e4. 19.Rfe1? e4–+ 19...bxc6 20.dxc6 Be6 20...Bc8 21.dxe5² 21.d5 Bg8 22.Bg2 Kh8± White is more active. Black still doesn’t have time for 22...e4?! because 23.g4!+– destroys Black’s structure.	Alekhine	Tarrasch	Vienna	1922	Alekhine – Tarrasch, Vienna 1922	574	574
793	rules-of-thumb	hard	r2qrnk1/pp3bpp/1bp2p2/1P1p4/3P1P2/3BNNP1/P1Q2P1P/R4RK1 b - - 0 1	black	Bh5 g4 Bf7	f7h5 g3g4 h5f7	18...Bh5! Forcing a weakness. 19.g4 19.Be2 Bxf3 wins a pawn. 19...Bf7³ The f4-square is weak.	Alekhine	Lasker	New York	1924	Alekhine – Lasker, New York 1924	575	575
794	rules-of-thumb	hard	r1b2rk1/pp3pp1/3b1n1p/q1ppN3/3P1P2/3BP2P/PP1N2P1/R2Q1RK1 w - - 0 1	white	Nb3 Qb6 dxc5 Bxc5 Nxc5 Qxc5 Qd2	d2b3 a5b6 d4c5 d6c5 b3c5 b6c5 d1d2	15.Nb3 Qb6 16.dxc5 Bxc5 17.Nxc5 Qxc5 18.Qd2² White got rid of Black’s bishop pair and created an isolated pawn on d5.	Capablanca	Tartakower	Moscow	1925	Capablanca – Tartakower, Moscow 1925	575	575
795	rules-of-thumb	hard	r1b1k2r/pp3pp1/2p4p/4q3/2B5/2P1P3/P4PPP/R2Q1RK1 w kq - 0 1	white	Qd4 Qxd4 exd4 Be6 Rfe1 f6 Bxe6	d1d4 e5d4 e3d4 c8e6 f1e1 f7f6 c4e6	14.Qd4! White uses the temporarily undefended g7-pawn to improve the pawn structure. 14...Qxd4 15.exd4 15.cxd4² is also promising, getting two pawn islands instead of three. White has a nice centre, but plays against a pawn majority on the queenside. If Black tries to advance the a- and b- pawns, the c6-pawn will be left backward and weak. 15...Be6 15...0-0 16.Rfe1 offers a slight initiative, but Black should be able to neutralize it with careful defence. 15...f6!? keeps the king in the centre. 16.Rfe1 Kd7 17.Bxe6+ fxe6 18.Re5² Lasker went on to win. White only has a slight advantage in all these lines after 14.Qd4 – but without that move, there’s no advantage at all.	Lasker	Spielmann	Moscow	1925	Lasker – Spielmann, Moscow 1925	576	576
796	rules-of-thumb	hard	r1b1k2r/pp1n2pp/4Nn2/q1b5/4P3/2N1B3/PP3PPP/R2QK2R w KQkq - 0 1	white	O-O Kf7 Nb5 Nd5	e1g1 e8f7 c3b5 f6d5	11.0-0! White has sacrificed a piece, and there are loose pieces and pawns on various squares. Even so, the only winning continuation is to move the king to safety. A positional move! 11.Nxg7+ Kf7 12.Nf5 Ne5² 11...Bxe3 12.fxe3+– Black has an extra bishop, but the king is stuck in the centre and White has strong threats of Nb5 and Nd5, as well as Nxg7+.	Capablanca	Bogoljubow	Moscow	1925	Capablanca – Bogoljubow, Moscow 1925	577	577
797	rules-of-thumb	hard	r2qr1k1/p4p1p/4n1p1/1p1pP1P1/2pP4/2Nn1BP1/PPQ2P2/1K1R3R w - - 0 1	white	Rh4 Nxd4	h1h4 e6d4	22.Rh4!+– A multi-purpose move, defending d4 while preparing to double rooks. The d5-pawn is now really hanging. 22.Nxd5? Nxd4 23.Nf6+ Qxf6 was okay for Black in the game.	Alekhine	Flores Alvarez	Santiago de Chile (Simul)	1927	Alekhine – Flores Alvarez, Santiago de Chile (Simul) 1927	577	577
798	rules-of-thumb	hard	2kr3r/pp3q1p/2pb1p2/3N1b2/2PQ4/8/PP2BPPP/R4RK1 w - - 0 1	white	Qxa7 Qg6	d4a7 f7g6	16.Qxa7! Sacrificing a piece to get an attack. 16.Qxf6? allowed Black to escape, especially if he would have found: 16...Qg6!³ 16...cxd5 17.cxd5+– Before entering such a position you should of course check some lines, but you don’t need to calculate everything to a finish before evaluating the position as favourable for White. As it happens, there is no good defence against Rac1+.	Capablanca	Tartakower	Bad Kissingen	1928	Capablanca – Tartakower, Bad Kissingen 1928	578	578
799	rules-of-thumb	hard	3q1rk1/1p2ppbp/p1rpb1p1/8/N1P1PPn1/1P2BB2/P2Q2PP/2RR2K1 w - - 0 1	white	Bd4 Ne3 Qxe3 Bxd4 Qxd4 f6 Nc3 f5 e5 Bd7 Qd2 Kg7 c5 Rc7 g4	e3d4 g4e3 d2e3 g7d4 e3d4 f7f6 a4c3 f6f5 e4e5 e6d7 d4d2 g8g7 c4c5 c6c7 g2g4	19.Bd4+– Capablanca allowed the knight to exchange itself: 19.e5? Nxe3 20.Qxe3² 19...Bxd4+ 20.Qxd4 Black’s knight is in danger. The threat is f4-f5; and if the knight retreats to f6, then e4-e5 will kill. 20...Nh6 is not a fun move to play. 20...b5 21.Nc3 bxc4 22.f5+– wins a piece. White is positionally winning with: 21.e5 There is also 21.f5 Bd7 22.Qd2 Kg7 23.c5 and White soon wins material. 21...Nf5 22.Qf2 Rc7 23.g4 Ng7 24.Nb6+–	Capablanca	Yates	Bad Kissingen	1928	Capablanca – Yates, Bad Kissingen 1928	579	579
800	rules-of-thumb	hard	3rrnk1/1p3p1p/p1ppn1p1/q7/4PN2/P1P1BP2/1P1Q2PP/3RR1K1 b - - 0 1	black	d5 exd5 Nxf4 Bxf4 Rxe1+ Qxe1 Rxd5	d6d5 e4d5 e6f4 e3f4 e8e1 d2e1 d8d5	22...d5! Exchanging on f4 would help White’s bishop. 22...Nxf4 23.Bxf4 d5 24.Bg5 Rd7 25.Bf6+– 23.exd5 Nxf4 24.Bxf4 Rxe1+ 25.Qxe1 Rxd5= Black got rid of the backward pawn and has opened the position enough to defend against a mate on g7. 5. Hard Challenge Exercise 801-850	Tarrasch	Capablanca	Berlin	1928	Tarrasch – Capablanca, Berlin 1928	579	579
801	rules-of-thumb	hard	2n2rk1/p1p1q1rp/1p2p1p1/3p1p2/2PPPP2/2PB1PQ1/P5RP/6RK b - - 0 1	black	fxe4 fxe4 dxe4 Bxe4 Nd6	f5e4 f3e4 d5e4 d3e4 c8d6	26...fxe4! Opening the f-file. Otherwise White might have taken on f5. 27.fxe4 dxe4 28.Bxe4 White has weak pawns. Capablanca moved the queen to d6 next but it looks more logical to go with the knight: 28...Nd6µ	Winter	Capablanca	Ramsgate	1929	Winter – Capablanca, Ramsgate 1929	581	581
802	rules-of-thumb	hard	r1q2rk1/p2pbppp/bpn1pn2/8/3NPP2/2P2R2/PPBN2PP/R1BQ2K1 b - - 0 1	black	Nxd4 cxd4 Be2 Qxe2 Qxc2 Rc3 Qa4 Nf3 Rac8 Bd2 Rxc3 Bxc3 d5	c6d4 c3d4 a6e2 d1e2 c8c2 f3c3 c2a4 d2f3 a8c8 c1d2 c8c3 d2c3 d7d5	14...Nxd4! 14...g6 was the game. 15.cxd4 Be2! 16.Qxe2 Qxc2 The position has opened up without White’s queenside pieces taking part. 17.Rc3 Qa4 18.Nf3 Rac8 19.Bd2 White’s cost for completing development was to give up control over the light squares in the centre. 19...Rxc3 20.Bxc3 d5!µ Black gets a strong knight.	Colle	Capablanca	Karlovy Vary	1929	Colle – Capablanca, Karlovy Vary 1929	582	582
803	rules-of-thumb	hard	r2q1rk1/pp1n1p1p/4bp2/2bp4/3N4/1QN5/PP2PPPP/2KR1B1R w - - 0 1	white	Nxe6 fxe6 e4 Bxf2 exd5 e5 d6+	d4e6 f7e6 e2e4 c5f2 e4d5 e6e5 d5d6	12.Nxe6! White does well to trade one advantage (the doubled f-pawns) for another (the light squares). 12.e3± was played. 12...fxe6 13.e4 Bxf2 Otherwise Black simply loses a pawn. 14.exd5 e5 The b7-pawn will not taste good, but instead after 15.d6+ the passed pawn is a second trump. White is positionally winning.	Alekhine	Bogoljubow	Germany/Netherlands (21)	1929	Alekhine – Bogoljubow, Germany/Netherlands (21) 1929	582	582
804	rules-of-thumb	hard	r5k1/pp4rp/1np1b3/3pPpq1/P2P4/2PB4/5QPP/RR3NK1 b - - 0 1	black	Kh8 Nd2 Rag8 Kh1 h5 Nc4 f4 Rb2 Nxc4 Rba2 Ne3 Qxf4 Rf7	g8h8 f1d2 a8g8 g1h1 h7h5 d2c4 f5f4 b1b2 b6c4 b2a2 c4e3 f2f4 g7f7	26...Kh8! Inviting the a8-rook to join the attack. 26...f4 gives White time to defend more smoothly with: 27.Nd2 Kh8 28.Kh1 Rag8 29.Rg1÷ 27.Nd2 27.Ng3 f4 28.Ne2 Rf8 gives Black a strong initiative, for instance: 29.Kh1 (29.Rf1? f3 30.Ng3 h5–+) 29...Nc4–+ Black will increase the pressure on g2 with ...Ne3 or, in the event of an exchange on c4, with ...Bd5. 27...Rag8µ The game lasted only six more moves: 28.Bf1 f4 29.Nf3 Qh5 30.Rb2 Nc4 31.Rba2 Ne3 32.Ne1 Ng4 33.Qxf4 Rf7 0–1	Stahlberg	Alekhine	Prague (Ol)	1931	Stahlberg – Alekhine, Prague (Ol) 1931	583	583
805	rules-of-thumb	hard	r2qk2r/pp1n1ppp/2pb1n2/4p2b/P1BPP3/2N2N1P/1P2QPP1/R1B2RK1 w kq - 0 1	white	g4 Bg6 Qe3 h6 Nd5 Ba3	g2g4 h5g6 e2e3 h7h6 c3d5 d6a3	12.g4! Preparing Nxe5 and f2-f4, almost trapping the bishop – a common motif. 12...Bg6 12...Nxg4 13.hxg4 Bxg4 gives White a choice. 14.Qe3+– is the easiest option, avoiding the pin. (Also possible is 14.d5 Qf6 15.Kg2 Qg6 when 16.Rh1+– and 16.Qe3+– both win.) 13.dxe5 Nxe5 13...Bxe5 14.Nxe5 Nxe5 15.Ba2+– 14.Nxe5 Bxe5 15.f4 Bxc3 Retreating is no better. 15...Bd4+ 16.Be3 also doesn’t help, as f4-f5 will soon come. 16.bxc3 h6 Black loses a piece if capturing on e4. 17.f5 Bh7 18.e5 Nd5 19.Ba3+– White has a decisive positional advantage.	Euwe	Bogoljubow	Bern	1932	Euwe – Bogoljubow, Bern 1932	584	584
806	rules-of-thumb	hard	r4rk1/1bq2ppp/p2bp3/P3n3/1pNpPB2/3B3P/1P2QPP1/R4RK1 w - - 0 1	white	Nxe5 Bxe5 Bxe5 Qd6	c4e5 d6e5 f4e5 c7d6	20.Nxe5! Opening the c-file to threaten the queen. 20.Bxe5 was played. 20...Bxe5 21.Rfc1 Qd6 22.Bxe5 Qxe5 23.Rc4² Winning a tempo was the main point of the exercise. Thanks to that, White will restore material equality by collecting the b-pawn, and remain with a better structure.	Alekhine	Bogoljubow	Germany (2)	1934	Alekhine – Bogoljubow, Germany (2) 1934	584	584
807	rules-of-thumb	hard	r2q1rk1/1b1nbp1p/p3pnp1/P7/1p1P1P2/3B1NN1/1P2Q1PP/R1B2RK1 b - - 0 1	black	Nb8 Ne5 Nc6 Be3	d7b8 f3e5 b8c6 c1e3	16...Nb8! On c6, the knight would threaten two pawns. 17.Ne5 Nc6 17...Qxd4+? 18.Be3ƒ 18.Nxc6 Bxc6µ The d-pawn is weaker than before the exchange of knights. Moreover, Black has ...h7-h5-h4 as a possible plan, since there is no knight on f3 defending the h4-square.	Alekhine	Bogoljubow	Germany (4)	1934	Alekhine – Bogoljubow, Germany (4) 1934	585	585
808	rules-of-thumb	hard	r1b1kb1r/pp1nqp2/3p1n1p/2pP2p1/4P3/2N1BNP1/PPPQ3P/R3KB1R w KQkq - 0 1	white	e5 Ng4 O-O-O Bg7 Bf4 dxe5 Nb5 Qe6 Re1	e4e5 f6g4 e1c1 f8g7 e3f4 d6e5 c3b5 e7e6 d1e1	11.e5! The game continued with 11.0-0-0 Ng4= when the opportunity was gone. 11...Ng4 The best defence, fighting for the e5-square. 11...Nxe5 12.Nxe5 Qxe5 13.0-0-0 The e-file decides, for instance: 13...Bg7 14.Bf4+–; 11...dxe5 12.Nb5+– Not the only move, but the threat of d5-d6 followed by Nc7+ is strong. 12.e6! fxe6 13.dxe6 Qxe6 14.0-0-0 Black gets a beautiful knight on e5, but everything else favours White: the d- and e-files, the long light-squared diagonal, and the d5-square. 14...Bg7 15.Re1 Nge5 16.Nxe5 Nxe5 17.Bg2+–	Bogoljubow	Alekhine	Germany (9)	1934	Bogoljubow – Alekhine, Germany (9) 1934	586	586
809	rules-of-thumb	hard	r3k2r/ppqn1ppp/2pbp3/3n4/3P2b1/2N1PN2/PP1BBPPP/R2Q1RK1 w kq - 0 1	white	Ne4 Be7 Nd6+ Qxd6	c3e4 d6e7 e4d6 c7d6	10.Ne4! Rather than allowing Black to exchange knight for knight, White forces the trade of a knight for an enemy bishop. 10...Be7 10...N7f6 11.Nxd6+ Qxd6± was the game. 11.Ng3² Followed by h2- h3.	Lisitsin	Capablanca	Moscow	1935	Lisitsin – Capablanca, Moscow 1935	586	586
810	rules-of-thumb	hard	1rbqkb1r/1p1n1ppp/p1n1p3/1N6/Q3P3/2N1B3/PP3PPP/3RKB1R w Kk - 0 1	white	Nd6+ Bxd6 Rxd6	b5d6 f8d6 d1d6	12.Nd6+! Simply gaining the advantage of the bishop pair. Capablanca played: 12.Nd4 Nxd4 13.Qxd4² 12...Bxd6 13.Rxd6±	Capablanca	Menchik	Margate	1936	Capablanca – Menchik, Margate 1936	587	587
811	rules-of-thumb	hard	2b1r1k1/2p3pp/1ppp1p2/4n3/r3P3/P1B2P2/1PP2RPP/3R1BK1 b - - 0 1	black	Ba6	c8a6	20...Ba6!= Depriving White of the bishop pair. (White to move could have avoided it by g2-g3 and Bg2.)	Kan	Capablanca	Moscow	1936	Kan – Capablanca, Moscow 1936	588	588
812	rules-of-thumb	hard	r1b1r1k1/3q1ppp/p1n2b2/1pp5/3PB3/5N2/PP3PPP/R1BQR1K1 w - - 0 1	white	Bg5 Ne5 dxe5 Qxd1 Bb7 Bxg5 Nxg5 h6 Nxf7 Qh5 Re4	c1g5 c6e5 d4e5 d7d1 e4b7 f6g5 f3g5 h7h6 g5f7 d1h5 e1e4	19.Bg5! Exchanging an undeveloped bishop for an active one. 19.Ne5 tries to make use of the e4-a8 diagonal, but Black doesn’t lose material. 19...Bxe5 20.dxe5 Qxd1 21.Rxd1 Bb7 22.f4± 19...Rxe4 Sadly the best defence. 19...Bxg5 20.Nxg5 leaves Black’s king undefended, and dxc5 is also a threat. If 20...h6 then 21.Nxf7+– and 21.Qh5+– both win. The other option is 19...Bxd4, when the position screams for a tactical solution. There is one: 20.Bf5+– 20.Rxe4 Bxd4 21.a4!+– The last move is the most precise, but you don’t need to have planned it to solve the exercise. Alekhine’s 21.Nxd4 kept a big advantage and he soon won the game.	Alekhine	Eliskases	Podebrady	1936	Alekhine – Eliskases, Podebrady 1936	588	588
813	rules-of-thumb	hard	5rk1/rb1nqppp/pb2pn2/1p6/5B2/1N3NP1/PP2PPBP/R1Q2RK1 w - - 0 1	white	Be3 Rc8 Qd2 Ne4 Qd3	f4e3 f8c8 c1d2 f6e4 d2d3	15.Be3!= Neutralizing Black’s strong bishop. White just needs to calculate a few moves: 15...Rc8 16.Qd2 Ne4 17.Qd3 There are no more dangerous threats against the queen.	Capablanca	Reshevsky	Nottingham	1936	Capablanca – Reshevsky, Nottingham 1936	589	589
814	rules-of-thumb	hard	2r2r1k/pbnq2bp/1p4p1/3p1p2/3P3P/1QN1P1P1/PP1B2B1/1KR4R w - - 0 1	white	h5 g5 h6	h4h5 g6g5 h5h6	23.h5 If White delayed this move, Black could have played ...h7-h5. 23...g5 24.h6!² Black will always have to worry about the king.	Capablanca	Alexander	Nottingham	1936	Capablanca – Alexander, Nottingham 1936	590	590
815	rules-of-thumb	hard	r2q1r1k/1p2b1pp/2n1bp2/3Np3/1PPpP3/3B1N2/2Q2PPP/1R3RK1 w - - 0 1	white	c5 Ra3 Bc4	c4c5 a8a3 d3c4	18.c5! Pushing the majority. 18...Ra3 White just needs to see that 18...Bxd5? 19.exd5 Qxd5 20.Bxh7+– leads to a disaster on the light squares. 19.Bc4±	Euwe	Alekhine	Netherlands	1937	Euwe – Alekhine, Netherlands 1937	590	590
816	rules-of-thumb	hard	3q1b1r/r2nk1pp/p3p3/n1p1N3/B7/2P1P3/P3QPPP/R1B3K1 w - - 0 1	white	e4 Nf6 Bg5 Qc7 Qh5 Qxe5 Qe8+ Kd6 Rd1+ Kc7 Qd8+ Kb7 Rb1+ Nb3 Rxb3#	e3e4 d7f6 c1g5 d8c7 e2h5 c7e5 h5e8 e7d6 a1d1 d6c7 e8d8 c7b7 d1b1 a5b3 b1b3	17.e4! The only way to win is following the positional rule of inviting the last pieces to the party. Being a whole rook down, this is not the time to take back part of the material: 17.Bxd7? Rxd7µ 17...Nf6 18.Bg5 Threatening Rd1 and Qh5. 18...Qc7 19.Qh5 This is the most precise, although 19.Bf4+– was good enough in the game, and Alekhine soon won. 19...Qxe5 The only critical move, but it allows a forced mate: 20.Qe8+ Kd6 21.Rd1+ Kc7 22.Qd8+ Kb7 23.Rb1+ Nb3 24.Rxb3# 1–0 Alexander Alekhine “Yes, chess is an art, beautiful and aesthetic... I derive tremendous spiritual satisfaction from delving into its intricacies. Liking for it must be intuitive. It’s like music.”	Alekhine	Book	Margate	1938	Alekhine – Book, Margate 1938	591	591
817	rules-of-thumb	hard	2r3k1/1p1qnpp1/p6p/3p4/3N1Q1P/PP2R1P1/4PPK1/8 w - - 0 1	white	h5	h4h5	27.h5!± Fixing Black’s kingside and stopping ...Ng6 (even though it wasn’t an immediate threat). The pawn is undefended on h5, but Black is in no position to exploit that.	Capablanca	Menchik	Margate	1939	Capablanca – Menchik, Margate 1939	592	592
818	rules-of-thumb	hard	rnbr2k1/ppq1ppbp/6p1/2PN4/8/4P3/PP1Q1PPP/2R1KBNR b K - 0 1	black	Rxd5 Qxd5 Nc6	d8d5 d2d5 b8c6	11...Rxd5! 11...Qd7 is quite promising for Black but the text move is stronger. 12.Qxd5 Nc6!ƒ Black continues with rapid development. The b2-pawn is hanging, and White is far away from castling. Trust your intuition, or update it! Botvinnik’s 12...Be6© was less flexible.	Tolush	Botvinnik	Leningrad	1939	Tolush – Botvinnik, Leningrad 1939	592	592
819	rules-of-thumb	hard	2k5/1pq3pp/p1b1p3/3pp3/3P1rP1/2P4P/2PQ1P2/R3R1K1 b - - 0 1	black	e4	e5e4	25...e4µ Knowing the evaluation is less important than the decision to keep the e-file closed. 25...exd4? 26.cxd4+– gives White an open e-file.	Rabinovich	Botvinnik	Leningrad	1939	Rabinovich – Botvinnik, Leningrad 1939	593	593
820	rules-of-thumb	hard	r1b2rk1/pp1n1pp1/7p/q1p1p3/2P2P2/P1PBP3/2QN2PP/R4RK1 w - - 0 1	white	f5 Nf6 Ne4 Qd8 Nxf6+ Qxf6 Be4	f4f5 d7f6 d2e4 a5d8 e4f6 d8f6 d3e4	15.f5 White secures the e4-outpost, gains space and plans f5-f6 (after Ne4). 15...Nf6 16.Ne4 Qd8 17.Nxf6+ Qxf6 18.Be4² White can continue with Bd5 and e3-e4. Black’s queen is not comfortable as a blockading piece.	Botvinnik	Kan	Leningrad	1939	Botvinnik – Kan, Leningrad 1939	593	593
821	rules-of-thumb	hard	r2qr1k1/1ppb1ppp/5n2/3pn3/p1P5/PPQBP3/1B1N1PPP/R4RK1 b - - 0 1	black	axb3 cxd5 Nxd5 Ne4	a4b3 c4d5 f6d5 d2e4	14...axb3 A positionally desirable move to split White’s pawns. Black just needs to decide whether to include ...Nxd3 first. The general answer is no, as it opens the diagonal for the b2-bishop. But also, after 14...Nxd3?! 15.Qxd3 axb3?! 16.cxd5² the d5-pawn is defended! 15.Nxb3 15.cxd5? Nxd5µ There are several good moves; Botvinnik’s 15...Ne4³ is one of them.	Kotov	Botvinnik	Leningrad	1939	Kotov – Botvinnik, Leningrad 1939	594	594
822	rules-of-thumb	hard	6r1/2pb1rbk/1p1p1n1q/p2P1p2/2PBpP1P/P1N1Q2P/1P2BRR1/6K1 w - - 0 1	white	Rg5 Nxd5 Nxd5 Bxd4 Qxd4 Qxh4 Rfg2	g2g5 f6d5 c3d5 g7d4 e3d4 h6h4 f2g2	32.Rg5! The rook occupies a strong outpost, planning to double up. 32.Rg3?? is less logical from an abstract perspective, as the rook is less secure. Concretely, it loses outright to: 32...Nxd5! 33.Nxd5 Bxd4 34.Qxd4 Rxg3+ 32...Qxh4 33.Rfg2+– White threatens Bxf6 followed by Rh5+.	Botvinnik	Boleslavsky	Moscow	1940	Botvinnik – Boleslavsky, Moscow 1940	595	595
823	rules-of-thumb	hard	r3k2r/1bq1bppp/ppnppn2/5P2/P3P3/1NN5/1PP1B1PP/R1BQ1RK1 w kq - 0 1	white	fxe6 fxe6 Bh5+ g6 Bg4	f5e6 f7e6 e2h5 g7g6 h5g4	12.fxe6 fxe6 13.Bh5+! Black surely regretted the decision to delay short castling. 13...g6 A weakness that Black is not happy with. 14.Bg4±	Botvinnik	Konstantinopolsky	Moscow	1940	Botvinnik – Konstantinopolsky, Moscow 1940	595	595
824	rules-of-thumb	hard	5rk1/5ppp/1pqr2n1/p2p4/P2P4/2PNRQP1/1P5P/4R1K1 w - - 0 1	white	h4 f6 h5 Nh8 Nf4 Rfd8 Nxd5	h2h4 f7f6 h4h5 g6h8 d3f4 f8d8 f4d5	26.h4! Harassing the knight. 26.Ra1? is the only way to defend the a-pawn, but it looks stupid. 26...f6± was the game continuation. Black should avoid 26...Qxa4? 27.h5 Nh8 28.Nf4 Qc6 29.Re5 Rfd8 30.Nxd5+– when White regains the pawn with a winning position. 26...Rfd8 27.h5 Rf6!² followed by ...Nf8 was Black’s best chance to resist.	Botvinnik	Boleslavsky	Leningrad/Moscow	1941	Botvinnik – Boleslavsky, Leningrad/Moscow 1941	596	596
825	rules-of-thumb	hard	r4rk1/4qpp1/p3bn1p/npppp3/4P2N/2PP1Q2/PPB2PPP/R1B2RK1 w - - 0 1	white	exd5 Nh5 Nf5 Qf6	e4d5 f6h5 h4f5 e7f6	15.exd5! Disturbing Black’s coordination. Neither the knight nor the bishop wants to leave its current square. 15.Qg3?? loses the knight after: 15...Nh5–+ 15...Nxd5 15...Bxd5 leaves f5 undefended, and after 16.Nf5!± White will follow up with Qh3, with the plan to sacrifice on h6. 16.Qg3 Qf6 Keeping h6 and e5 defended. 17.f4ƒ	Alekhine	Bogoljubow	Munich	1941	Alekhine – Bogoljubow, Munich 1941	596	596
826	rules-of-thumb	hard	r1b1k2r/pp3ppp/2p5/2npP3/5P2/2P1P1Pq/P1B2K1P/R1BQ3R b kq - 0 1	black	Bf5	c8f5	14...Bf5–+ Gaining access to e4.	Makogonov	Botvinnik	Sverdlovsk	1943	Makogonov – Botvinnik, Sverdlovsk 1943	597	597
827	rules-of-thumb	hard	r4r2/2p2p1k/1p1p2pp/1PnPp1q1/p1P1P1P1/P3NPR1/3Q3P/4R2K b - - 0 1	black	Rh8 Nf5 h5 h4 hxg4 fxg4 Qxh4+	f8h8 e3f5 h6h5 h2h4 h5g4 f3g4 g5h4	26...Rh8! Preparing to attack along the h-file. 26...Kg7 is the right idea but wrong timing: 27.Nf5+ (No damage done, as Black can repeat.) 27.Qe2 Kg7 28.Ng2 28.Nf5+ Kf8–+ shows why it’s better to start with the rook. 28...h5 29.h4 hxg4 30.fxg4 Rxh4+! 31.Nxh4 Rh8 32.Kg2 Qxh4–+ White soon had to resign. Max Euwe “Strategy requires thought; tactics require observation.”	Guimard	Euwe	Groningen	1946	Guimard – Euwe, Groningen 1946	598	598
828	rules-of-thumb	hard	r1b2rk1/1p2qppp/2p2n2/p7/4p2Q/P1B1P3/BP3PPP/4RRK1 w - - 0 1	white	f3 exf3 Rxf3 Be6 Bb1	f2f3 e4f3 f1f3 c8e6 a2b1	White has sacrificed a pawn, and has strong bishops and a lead in development as compensation. 20.f3 Opening the f-file and the b1-h7-diagonal. 20.Bxf6? Qxf6 21.Qxf6 gxf6 22.f3 fails to win back the pawn: 22...exf3 23.Rxf3 Be6!³ 20...Nd5?! The best defence was: 20...exf3! 21.Bb1 Re8!² 21.Qxe7 Nxe7 22.fxe4±	Botvinnik	Euwe	The Hague/Moscow (2)	1948	Botvinnik – Euwe, The Hague/Moscow (2) 1948	599	599
829	rules-of-thumb	hard	r3rnk1/1b1b1pbp/1qp3p1/p1n1p3/2P1P3/1PB2NPP/P1Q1NPB1/2R2RK1 b - - 0 1	black	f5 Nd2 Nfe6 exf5 Nd4	f7f5 f3d2 f8e6 e4f5 e6d4	19...f5! This pawn thrust is more common with a closed centre. However, it’s strong here due to the clumsiness of White’s set-up with the knight on e2, bishop on c3 and rook on c1. The weak d4-square is also there after 19...f6³, but Black’s advantage is smaller than in the game. 20.Nd2 Nfe6µ White’s last move took away the pressure on the e5-pawn, making this possible. After 21.exf5? Nd4!–+ Black will take back on f5 with the bishop.	Ratner	Petrosian	Gorky	1950	Ratner – Petrosian, Gorky 1950	599	599
830	rules-of-thumb	hard	2kr3r/1p1bbNpp/p3p3/3pPn2/8/3N4/3P1PPP/R1B1R1K1 w - - 0 1	white	Ba3 Bxa3 Rxa3 Nd4 Rc3+ Kb8 Nc5 Bb5 f4 Rc8	c1a3 e7a3 a1a3 f5d4 a3c3 c8b8 d3c5 d7b5 f2f4 d8c8	24.Ba3!± White will win the exchange anyway, and Smyslov exchanges the bishop pair to increase the power of the rooks. 24.Nxh8 may transpose, but unless you have a good reason, it’s better to delay capturing one of the rooks. It may win a tempo. 24...Rxh8 25.Ba3 Let’s look for a difference compared to the game continuation. 25...Bxa3 26.Rxa3 Nd4 27.Rc3+ Kb8 28.Nc5?! Bb5 29.f4 Black should not win the exchange back, since White’s e-pawn becomes too strong. But it’s possible to use the rook actively with: 29...Rc8 This would not have been possible in the analogous line when White delays capturing on h8.	Smyslov	Flohr	Budapest	1950	Smyslov – Flohr, Budapest 1950	600	600
831	rules-of-thumb	hard	2r2rk1/1bq1bppp/p2p1n2/np2p3/3PP3/3B1N1P/PP3PP1/R1BQRNK1 b - - 0 1	black	d5 exd5 e4 Bxe4 Nxe4 Rxe4 Bxd5 Re1 Nc6 Be3 Bb4 N1d2	d6d5 e4d5 e5e4 d3e4 f6e4 e1e4 b7d5 e4e1 a5c6 c1e3 e7b4 f1d2	15...d5! If it works tactically to strike in the centre with a fianchettoed bishop (or two), it’s usually a good idea since it extends the diagonal. On this occasion, it involves a pawn sacrifice. 16.exd5 e4! 16...exd4 helps White’s knight forward: 17.Nxd4 Nxd5 18.Nf5² 17.Bxe4 Nxe4 18.Rxe4 Bxd5 19.Re1 Qb7© The threats against the f3-knight and d4-pawn provide full compensation. Also possible is: 19...Nc6 20.Be3 Bb4 21.N1d2 f5!©	Unzicker	Euwe	Düsseldorf	1951	Unzicker – Euwe, Düsseldorf 1951	601	601
832	rules-of-thumb	hard	6k1/5pb1/bpq1p1p1/p2nP1B1/7Q/P4NP1/1P3PB1/6K1 w - - 0 1	white	Bh6 Bf8 Qd8 Kh7 Ng5+	g5h6 g7f8 h4d8 g8h7 f3g5	29.Bh6 Weakening Black’s king, preparing Bxg7 and Ng5. 29...Bf8 29...Bh8?? 30.Qd8+ Kh7 and White wins in many ways, the fastest being 31.Ng5+ with mate in five. Black could have escaped to a pawn-down endgame with: 29...Bxh6 30.Qxh6 Qc2 31.Ng5 Qd1+ 32.Kh2 Qh5+ 33.Qxh5 gxh5 34.Bf3 30.Bxf8 Kxf8 31.Ng5+–	Botvinnik	Ragozin	Moscow (Training)	1951	Botvinnik – Ragozin, Moscow (Training) 1951	601	601
833	rules-of-thumb	hard	2r5/p1r3kp/1p1q2p1/3pNp2/P2pn3/1P1QP1P1/2R2P1P/2R3K1 w - - 0 1	white	exd4	e3d4	29.exd4!² Black’s king is weaker, and White can kick away the knight with f2-f3. To capture with the queen on d4 (and keep Black’s isolated pawn), White needs to give up the c-file: 29.Rxc7+ Rxc7 30.Rxc7+ Qxc7 31.Qxd4 Black has sufficient counterplay after 31...Qc2= or by offering a queen exchange. This time, a dynamic factor (the c-file) is more important than a static factor (pawn structure). Mikhail Botvinnik “I only think well when my mind is calm.”	Botvinnik	Bronstein	Moscow (7)	1951	Botvinnik – Bronstein, Moscow (7) 1951	602	602
834	rules-of-thumb	hard	r2qk2r/1p1n1ppp/4pn2/p4b2/PpBP4/1Q2PN2/1P3PPP/R1B2RK1 w kq - 0 1	white	Ne1	f3e1	12.Ne1!² Planning f2-f3 and e3-e4, while the knight can continue to d3.	Euwe	Rico Gonzalez	Gijon	1951	Euwe – Rico Gonzalez, Gijon 1951	603	603
835	rules-of-thumb	hard	rn2r1k1/1b1q1ppp/pp3n2/1P1p4/PbpP1N2/2N1P3/1BQ1BPPP/RR4K1 w - - 0 1	white	Ba3 Bxa3 Rxa3	b2a3 b4a3 a1a3	17.Ba3 It is logical for White to act on the queenside, which may be opened after ...axb5, and it’s also good to exchange the bishop before Black has time for ...Bd6xf4. 17...Bxa3 18.Rxa3² Black should close the queenside with ...a6-a5. In the resulting position White stands better due to the additional queenside space, more active bishop and more flexible pawn structure.	Botvinnik	Moiseev	Moscow	1951	Botvinnik – Moiseev, Moscow 1951	603	603
836	rules-of-thumb	hard	rnb4r/p3kppp/1p2pn2/2p5/1bP2N2/2N1P3/PP1B1PPP/R3KB1R w KQ - 0 1	white	a3 Ba5 b4 cxb4 axb4 Bxb4 Ncd5+ Nxd5 Nxd5+ exd5 Bxb4+	a2a3 b4a5 b2b4 c5b4 a3b4 a5b4 c3d5 f6d5 f4d5 e6d5 d2b4	10.a3! Forcing Black to part with the bishop – it has to be done before the knight has reached c6. 10...Ba5?! 10...Bxc3 11.Bxc3² 11.b4! cxb4 12.axb4 Bxb4 13.Ncd5+! Nxd5 14.Nxd5+ exd5 15.Bxb4+± The resulting position suits the bishop pair.	Smyslov	Stoltz	Bucharest	1953	Smyslov – Stoltz, Bucharest 1953	604	604
837	rules-of-thumb	hard	r1bqr1k1/5pbp/p2p1np1/2nP4/PpQ1P3/5N1P/1P3PP1/RNB1RBK1 b - - 0 1	black	a5 Nbd2 Ba6 Qc2 Bxf1 Kxf1 Rc8 Qb1 Qb6	a6a5 b1d2 c8a6 c4c2 a6f1 g1f1 a8c8 c2b1 d8b6	16...a5! Getting active with ...Ba6 and ...Rc8 is more important than immediately regaining the pawn. 16...Nfxe4 17.Nbd2= was the game. 17.Nbd2 Ba6 18.Qc2 Bxf1 19.Kxf1 Rc8 20.Qb1 The only move that keeps the pawn. 20...Qb6–+ The queen goes to a6 next.	Taimanov	Petrosian	Gagra (Training)	1953	Taimanov – Petrosian, Gagra (Training) 1953	604	604
838	rules-of-thumb	hard	r4rk1/pp3ppp/5nn1/2pPpB2/2P5/P3PP2/5P1P/R1B2RK1 b - - 0 1	black	Nh4 Be4 Nxe4 fxe4 f5 exf5 Nf3+ Kg2 e4	g6h4 f5e4 f6e4 f3e4 f7f5 e4f5 h4f3 g1g2 e5e4	18...Nh4 Either winning a pawn or exchanging one half of the bishop pair. 19.Be4 Nxe4 20.fxe4 f5 Playing for the light squares. 21.exf5 Nf3+! The game went 21...e4 and now 22.f4! exf3 23.e4µ saw Taimanov limit the damage. 22.Kg2 e4–+ Black has full light-square control and White’s king is in some danger.	Taimanov	Euwe	Zurich	1953	Taimanov – Euwe, Zurich 1953	605	605
839	rules-of-thumb	hard	rnbq1rk1/1p3pbp/p4np1/3pp3/2P5/1PNBP3/PB3PPP/RN1Q1RK1 b - - 0 1	black	d4 c5 Ne4	d5d4 c4c5 f6e4	11...d4! Smyslov’s 11...dxc4 should have been met by 12.bxc4! to avoid ...b7-b5. Black has nice squares (c5 and c6), but so does White (d5). 12.exd4 exd4 13.Ne4 Nc6³ The d-pawn is not only isolated, but also passed, which makes it harder for White to keep control over d3 in the long run. White is not active enough to push the queenside majority.	Kotov	Smyslov	Zurich	1953	Kotov – Smyslov, Zurich 1953	606	606
840	rules-of-thumb	hard	1qr1r1k1/5pb1/p1bR2pp/4p2n/2p1P3/2B2NPP/PPB1QPK1/4R3 w - - 0 1	white	Rxc6 Rxc6 Ba4 Qc7 Bxc6 Qxc6 Rc1 Nf6 Nd2	d6c6 c8c6 c2a4 b8c7 a4c6 c7c6 e1c1 h5f6 f3d2	29.Rxc6! White was clearly better after Smyslov’s 29.Red1, but the text move is the best way to increase White’s advantage. 29...Rxc6 30.Ba4 The exchanges make the c4-pawn vulnerable, and/or provide entrance squares on the d-file. 30...Qc7 30...Rec8 31.Bxc6 Rxc6 32.Rd1+– 31.Bxc6 Qxc6 32.Rc1 Nf6 33.Nd2+–	Smyslov	Kluger	Amsterdam (Ol)	1954	Smyslov – Kluger, Amsterdam (Ol) 1954	606	606
841	rules-of-thumb	hard	r1bq1rk1/pp3ppp/4pb2/2p1N3/1nB1Q3/1P2P3/P2P1PPP/R1B2RK1 b - - 0 1	black	Rb8 Bb5 Bxe5 Rb1 Qd7 Bb2 Nd5	a8b8 c4b5 f6e5 a1b1 d8d7 c1b2 b4d5	13...Rb8! Black prepares to put the bishop on its best square. There is a short line to calculate. 13...Bd7= was played. 13...b5!? is a nice try, but the main move is better. 14.Bxb5 Bb7 15.Qxb7 Bxe5 16.Rb1 Rb8 17.Qe4! (17.Qd7 Qa5µ) 17...Bxh2+ 18.Kxh2 Rxb5 19.Bb2÷ Black can grab a pawn but White’s strong bishop provides compensation. 14.a3 b5! 14...Nd5= 15.axb4 bxc4³ White might win a pawn (on a7), but Black’s passed b-pawn and active bishops are more important.	Smyslov	Sliwa	Lodz	1955	Smyslov – Sliwa, Lodz 1955	607	607
842	rules-of-thumb	hard	1rbq1rk1/2p1ppbp/3p1np1/1p1P4/1Pn5/2N1BNPP/P3PPB1/R2Q1RK1 w - - 0 1	white	Ba7 Ra8 Nxb5 Bd7 a4 e5	e3a7 b8a8 c3b5 c8d7 a2a4 e7e5	13.Ba7! Misplacing Black’s rook before putting the bishop on d413...Rb7 13...Ra8 14.Nxb5 Bd7 15.a4+– (or 15.Nfd4+–) 14.Bd4² 14...e5 is less effective with the rook on b7. (Petrosian played it nevertheless.) Vasily Smyslov “I have frequently stated that I regard chess as an art form, where creativity prevails over other factors.”	Smyslov	Petrosian	Amsterdam/Leeuwarden	1956	Smyslov – Petrosian, Amsterdam/Leeuwarden 1956	608	608
843	rules-of-thumb	hard	2r1r1k1/ppqnppbp/2p3p1/8/2pP4/1P4P1/PBQ1PPKP/2RRN3 w - - 0 1	white	Qxc4 e5 e3 e4 f3	c2c4 e7e5 e2e3 e5e4 f2f3	19.Qxc4!² To be able to answer ...e7-e5 with d4-d5. After 19.bxc4 e5= White will either be left with an isolated pawn on the c- or d-file, or allow 20.e3?! e4³ when White’s knight is ridiculous, unless f2- f3 is played (which gives Black the e4-square).	Botvinnik	Stahlberg	Moscow (Ol)	1956	Botvinnik – Stahlberg, Moscow (Ol) 1956	609	609
844	rules-of-thumb	hard	r4rk1/1ppn1qp1/p1n1b2p/2P1pp2/7N/P2P2P1/1B2PPBP/2RQ1RK1 w - - 0 1	white	f4 exf4 gxf4 g5 Nxf5 Bxf5 Qb3	f2f4 e5f4 g3f4 g7g5 h4f5 e6f5 d1b3	17.f4± Not allowing ...f5-f4, and preparing to put pressure on f5 after f4xe5. 17...exf4 18.gxf4± This simple recapture is strong enough to justify White’s previous move. However, 18.Rxf4! was even stronger, thanks to the following tactical justification: 18...g5? 19.Nxf5! Threatening a fork on h6, so Black has no time to capture the rook. 19...Bxf5 20.Rxf5 Qxf5 21.Qb3+ Rf7 22.Rf1 Qg6 23.Rxf7 Qxf7 24.Bd5 Winning the queen.	Botvinnik	Benkner	Moscow (Ol)	1956	Botvinnik – Benkner, Moscow (Ol) 1956	609	609
845	rules-of-thumb	hard	r2r2k1/5pp1/p1p1nq1p/1pb1p3/P3P2P/2P2BP1/1P1BQPK1/3R1R2 w - - 0 1	white	a5 Be3 Bc1	a4a5 c5e3 d2c1	21.a5!± Avoiding ...bxa4 (even though that isn’t the most dangerous threat), while keeping the a-file closed and fixing the pawn on a6. White continues with Bg4, b2-b4 and Be3, with the ultimate plan to infiltrate on the queenside – perhaps with Qb6. Instead, Smyslov played 21.Bc1 and there slowly followed exchange after exchange with a draw.	Smyslov	Keres	Moscow	1956	Smyslov – Keres, Moscow 1956	610	610
846	rules-of-thumb	hard	r4rk1/p2n2qp/1pp2b2/3p1pp1/1PbP4/4B1P1/PN1QPPBP/R4RK1 b - - 0 1	black	Ba6 b5 Kh8 Rad1	c4a6 b4b5 g8h8 a1d1	20...Ba6! This retreat is forced, to avoid activating White’s bishop on g2. The game went: 20...b5? This is a good positional idea, but concretely it doesn’t work, as White can undermine the pawn centre. 21.Nxc4 bxc4 22.b5! If only the king was on h8, Black could have taken on b5. 22...Nb6 23.bxc6+– Black does not have a convenient way to regain the pawn, as a4-a5 attacks the d5-pawn once again. 21.a4 Kh8 22.Rad1²	Sliwa	Smyslov	Moscow	1956	Sliwa – Smyslov, Moscow 1956	611	611
847	rules-of-thumb	hard	3r3r/kb6/pq1b2pp/4pp2/2B5/1N3P2/PP2Q1PP/1KR1R3 w - - 0 1	white	Red1 e4 Bd5 Bb4 a4 Qc5 Rxc5	e1d1 e5e4 c4d5 d6b4 a2a4 b6c5 c1c5	27.Red1! Using the worse-placed rook to prepare the exchange of bishops. 27.Rcd1?! e4 28.Bd5 Bb4 and Black wins material. 27...e4 27...Bb8 prevents Bd5, but allows 28.a4÷ followed by a4-a5, a check on the diagonal and Qc5 or Nc5. 28.Bd5! Bf4 29.Rc5!= Smyslov gave up the exchange with 29.Bxb7? and lost.	Smyslov	Botvinnik	Moscow (4)	1957	Smyslov – Botvinnik, Moscow (4) 1957	611	611
848	rules-of-thumb	hard	1rbqnrk1/1p2ppbp/p5p1/n1pPN3/2P5/2NQ2P1/PP3PBP/R1B1R1K1 b - - 0 1	black	f6 Qe2	f7f6 d3e2	13...f6 13...Nd6 was played. White stands better, especially after 14.Qe2! hitting the e7- and c5- pawns with Ne5-d3. 14.Nf3 e5!= With a tactical detail (seeing that capturing en passant loses the queen), Black avoids the backward pawn on e7.	Euwe	Yanofsky	Munich (Ol)	1958	Euwe – Yanofsky, Munich (Ol) 1958	612	612
849	rules-of-thumb	hard	3r2k1/p2r1ppp/2p1pq2/1p1n4/3P1P2/1BP3PP/PP2Q3/1K1RR3 b - - 0 1	black	b4 Bxd5 bxc3 Qd3 Qg6 Kc2	b5b4 b3d5 b4c3 e2d3 f6g6 b1c2	20...b4!³ 21.Bxd5?! Trying to avoid a weak pawn on d4 or c3. 21.Qf3?! bxc3µ was the game. 21.cxb4 is the best try although 21...Nxb4³ is no fun for White. 21...Rxd5 22.cxb4 Qg6+! Taking on d4 would give Black some advantage, but the text move is much stronger. 23.Qd3 To defend the g3- pawn. 23...Rxd4! 24.Qxg6 Rxd1+ 25.Rxd1 Rxd1+ 26.Kc2 fxg6! 27.Kxd1 White can’t create a passed pawn on the queenside, but Black can on the other wing. 27...Kf7 28.Ke2 g5! 29.fxg5 Kg6 30.h4 Kf5–+ A single passed pawn is better than two doubled pawns.	Matanovic	Petrosian	Kyiv	1959	Matanovic – Petrosian, Kyiv 1959	613	613
850	rules-of-thumb	hard	1q2r1k1/R1rbbppp/3p1n2/1p1Pp3/4P3/3BBN1P/1P3PP1/4R1K1 w - - 0 1	white	Ra6	a7a6	24.Ra6!± Keeping the active rook. White will soon send the other rook to a1, while Black has no entrance square on the c-file. 5. Hard Challenge Exercise 851-900	Tal	Krogius	Tbilisi	1959	Tal – Krogius, Tbilisi 1959	613	613
851	rules-of-thumb	hard	r3k2r/1bqp1ppp/p7/1p1pP3/3Q4/P5P1/1PP1B2P/2KR1R2 w kq - 0 1	white	e6 O-O Bh5 dxe6 Qxg7+	e5e6 e8g8 e2h5 d7e6 d4g7	18.e6! Very natural, but some thought is needed. 18...0-0 18...fxe6 tries to castle long, but runs into: 19.Bh5+; 18...dxe6 19.Qxg7 Rf8 was the game. White subsequently mishandled his advantage and lost, but he could have won by stopping long castling: 20.Bg4! 0-0-0 This loses tactically, but Black’s position was untenable anyway. 21.Bxe6+ fxe6 22.Qxf8! Rxf8 23.Rxf8+ Kd7 24.Rf7+ Kd6 25.Rxc7+– 19.exf7+ Rxf7 Black’s king is weak – and just compare the bishops! – but there’s nothing decisive. 20.Rxf7 Kxf7 21.Rf1+ Kg8 22.Qf2 d6 23.Bh5±	Nezhmetdinov	Tal	Tbilisi	1959	Nezhmetdinov – Tal, Tbilisi 1959	615	615
852	rules-of-thumb	hard	2b2rk1/4q1bp/p1Qp2p1/2pP1p2/2P1p3/P1N1P1P1/3B1P1P/1R4K1 b - - 0 1	black	f4 Rb8 fxe3 Be1 exf2+	f5f4 b1b8 f4e3 d2e1 e3f2	25...f4! Aiming for the weak light squares. 26.Rb8 26.exf4 is how White wants to capture, but it loses material: 26...e3 27.fxe3 (27.Be1 exf2+ 28.Kxf2 Bd4+–+) 27...Bxc3 28.Bxc3 Qxe3+–+; 26.gxf4 Qh4 is almost mate. 26...Bh3 Black’s queen infiltrates via the b-file. 26...fxe3 also gives a winning position. 27.Rxf8+ Qxf8 28.exf4 Qb8!–+ Mikhail Tal “Just as one’s imagination is stirred by a girl’s smile, so is one’s imagination stirred by the possibilities of chess.”	Benko	Tal	Bled/Zagreb/Belgrade	1959	Benko – Tal, Bled/Zagreb/Belgrade 1959	616	616
853	rules-of-thumb	hard	2r1r1k1/1pqn1pp1/p4n1p/4pP2/8/1BN1R1Q1/PPP3PP/2KR4 b - - 0 1	black	Nc5 Nd5	d7c5 c3d5	22...Nc5!³ Threatening the bishop (with check) before White has time for Nd5 and Bxd5.	Tan	Petrosian	Beverwijk	1960	Tan – Petrosian, Beverwijk 1960	617	617
854	rules-of-thumb	hard	r1b2b1r/p1q2k1p/4ppn1/2pp3Q/3N1P2/2PB4/PP4PP/R1B1K2R b KQ - 0 1	black	cxd4 Bxg6+ hxg6 Qxh8 dxc3	c5d4 d3g6 h7g6 h5h8 d4c3	15...cxd4! Ignoring White’s threat. 15...Kg7÷ 16.Bxg6+ hxg6 16...Kg7= 17.Qxh8 dxc3–+ For the exchange, Black got a pawn, an offside white queen, and White’s king stuck in the centre. (Castling is met by ...Qb6+ and ...cxb2.) The positional evaluation is that the position is too open to give any chances for White to survive. Tigran Petrosian “Even the most distinguished players have in their careers experienced severe disappointments due to ignorance of the best lines or suspension of their own common sense.”	Bronstein	Petrosian	Leningrad	1960	Bronstein – Petrosian, Leningrad 1960	617	617
855	rules-of-thumb	hard	rn2k2r/p4p2/2p2n1p/1p4p1/3Pp3/q1P2P2/2Q1NBPP/4RK1R w kq - 0 1	white	h4 Qa4 g4 exf3 Nf4+ Kf8 hxg5	h2h4 a3a4 g2g4 e4f3 e2f4 e8f8 h4g5	17.h4! Activating a piece (a positional factor). White makes use of the rook on h1 before deciding how to act in the centre. 17.fxe4 Qa4!÷ 17...gxh4 17...g4 18.fxe4 Qa4 19.Qd2+– The white queen is much stronger compared to the 17.fxe4 line above, as the f4-square and h6-pawn have been weakened by ...g5-g4. 17...exf3? is as bad as it looks. One way: 18.Nf4+ Kf8 19.hxg5+– 18.Bxh4+– Other captures were equally strong.	Botvinnik	Tal	Moscow (7)	1961	Botvinnik – Tal, Moscow (7) 1961	618	618
856	rules-of-thumb	hard	2r2bk1/1b5p/pn3rp1/1ppPpp2/4P3/1PN1BP2/PK2B1PP/2R4R w - - 0 1	white	a4 bxa4 b4 c4	a2a4 b5a4 b3b4 c5c4	22.a4! Taking action on the queenside before Black does it (...c5-c4). 22...bxa4 22...b4 23.Nb1+– leaves White with a great square on c4 and a weak pawn on c5. 23.bxa4+– White will win the b-file.	Botvinnik	Tal	Moscow (13)	1961	Botvinnik – Tal, Moscow (13) 1961	619	619
857	rules-of-thumb	hard	r2q1rk1/pp2bppp/2n1bn2/3pN3/2pP4/2N1B1P1/PP2PPBP/R2Q1RK1 w - - 0 1	white	Nxc4 dxc4 d5 Nxd5 Nxd5	e5c4 d5c4 d4d5 f6d5 c3d5	11.Nxc4! dxc4 12.d5 To avoid getting a weak pawn, Black needs to take on d5. 12...Nxd5 13.Nxd5² White has a powerful knight; and if Black exchanges it, the bishop pair will be strong.	Botvinnik	Unzicker	Oberhausen	1961	Botvinnik – Unzicker, Oberhausen 1961	619	619
858	rules-of-thumb	hard	3rk2r/pp2qppp/2p1p3/3n4/2BPQ3/7P/PPP2PP1/1K1R3R b k - 0 1	black	b5 Bd3 b4	b7b5 c4d3 b5b4	15...b5! Black delays castling to be the first to launch his pawns against the opponent’s king. 15...0- 0= 16.Bd3 No mating threat on h7. 16.Bxd5 gives Black a pleasant choice. 16...cxd5 followed by short castling and advancing the queenside pawns looks promising; as does 16...Rxd5 with pressure on the d-pawn. White will be reluctant to play c2-c3, as this will invite Black to prepare ...b5-b4. 16...b4ƒ Stopping White’s c-pawn from moving. 16...a5 was played in the game.	Fischer	Petrosian	Bled	1961	Fischer – Petrosian, Bled 1961	620	620
859	rules-of-thumb	hard	r4rk1/4bppp/1q1p4/1p1QpP2/4P3/1N6/1PP3PP/R4R1K b - - 0 1	black	Ra4 c3 Qa6	a8a4 c2c3 b6a6	White would be positionally winning with the knight on d5, but it’s too far away. 19...Ra4! Black puts pressure on the e4-pawn and is ready to take control over the a-file. 20.c3 If Black was allowed four free ‘quiet’ moves, they may be ...Rc8, ...Bg5, ...h7-h6 and ...Rcc4. Pursuing a minority attack to open files on the queenside with ...b5-b4 is also in the air. White can’t kick the rook away with the b- pawn, and 20.Rxa4? bxa4 enables Black to pick up the b2-pawn. 20...Qa6 Fischer beat Unzicker after only five more moves. Interestingly, Fischer had already reached the exact same position earlier the same year against Tal, who managed to manoeuvre his knight to d5 while losing a queenside pawn. That was enough to make a draw. Bobby Fischer “The turning point in my career came with the realization that Black should play to win instead of just steering for equality.”	Unzicker	Fischer	Varna (Ol)	1962	Unzicker – Fischer, Varna (Ol) 1962	620	620
860	rules-of-thumb	hard	r1b2rk1/5pb1/1q1p1np1/p1nPp1B1/1p2P1P1/5PN1/PP1Q1NB1/R4RK1 b - - 0 1	black	Nh7 Rfc1 Qd8	f6h7 f1c1 b6d8	19...Nh7! Fighting for the dark squares. After 19...Ba6 20.Rfc1 it was too late for ...Nh7 followed by ...Qd8-h4, not because c5 would be hanging but because White would have time for Bf1 and Kg2 to defend the knight on g3. 20.Be3 Qd8!³ Black follows up with ...Qh4, and then either ...f7-f5 or ...Bf6-g5.	Botvinnik	Penrose	Hastings	1962	Botvinnik – Penrose, Hastings 1962	621	621
861	rules-of-thumb	hard	3q2k1/5b1p/1pr2pp1/p2p4/3P2PP/1P1NQP2/P2R2K1/8 w - - 0 1	white	g5	g4g5	33.g5!± Weakening the e5-square.	Botvinnik	Petrosian	Moscow (14)	1963	Botvinnik – Petrosian, Moscow (14) 1963	622	622
862	rules-of-thumb	hard	3r1rk1/2pn2pp/1p2p2b/p3P2q/2P2p2/1P3NP1/PB2QPKP/3R1R2 w - - 0 1	white	Ba3 g5 h3 c5 Qe4	b2a3 g7g5 h2h3 c7c5 e2e4	23.Ba3! Forcing Black to choose between passivity (...Rfe8, leaving the open file), bad coordination (...Rf7, leaving the d8-rook undefended), or being deprived of the c5-square for the knight while weakening the d6-square (...c7-c5). 23.Qe4 g5 24.Qc6 Nc5„ 23...Rfe8 White is satisfied with the inclusion of the last two moves; no further calculation or evaluation is needed. 23...Rf7 temporarily creates a pin along the d-file. 24.h3+–; 23...c5 24.Qe4+– White follows up with Qc6 and Rd6 to collect material.	Petrosian	Botvinnik	Moscow (19)	1963	Petrosian – Botvinnik, Moscow (19) 1963	622	622
863	rules-of-thumb	hard	r3k2r/pbqnbppp/1p2p3/2ppP3/5B2/2PBPN2/PP3PPP/R2Q1RK1 b kq - 0 1	black	h6 Bh7 O-O-O h4 g6 Qe2 g5 h5 g4 Nd4 cxd4 cxd4 Nb8 Rfc1 Nc6 b4	h7h6 d3h7 e8c8 h2h4 g7g6 d1e2 g6g5 h4h5 g5g4 f3d4 c5d4 c3d4 d7b8 f1c1 b8c6 b2b4	12...h6! Starting an attack by harassing White’s pieces on the kingside. 12...Rg8? 13.Bxh7 is a safe pawn-grab. 12...0-0-0 allows the surprising: 13.h4! h6 (13...g6 is slower than 12...h6. Stockfish gives a surprising line: 14.Qe2 h6 15.Bg3 g5 16.h5 g4 17.Nd4! cxd4 18.cxd4 Nb8 19.Rfc1 Nc6 20.Bb5=) 14.h5! and Black’s g-pawn is halted. 13.b4 13.h4 g5µ 13...g5 14.Bg3 h5µ	Spassky	Petrosian	Moscow (7)	1966	Spassky – Petrosian, Moscow (7) 1966	623	623
864	rules-of-thumb	hard	2b1r1k1/1pqn1pbp/2p2np1/3pp3/1PP5/3P1NP1/2QNPPBP/B4RK1 w - - 0 1	white	cxd5 Nxd5 Rb1 b5 Qb3	c4d5 f6d5 f1b1 b7b5 c2b3	15.cxd5 Not allowing ...e5-e4 or ...d5-d4. White wants to improve the scope of the g2-bishop. 15...Nxd5 16.Rb1² 16.b5 cxb5 17.Qb3² was logical (but not necessarily better).	Petrosian	Najdorf	Santa Monica	1966	Petrosian – Najdorf, Santa Monica 1966	624	624
865	rules-of-thumb	hard	1rbqnrk1/5nbp/pp1p1pp1/2pP4/P1P2B1P/2N3P1/1P1N1PB1/R2QR1K1 b - - 0 1	black	g5 hxg5 Ne5	g6g5 h4g5 f7e5	18...g5! A risky move to force the bishop back and be able to put a knight on e5. As it comes with tempo, Black’s activity is more important than the weakness. 19.hxg5 19.Be3!? was worth considering, although Black still does well with 19...gxh4 20.gxh4 Ne5³ followed by ...Bg4 or ...f6- f5. 19...fxg5µ Opening the diagonal for the g7-bishop.	Najdorf	Petrosian	Santa Monica	1966	Najdorf – Petrosian, Santa Monica 1966	624	624
866	rules-of-thumb	hard	r1bqrbk1/1p1n1ppp/4p3/p3R3/2Pp4/PP1P2P1/1B3PBP/RN1Q2K1 w - - 0 1	white	Rb5 e5	e5b5 e6e5	15.Rb5!÷ The rook is useful (hitting b7 and supporting b3-b4), and the risk that it gets trapped in the future is something White has to accept to play actively. 15.Re1 e5³ The bishop on b2 is misplaced in the reversed Benoni structure.	Tal	Zhuravlev	Kharkov	1967	Tal – Zhuravlev, Kharkov 1967	625	625
867	rules-of-thumb	hard	r4rk1/1bp1qppp/pp1b4/1P1p4/P2Pn3/4PN2/2Q1BPPP/1RB2RK1 b - - 0 1	black	Rfc8	f8c8	16...Rfc8! Intending to open the c-file before White has completed development. White should still be close to equal, but in the game Spassky was unable to tame Petrosian’s initiative. 16...axb5 17.axb5 Rfc8 has the downside that White gets rid of the weak a4-pawn.	Spassky	Petrosian	Moscow (11)	1969	Spassky – Petrosian, Moscow (11) 1969	625	625
868	rules-of-thumb	hard	r2qr1k1/pp1nppbp/2p1b1p1/6B1/3P4/2PB1N1P/PP3PP1/R2QR1K1 w - - 0 1	white	Rxe6 fxe6 Qe2 e5 Bf4 Kh8 dxe5 Qc7 Re1	e1e6 f7e6 d1e2 e6e5 g5f4 g8h8 d4e5 d8c7 a1e1	16.Rxe6! fxe6 Black’s weak light squares and shattered structure are more than enough to compensate for the exchange. The key point is that Black’s rooks have no open files. 17.Qe2 e5 17...Nf8 18.Bf4+– White prepares Bc4 and Ng5. 18.Bc4+ Kh8 19.dxe5 Qc7 20.Re1! Keeping control. It’s hard for Black to do anything against h4-h5, and White is close to winning. 20.Bf7?! was the game move.	Tal	Kolarov	Kapfenberg	1970	Tal – Kolarov, Kapfenberg 1970	626	626
869	rules-of-thumb	hard	r7/pQq1b1pk/2p1pn1p/P3p3/4P3/2N1B2P/2P3P1/1R4K1 b - - 0 1	black	Qxa5 Qxa8 Qxc3 Qxa7 Nxe4 Qxe7 Qxe3+ Kh1 Nf2+ Kh2 Qf4+ Kg1 Nxh3+ gxh3 Qg3+	c7a5 b7a8 a5c3 a8a7 f6e4 a7e7 c3e3 g1h1 e4f2 h1h2 e3f4 h2g1 f2h3 g2h3 f4g3	22...Qxa5! After 22...Qd8 23.a6² it is possible to tactically defend the a7-pawn, but Black is still under some pressure. 23.Qxa8 Qxc3 24.Qxa7 Nxe4 The exchange sacrifice (Petrosian’s trademark) won a few pawns. Black’s pawn structure may not be pretty, but the pawns are still of some value – and more importantly, Black has reached an open position where it’s easy to create threats against the enemy king. Hübner should have gone for: 25.Qxe7 Qxe3+ 26.Kh1 Nf2+ 27.Kh2 Qf4+ 28.Kg1 Black can play on in a position with balanced chances, or go for an immediate draw with: 28...Nxh3+ 29.gxh3 Qg3+	Hübner	Petrosian	Seville (7)	1971	Hübner – Petrosian, Seville (7) 1971	627	627
870	rules-of-thumb	hard	2br1r1k/pp2q2p/2n2n2/b1p1pp2/2Pp3N/PP1P2P1/R2N1PBP/2BQR1K1 w - - 0 1	white	b4 cxb4 Nb3 Bb6 Bxc6 bxc6 axb4	b3b4 c5b4 d2b3 a5b6 g2c6 b7c6 a3b4	22.b4! Positionally, White wants to advance on the queenside, and tactically it is possible. 22...cxb4 23.Nb3 White threatens to win a piece with Bxc6. 23...Bb6 24.Bxc6! Best, but not the only move. 24...bxc6 25.axb4± The pawn can’t be taken and White threatens c4-c5 (winning the a7-pawn).	Petrosian	Korchnoi	Moscow	1971	Petrosian – Korchnoi, Moscow 1971	627	627
871	rules-of-thumb	hard	2r2rk1/1p1qb2p/p2pb1p1/4pp2/4P3/2PQ1B2/PP3PPP/R3RNK1 w - - 0 1	white	exf5 Bd8 Bd5 e4	e4f5 e7d8 f3d5 e5e4	19.exf5 A necessary move to exchange the bishops and avoid Black’s easy kingside expansion. In the game, there followed 19.Ne3?! f4 20.Nd5 Bd8³ when White had a nice square, but not much to do as Black pushed the pawns on the kingside. 19...gxf5 20.Bd5 f4!?² Prophylaxis against Ne3. Due to Black’s restricted bishop, and the weak squares on d5 and e4, White is still better.	Tal	Grigorian	Leningrad	1971	Tal – Grigorian, Leningrad 1971	628	628
872	rules-of-thumb	hard	2q2rk1/p1rn1ppp/1p2pn2/8/Q2P4/2P2N2/P2B1PPP/2RR2K1 b - - 0 1	black	Rc4 Qxa7 Qc6 Qa3 Rc8 Ne5	c7c4 a4a7 c8c6 a7a3 f8c8 f3e5	17...Rc4! The light squares are worth more than the pawn on a7. Putting the rook on c4 stops c3-c4, since it’s difficult for White to challenge the rook with the knight. 17...Ne4 18.c4= 18.Qxa7 Qc6 19.Qa3 Rc8 White can’t do anything active and only hopes to hold on to the extra pawn for as long as possible. It’s not necessary to know how much better Black is. By the way, 20.Ne5?! would be a mistake, as White would be exchanging the last minor piece that can challenge the light squares.	Taimanov	Karpov	Moscow	1973	Taimanov – Karpov, Moscow 1973	629	629
873	rules-of-thumb	hard	r1bq1rk1/1p3pp1/1n1bpn1p/p1p1B3/P2P4/1B3N2/1PP1QPPP/2KR2NR b - - 0 1	black	c4 Bxc4 Nxa4	c5c4 b3c4 b6a4	13...c4! The pawn exchange keeps the d-file closed, and starts to open things up around White’s king. 14.Bxc4 Nxa4µ 14...Nxc4 15.Qxc4 Nd5µ was also possible.	Tal	Petrosian	Moscow	1973	Tal – Petrosian, Moscow 1973	629	629
874	rules-of-thumb	hard	4rrk1/1bq3bp/ppnppn2/5p2/2P2P2/2NB1N1P/PP1B2P1/2R2RQK w - - 0 1	white	Nd5 Qd8 Nxf6+ Rxf6	c3d5 c7d8 d5f6 f8f6	19.Nd5! Qd8 19...exd5? 20.cxd5+– gives Black a ruined pawn structure. 20.Nxf6+! You need to have planned this move to have fully solved the exercise. The game continued 20.Qxb6 Qxb6 21.Nxb6 Ne4 with reasonable compensation for Black. One important detail is that White has to part with a bishop to hold on to the extra pawn. 20...Rxf6² White is happy with the knight exchange. With fewer minor pieces on the board it becomes easier to attack the d6-pawn, and Black no longer has the option of sending the f6-knight via h5 to g3.	Garcia Martinez	Karpov	Madrid	1973	Garcia Martinez – Karpov, Madrid 1973	630	630
875	rules-of-thumb	hard	3rr1k1/pbp1qpp1/1p5p/2P1n3/4p1P1/2Q1B2P/PP2PPB1/1K1R3R b - - 0 1	black	Bd5	b7d5	19...Bd5!ƒ Eyeing the a2-pawn, with ...Qe6 coming next. Closing the d-file also avoids a rook exchange on d8, which would leave the knight on e5 less stable.	Larsen	Petrosian	Milan	1975	Larsen – Petrosian, Milan 1975	631	631
876	rules-of-thumb	hard	r1r5/p2k2bp/1p2ppp1/3n4/8/P2P2P1/1B1NPPKP/2R2R2 b - - 0 1	black	Bh6 e3 Bxe3 fxe3 Nxe3+ Kf3 Nxf1 Nxf1 Rxc1 Bxc1 Rc8	g7h6 e2e3 h6e3 f2e3 d5e3 g2f3 e3f1 d2f1 c8c1 b2c1 a8c8	22...Bh6! 23.e3 Giving up the c-file would be devastating. 23...Bxe3! 24.fxe3 Nxe3+ 25.Kf3 Nxf1 26.Nxf1 White would have liked to keep the rooks, but it loses material. 26...Rxc1 27.Bxc1 Rc8–+ After a small tactical sequence, it’s time to evaluate the position. The two minor pieces are not working together and they can’t stop Black’s rook from invading. It’s over.	Hübner	Karpov	Tilburg	1977	Hübner – Karpov, Tilburg 1977	631	631
877	rules-of-thumb	hard	3r1rk1/3np1bp/pqp3p1/1p1bP3/8/2Q2BB1/PP1N1PPP/R1R3K1 w - - 0 1	white	Bxd5+ cxd5 Nf3	f3d5 c6d5 d2f3	19.Bxd5+ Consider what you get instead of what you have. 19.b4?! is a positional move to keep the c6-pawn backwards, but it fails to achieve its objective after: 19...Bxf3 20.Nxf3 c5! 21.bxc5 Nxc5 Black has equalized, with 22.Qxc5?? Rd1+ the tactical justification. But even if the b2-b4 idea worked, opening the c-file secures a bigger advantage. 19...cxd5 20.Nf3± White can follow up by offering a queen exchange on c6 or c7, or by improving the rooks in some way.	Petrosian	Gulko	Vilnius	1978	Petrosian – Gulko, Vilnius 1978	632	632
878	rules-of-thumb	hard	2rr1k2/1bqnbpp1/pp1p3p/4pP2/Pn2P2P/2N2BP1/1PPR1B2/2NRQ2K w - - 0 1	white	Qg1 d5 exd5 Nf6	e1g1 d6d5 e4d5 d7f6	26.Qg1!± A prophylactic move, directed against any central counterplay. White will continue with N1e2 and perhaps b2-b3, before preparing to attack on the kingside. 26.N1e2 d5! 27.exd5 Nf6„ is the key idea which Karpov’s move prevents. Anatoly Karpov “My studies with Botvinnik brought me immense benefit, particularly the homework assignments which forced me to refer to chess books and to work independently.”	Karpov	Bukic	Bugojno	1978	Karpov – Bukic, Bugojno 1978	633	633
879	rules-of-thumb	hard	4rrk1/1b1nq1bp/pp1pp1p1/2p2P2/2PP4/P1N2NPP/1P2QRPK/1B3R2 b - - 0 1	black	exf5 d5 Qe6 Qxe6+ Rxe6	e6f5 d4d5 e7e6 e2e6 e8e6	20...exf5!µ With the strong bishop on g7 and control over the e-file, Black stands much better. 20...gxf5? 21.d5=; 20...cxd4 21.Qxe6+ Qxe6 22.fxe6 Nc5 23.Nd5 Rxe6µ is promising for Black, but not to the same extent as the main move.	Spassky	Karpov	Montreal	1979	Spassky – Karpov, Montreal 1979	634	634
880	rules-of-thumb	hard	3rr1k1/1b2ppbp/1qp1nnp1/p7/P1QP4/1P3BNP/1BP2PP1/R3R1K1 w - - 0 1	white	Rxe6 fxe6 Qxe6+ Kh8	e1e6 f7e6 c4e6 g8h8	17.Rxe6! fxe6 18.Qxe6+ Kh8² For the exchange, White has a pawn, the bishop pair and weak light squares to exploit. Karpov won convincingly.	Karpov	Larsen	Tilburg	1979	Karpov – Larsen, Tilburg 1979	634	634
881	rules-of-thumb	hard	r3rk2/1p3p1p/2p2bp1/p1n1p3/2P1P3/5N2/PP3PPP/2KRRB2 b - - 0 1	black	Bd8 g3 a4 Kc2 Ba5 Re3 Rad8	f6d8 g2g3 a5a4 c1c2 d8a5 e1e3 a8d8	17...Bd8 Manoeuvring to an open diagonal. (It’s also possible to postpone it a move or two.) 18.g3 a4 19.Kc2 Ba5 20.Re3 Rad8 Taking control over the d-file increased Black’s pressure, and Kasparov soon won.	Danailov	Kasparov	Dortmund	1980	Danailov – Kasparov, Dortmund 1980	635	635
882	rules-of-thumb	hard	1r3rk1/p1pqn1bp/2npb1p1/1p1Npp2/2P2P2/3PP1PP/PP1QN1BK/1RB2R2 b - - 0 1	black	bxc4 e4 fxe4 dxc4	b5c4 e3e4 f5e4 d3c4	14...bxc4! Preparing Black’s next move. 14...e4 15.dxe4 fxe4 leads to balanced play after a few possible continuations. 15.dxc4 e4³ The bishop on g2 is restricted. To add to White’s difficulties, Black threatens ...Bxd5 followed by ...Nb4.	Ribli	Karpov	Tilburg	1980	Ribli – Karpov, Tilburg 1980	635	635
883	rules-of-thumb	hard	2b1kb1r/5p2/pr1ppqpp/8/1pBNPP2/8/PPPQ2PP/2KR3R w k - 0 1	white	Bb3 Bd7 Ba4 a5 e5 Qd8 Bb5 Bg7 a4 Bc6	c4b3 c8d7 b3a4 a6a5 e4e5 f6d8 a4b5 f8g7 a2a4 d7c6	16.Bb3! Planning Ba4+. 16...Bd7 16...Bg7 17.Ba4+± 17.Nf3 Clearing the d-file, with ideas of e4-e5. 17...a5 Black must keep the bishop on f8 to defend the d6-pawn. 17...Bg7? 18.e5+– 18.Ne5!? 18.Qe3 Qd8 19.Qd4 is another way to try to develop an initiative. 18...Bb5? Black had a narrow path to a playable position: 18...Bg7! 19.Nc4 a4! 20.e5 Qd8 21.Nxb6 axb3 22.Qxd6 bxa2 23.Kd2 Bc6 24.Qxd8+ Kxd8 25.Ra1 Kc7 26.Nc4 Ra8 The bishop pair gives decent compensation. 19.Ng4 Qg7 Otherwise Qd4 with a double threat. 20.e5+– Black’s position collapses after Qd4 and/or Nf6+.	Tal	Radulov	Malta (Ol)	1980	Tal – Radulov, Malta (Ol) 1980	636	636
884	rules-of-thumb	hard	3qr1k1/pp3pp1/1b2b2p/3p4/PQ1NnB2/4PN1P/1PR2PP1/6K1 w - - 0 1	white	Nxe6 fxe6 a5 Bxa5 Qxb7	d4e6 f7e6 a4a5 b6a5 b4b7	22.Nxe6! Otherwise the bishop might move. 22...fxe6 22...Rxe6 23.a5! Bxa5 24.Qxb7+– with threats of Rc8 and Qxa7. 23.a5 Exchanging pawns makes it easier to exploit Black’s weaknesses. 23.Be5± 23...Bxa5 24.Qxb7±	Karpov	Beliavsky	Moscow	1981	Karpov – Beliavsky, Moscow 1981	637	637
885	rules-of-thumb	hard	rq3rk1/5pbp/pn1p1np1/NbpP4/4PB2/5NP1/RPQ2PBP/4R1K1 w - - 0 1	white	Nc6 Bxc6 Qxc5 Nh5 e5	a5c6 b5c6 c2c5 f6h5 e4e5	22.Nc6! Starting to open up the light-squared diagonal. 22...Bxc6 22...Qc7 23.Qxc5!+– 23.dxc6 There’s no good way to defend against e4-e5. 23...Nh5 23...Rc8 24.e5+– 24.Bd2+– e4-e5 comes next.	Karpov	Ljubojevic	Amsterdam	1981	Karpov – Ljubojevic, Amsterdam 1981	637	637
886	rules-of-thumb	hard	2r1r1k1/p2nq1pp/1pbppn2/2p2p2/2PP4/PPQNPP2/1B1RB1PP/1R4K1 w - - 0 1	white	dxc5 e5 e4 bxc5	d4c5 e6e5 e3e4 b6c5	23.dxc5! 23.Rbd1 allows 23...cxd4! opening the c-file. 24.exd4² (24.Qxd4 e5 25.Qc3 e4! splits White’s pawns.) 23...bxc5± With a pawn on c5, it’s more difficult for Black to advance with the d- or e-pawns without getting a weak pawn. The Hedgehog set-up (with a pawn on b6 instead) is more solid. After 23...dxc5± Black regrets ...f7-f5. The bishop on b2 is strong.	Petrosian	Bronstein	Kislovodsk	1982	Petrosian – Bronstein, Kislovodsk 1982	638	638
887	rules-of-thumb	hard	rnbqr1k1/pp2bppp/3p1n2/2pP4/6P1/2P1NP2/PP2N2P/R1BQKB1R b KQ - 0 1	black	Nfd7 g5 b5 Ng3 Bxg5 Kf2 Ne5	f6d7 g4g5 b7b5 e2g3 e7g5 e1f2 d7e5	14...Nfd7! Preparing to deploy the bishop on g5 or h4. Black has less space and is generally happy to exchange minor pieces. 14...Nbd7 15.Ng3±; 14...b5 is not a big achievement without a white knight on c3. 15.Ng3± 15.Ng3 Bg5! 16.Kf2 Ne5÷	Van der Wiel	Kasparov	Moscow	1982	Van der Wiel – Kasparov, Moscow 1982	638	638
888	rules-of-thumb	hard	r3k2r/p1qnbpp1/1pb1p2p/2p5/3PP3/P1PB1N2/2Q2PPP/R1BR2K1 w kq - 0 1	white	d5 exd5 exd5 Bxd5 Bb5 a6 Qe4 Rd8 Bxd7+ Qxd7 c4 Bxe4 Rd5	d4d5 e6d5 e4d5 c6d5 d3b5 a7a6 c2e4 a8d8 b5d7 c7d7 c3c4 d5e4 d1d5	14.d5! Opening the position before Black has castled. 14...exd5 15.exd5 Bxd5 16.Bb5 a6 16...Be6 17.Qe4 and the bishop on e7 makes it impossible for Black to castle. 17...Rd8 (17...0-0 18.Bxd7 Bxd7 19.Qxe7+–) 18.Bf4 Qc8 19.Ne5+– 17.Bf4! 17.Rxd5?! axb5 18.Qe2 gives White a promising position but is still far less convincing than Kasparov’s move. White should avoid 17.Bxd7+? Qxd7 18.c4? because of: 18...Be4!–+ 17...Qxf4 18.Bxd7+ Kxd7 19.Rxd5++– Black’s king is too exposed and White continues to develop with tempo.	Kasparov	Gheorghiu	Moscow	1982	Kasparov – Gheorghiu, Moscow 1982	639	639
889	rules-of-thumb	hard	r4rk1/3nppbp/bq1p1np1/1NpP4/P3P3/5N2/1PQBBPPP/R3K2R b KQ - 0 1	black	Bxb5 Bxb5 Qxb5 axb5 Rxa1+ Bc1 Nxe4 O-O	a6b5 e2b5 b6b5 a4b5 a8a1 d2c1 f6e4 e1g1	Securing a minor piece on b5 (with a2-a4) is White’s best set-up in Benko positions. Black needs to act before White has castled, and there is a good option. 14...Bxb5 15.Bxb5 Qxb5! 16.axb5 Rxa1+ 17.Bc1 Nxe4 17...Bh6? leads nowhere after: 18.0-0 18.0-0 Nef6© Black has only a knight and a rook for the queen, but there are also some weak pawns to attack. Most importantly, Black’s position is solid and well-coordinated, so the queen is unable to show her full power.	Alburt	Kasparov	Lucerne (Ol)	1982	Alburt – Kasparov, Lucerne (Ol) 1982	640	640
890	rules-of-thumb	hard	2b2rk1/p1r1b2p/2p3p1/P1P1pp2/1R2P3/3BB3/2P3PP/1R4K1 b - - 0 1	black	f4 g3 g5	f5f4 g2g3 g6g5	22...f4! 22...Kg7 or any other slow move allows 23.exf5 gxf5 24.g3² when White benefits from the opening of the position due to the more active bishops. A possible plan is doubling rooks on a8 and b8, followed by some tactics with Rxc8 and Bxf5. 23.Bf2 g5= White has no effective plan of invasion; however, Black’s pawn majority is also not too dangerous.	Bouaziz	Karpov	Hannover	1983	Bouaziz – Karpov, Hannover 1983	640	640
891	rules-of-thumb	hard	r4nk1/pp1brppp/2p4q/3p4/3P1P2/P1NBP3/1P3QPP/4RRK1 w - - 0 1	white	f5 Bxf5	f4f5 d7f5	18.f5!± Extending the f-file for the queen and the rook. Next comes e3-e4, with great pressure. 18.e4?! dxe4 19.Nxe4?! threatens f4-f5, but 19...Bf5!³ is a convincing answer.	Petrosian	Beliavsky	Moscow	1983	Petrosian – Beliavsky, Moscow 1983	641	641
892	rules-of-thumb	hard	r3r1k1/1pqn1pbp/p2p2p1/3P4/1RP5/4B3/P3BPPP/3Q1RK1 b - - 0 1	black	Rxe3 fxe3	e8e3 f2e3	19...Rxe3! 20.fxe3³ The opposite-coloured bishops make the exchange sacrifice strong. There will be so many weak dark squares, with ...Re8, ...Bh6, ...Nc5 and ...Qe7 as possible moves. Petrosian made all those (in another order) and then won after a blunder.	Polugaevsky	Petrosian	Moscow	1983	Polugaevsky – Petrosian, Moscow 1983	642	642
893	rules-of-thumb	hard	r1bq1rk1/ppp3pp/3pp3/n1P2p2/3Pn3/2P2NP1/P1Q1PPBP/R1B2RK1 w - - 0 1	white	c4 Nd2 Rd1 b6 Nxd2 d5 Ba3	c3c4 e4d2 f1d1 b7b6 f3d2 d6d5 c1a3	11.c4! Playing actively before Black is ready to settle on c4. Nd2 may be the next move to challenge the e4-knight (when ...d6-d5 can be met by c4xd5). 11.Rd1 b6=; 11.Nd2 Nxd2 12.Bxd2 d5=; 11.Bf4 Nc4= 11...b6 11...dxc5 12.Ba3² 12.Bd2! 12.Nd2² is good but the text move is even better. 12...Nxd2 13.Nxd2 d5 14.cxd5 exd5 15.e3± Black is left with a bad bishop.	Kasparov	Karpov	Moscow (19)	1985	Kasparov – Karpov, Moscow (19) 1985	642	642
894	rules-of-thumb	hard	r2q1r2/pp3pkp/2b1pnp1/3p4/3P1Q2/2N3P1/PP2PPBP/2RR2K1 b - - 0 1	black	Qb8 Rd2 a6 Nb5 Qc7 Qxc7	d8b8 d1d2 a7a6 c3b5 b8c7 f4c7	18...Qb8!= Challenging White’s best piece. Other moves are not so bad, but they allow White to double up on the c-file, with chances to get an edge. For example: 18...Rc8 19.Rd2 a6 Otherwise White has Nb5 after an exchange of queens on c7. 20.Rdc2 Qc7 21.Qxc7 Rxc7 22.Na4²	Karpov	Kasparov	London/Leningrad (3)	1986	Karpov – Kasparov, London/Leningrad (3) 1986	643	643
895	rules-of-thumb	hard	2rq1rk1/pp1bnppp/4p3/n7/2PN4/3Q2P1/P3PPBP/R1B2RK1 w - - 0 1	white	Nb3 Nxc4 Bxb7 Rc7 Ba6	d4b3 a5c4 g2b7 c8c7 b7a6	15.Nb3 Solving the problem with the weak c4-pawn while b7 is still hanging. 15...Nxc4 15...Nac6 is passive and not what Black wants to play. 16.Bxb7 Rc7 17.Ba6!± Challenging the knight again. The bishop pair gives White an advantage.	Kasparov	Karpov	London/Leningrad (4)	1986	Kasparov – Karpov, London/Leningrad (4) 1986	643	643
896	rules-of-thumb	hard	r2q1rk1/ppp1ppbp/1nn3p1/2Q5/3PP1b1/2N1BN2/PP2BPPP/3RK2R b K - 0 1	black	Qd6 d5 Ne5 Nxe5 Bxe2 Nxf7 e5 Nxe5 Bxd1 Qxd6 cxd6 Nd7 Nc8 Nb5 Bf3 gxf3 Rd8 f4 g5	d8d6 d4d5 c6e5 f3e5 g4e2 e5f7 e7e5 f7e5 e2d1 c5d6 c7d6 e5d7 b6c8 c3b5 d1f3 g2f3 f8d8 f3f4 g6g5	11...Qd6! Exchanging queens diminishes the impact of White’s centre, and evacuating the d8-square allows Black to increase the pressure with ...Rfd8. White had been threatening 12.d5 pushing the knight back, since 12...Ne5 allows the standard idea of 13.Nxe5 Bxe2 14.Nxf7 winning a pawn. 12.e5 12.d5 is now safely met by 12...Ne5 13.Nxe5 Bxe2 since White’s try to win a pawn backfires: 14.Qxd6 cxd6 Opening the c-file. 15.Nxg6 Bxd1 16.Nxf8?? (16.Nxe7+ would give decent compensation for the exchange.) 16...Ba4–+ The knight is trapped. 12.Qxd6 cxd6= 12...Qxc5 13.dxc5 Nothing else is needed for the exercise, but it’s worth taking a quick look at Black’s options from here: 13...Nd7 Or 13...Nc8 with a further split: a) 14.Nb5 was played in the present game. The e5-pawn will be captured but White will win back the c7-pawn. b) In his next game with the white pieces, Karpov improved with 14.h3! and won. 14.h3 Bxf3 15.gxf3! Capturing on e5 loses a piece, so White gets time for f3-f4, but it doesn’t fully secure the centre. 15...Rfd8 16.f4 g5!÷	Karpov	Kasparov	London/Leningrad (15)	1986	Karpov – Kasparov, London/Leningrad (15) 1986	644	644
897	rules-of-thumb	hard	r3rbk1/5ppp/p1qp1nb1/np2p3/4P3/2P1BNNP/PPB2PP1/R2QR1K1 w - - 0 1	white	Bg5 Bxe4 Nh5 Nxh5 g4 Bg6 Nh4 d5 Nxg6 Qxg6 Bc1	e3g5 g6e4 g3h5 f6h5 g2g4 e4g6 f3h4 d6d5 h4g6 c6g6 g5c1	18.Bg5 By attacking the knight, White stops ...d6-d5. At the same time the rook defends the e4-pawn. 18.Nh4?! Bxe4!³ No further variations are needed; but for the curious, the engine gives: 18...Nh5 19.Nxh5 Bxh5 20.g4 Bg6 21.Nh4 d5 22.Nxg6 Qxg6 23.Bc1²	Tal	Larsen	Brussels (Blitz)	1987	Tal – Larsen, Brussels (Blitz) 1987	645	645
898	rules-of-thumb	hard	r1bq1rk1/1pn1bpp1/2p1pn1p/p7/2PP4/P4N2/1PBBQPPP/R3K1NR w KQ - 0 1	white	Ne5 Qxd4 Bc3 Qd8 Ngf3	f3e5 d8d4 d2c3 d4d8 g1f3	14.Ne5! Developing the g1-knight is White’s top priority. Tal sacrifices a pawn to do it. 14...Qxd4 15.Bc3 Qd8 16.Ngf3+– White pushes the kingside pawns, with a huge attack.	Tal	Speelman	Subotica	1987	Tal – Speelman, Subotica 1987	645	645
899	rules-of-thumb	hard	6k1/1p1bqp1p/p2p2p1/2pPr2n/P1P5/2N3PP/1P1Q1P2/R4BK1 b - - 0 1	black	Ng7 g4 g5	h5g7 g3g4 g6g5	21...Ng7! Aiming for d4. 22.g4 22.Bd3!?³ may be the best defence, and if Black captures the h3- pawn, White counters with f2-f4. Nevertheless, White remains under some pressure. 22...g5³ Next is ...h7-h5 or ...f7-f5.	Xu Jun	Tal	Subotica	1987	Xu Jun – Tal, Subotica 1987	646	646
900	rules-of-thumb	hard	r1bqr1k1/ppp3pp/2n5/5p2/2pPn3/2P2NP1/P1Q1P1BP/1RB2RK1 w - - 0 1	white	g4 Nd2 Kh1 Qe7 Ne5 Nxe5 Be4 Ng6 Bc6 Bd7 Bg2 Ne4 Qxe4 Qxe4 Rxb7	g3g4 e4d2 g1h1 d8e7 f3e5 c6e5 g2e4 e5g6 e4c6 c8d7 c6g2 d2e4 c2e4 e7e4 b1b7	14.g4! Undermining the knight on e4, while the b7-pawn is still not properly defended. 14.Nd2? also tries to challenge the knight, but allows: 14...Nxd4! 15.cxd4 Qxd4+ 16.Kh1 Nf2+ 17.Rxf2 Qxf2µ 14...Qe7 14...fxg4 is the first (and maybe only) move to calculate. 15.Ne5! Black can’t hold on to the pawn. 15...Nf6 (15...Nxe5 16.Bxe4 Ng6 17.Bxg6±) 16.Nxc6 bxc6 17.Bxc6 Bd7 18.Bg2!± 15.gxf5 Nd6? Necessary was: 15...Bxf5 16.Ng5 Bg6 17.Bxe4 Bxe4 18.Nxe4 Qxe4 19.Qxe4 Rxe4 20.Rxb7² 16.Ng5!+– A nasty check on d5 is coming. Garry Kasparov “A brilliant strategy is, certainly, a matter of intelligence, but intelligence without audaciousness is not enough.” 5. Hard Challenge Exercise 901-950	Kasparov	Ivanchuk	Moscow	1988	Kasparov – Ivanchuk, Moscow 1988	646	646
901	rules-of-thumb	hard	r1bq1rk1/ppp2nb1/3p4/3P2p1/2P1Pp2/2N3P1/PP1QBP1B/R3K2R b KQ - 0 1	black	f3 Bxf3 Ne5 Be2 g4	f4f3 e2f3 f7e5 f3e2 g5g4	19...f3! Sacrificing a pawn to keep the g- and h-files closed. 19...fxg3? 20.Bxg3+– 20.Bxf3 g4!© Black follows up with ...Bh6 and ...Ne5. Kasparov’s 20...Ne5?! 21.Be2 g4 led to a similar type of situation but was marginally less accurate, because ...Bh6 cannot (yet) be played.	Speelman	Kasparov	Madrid (Rapid)	1988	Speelman – Kasparov, Madrid (Rapid) 1988	648	648
902	rules-of-thumb	hard	3r1nk1/pp2qpp1/2p1b2p/8/3N1Q2/2P5/PPB2PPP/4R1K1 w - - 0 1	white	h4 Qc5 Qd6 g6 h5	h2h4 e7c5 f4d6 g7g6 h4h5	20.h4! Prophylaxis against ...Qg5, while preparing the sequence shown in the note below. 20...Qc5 20...Qd6 21.Nxe6 Nxe6 22.Qe4 g6 23.h5² shows another purpose of moving the h-pawn. 21.Re3²	Kasparov	Karpov	Amsterdam	1988	Kasparov – Karpov, Amsterdam 1988	649	649
903	rules-of-thumb	hard	2rq1nk1/3brppp/Qp6/3P4/4nN2/2N5/PP2B1PP/4RR1K w - - 0 1	white	d6 Nxd6 Nfd5 Re5 Qxb6	d5d6 e4d6 f4d5 e7e5 a6b6	White has an extra pawn, but at least Black controls the blockading square d6. With a short tactical sequence, Kasparov increases his advantage by exchanging the d-pawn for Black’s b-pawn. 25.d6! 25.Qd3± 25...Nxd6 26.Nfd5 Re5 27.Qxb6+– The queenside pawns are decisive.	Kasparov	Andersson	Belfort	1988	Kasparov – Andersson, Belfort 1988	649	649
904	rules-of-thumb	hard	2b2rk1/1r1nbppp/p3p3/q2p2P1/3B1P1P/2N1Q3/PPP1B3/2KR3R b - - 0 1	black	Nb8 Qe5 f5 Bc5 Rd8 h5 Nc6 h6 g6 Qd6	d7b8 e3e5 f7f5 d4c5 f8d8 h4h5 b8c6 h5h6 g7g6 e5d6	19...Nb8! Black is in a hurry to do something before White’s attack breaks through. The knight manoeuvre prepares to hunt down the dark-squared bishop. 20.Qe5! White should take the opportunity to provoke a weakness. The game went: 20.f5 Nc6 21.f6 Nxd4 22.Rxd4 Bc5 23.fxg7 Rd8µ; In the event of 20.h5 Nc6 21.h6 g6 22.Bg7 Rd8³ White’s bishop has escaped, but at the price of closing the kingside. 20...f6 21.gxf6 Bxf6 22.Qd6 Be7= Black is not forced to repeat moves, but the position is balanced anyway.	Short	Kasparov	Belfort	1988	Short – Kasparov, Belfort 1988	650	650
905	rules-of-thumb	hard	2r2rk1/p1pqb1pp/1p2bp2/3n4/1P1pN3/P2P1NP1/2Q1PPBP/2R2RK1 w - - 0 1	white	Qc6 Nxb4 axb4 b5 Nxd4 Rce8 Nd2	c2c6 d5b4 a3b4 b6b5 f3d4 c8e8 e4d2	17.Qc6! Stopping ...c7-c5. 17.Nxd4 Nxb4 18.axb4 Qxd4 19.b5 gives White a clear advantage, but Karpov’s choice is even more convincing. 17...Qxc6 18.Rxc6 Bd7 If the rook retreats, Black will play ...c5, but Karpov has something else in mind. 19.Nxd4! Bxc6 20.Nxc6+– White has overwhelming compensation for the exchange, with complete domination over the light squares and a tremendous knight on c6. Moreover, Black’s minor pieces are tactically loose, and the a7-pawn can soon be captured. The game continued: 20...Rce8 21.Rc1 f5 22.Nd2 Nf6 23.Nxa7 White went on to win convincingly.	Karpov	Hjartarson	Seattle	1989	Karpov – Hjartarson, Seattle 1989	651	651
906	rules-of-thumb	hard	2kr3r/2qbbnpp/ppn1p3/2p1P3/1PPpBB2/5N2/P1N2PPP/R2QR1K1 b - - 0 1	black	g5 Bg3 h5 Nh4 Ncxe5 bxc5	g7g5 f4g3 h7h5 f3h4 c6e5 b4c5	16...g5! Undermining the e5-pawn and creating problems for White’s bishop. 17.Bg3 h5! 17...g4 was the game, when 18.Nh4 Ncxe5 19.bxc5 gives White compensation. 18.h3 g4‚ The ...g7-g5 thrust often works well in similar positions. Keep in mind that sometimes you can allow White to capture on g5, as Black can get e5 in return.	Anand	Rogers	Manila	1990	Anand – Rogers, Manila 1990	651	651
907	rules-of-thumb	hard	1r1q1rk1/1pnnppbp/p2p2p1/2pP2N1/P1P1PP2/2N1B3/1P2Q1PP/R4RK1 w - - 0 1	white	e5 dxe5 f5	e4e5 d6e5 f4f5	14.e5! dxe5 15.f5!± A standard sacrifice. White has improved the prospects of multiple pieces by vacating the e4-square and denying Black the use of the e5-square (unless giving back the pawn). One unsophisticated plan is Nce4 followed by Qg4-h4.	Khalifman	Larsen	London	1991	Khalifman – Larsen, London 1991	652	652
908	rules-of-thumb	hard	5rk1/6bp/1qrpb1p1/2n1p3/1p2PP2/pP4PB/P2Q1N1P/B2RR2K b - - 0 1	black	Bf7	e6f7	29...Bf7!³ Black’s bishop is more useful than White’s – especially with ideas of ...Nxb3 in the air.	M. Gurevich	Kasparov	Reggio Emilia	1991	M. Gurevich – Kasparov, Reggio Emilia 1991	653	653
909	rules-of-thumb	hard	3r1r1k/2q1n1b1/1pbp2p1/p1p2p1p/2P1Pp1P/1PNP2P1/PB1Q2B1/2R2RK1 w - - 0 1	white	Ne2 Nd5	c3e2 e7d5	25.Ne2!+– Manoeuvring towards the weak e6-square is more important than recapturing the pawn. No variations are needed – Black has to resort to gymnastics to keep everything defended. The game move 25.Nd5?!= allowed the knight to be captured.	Ehlvest	Karpov	Linares	1991	Ehlvest – Karpov, Linares 1991	653	653
910	rules-of-thumb	hard	r1b1qrk1/pp4b1/2ppn1pp/4np2/2P2B2/2N2NPP/PPQ1PPB1/3R1RK1 w - - 0 1	white	Bc1 Nxc4 Rd3 Nf4 gxf4 Qe7 b3 Ne5 Rxd6	f4c1 e5c4 d1d3 e6f4 g3f4 e8e7 b2b3 c4e5 d3d6	16.Bc1! Not allowing ...Nxf4. The game went: 16.Rxd6 Nxc4 17.Rd3 Nxf4 18.gxf4= 16...Nxc4 16...Qe7 17.b3± 17.b3 Ne5 18.Rxd6±	Karpov	M. Gurevich	Amsterdam	1991	Karpov – M. Gurevich, Amsterdam 1991	654	654
911	rules-of-thumb	hard	1rb2rk1/3nqppp/p2b1n2/1p1Pp3/P1p1P3/2N2N1P/1PQ2PP1/R1BR1BK1 w - - 0 1	white	axb5 axb5 Ra5 b4 Na4 Qd8 Ra7	a4b5 a6b5 a1a5 b5b4 c3a4 e7d8 a5a7	16.axb5 axb5 17.Ra5 Provoking Black’s next move in order to weaken the pawn on c4. 17...b4 18.Na4 Qd8 The rook has only one square, but that’s enough. 19.Ra7 White is likely to win material soon.	Karpov	Anand	Brussels (4)	1991	Karpov – Anand, Brussels (4) 1991	654	654
912	rules-of-thumb	hard	rbbr1qk1/1p1n1pp1/2p2n1p/p4N2/5P2/P1N1P2P/BPQB2P1/R4RK1 w - - 0 1	white	Be1	d2e1	20.Be1!+– Redirecting the bishop. Black has insufficient time to activate the pieces on the queenside before White breaks through with Bh4, Rad1 and capturing somewhere – possibly with Nxh6+.	Karpov	Anand	Brussels (8)	1991	Karpov – Anand, Brussels (8) 1991	655	655
913	rules-of-thumb	hard	2rq2k1/pb1nrpbp/1p2p1p1/1B1p4/PP1P4/B3PN2/4QPPP/1R3RK1 w - - 0 1	white	a5 Nf6 a6 Ba8 Rbc1 Ne4	a4a5 d7f6 a5a6 b7a8 b1c1 f6e4	17.a5! Simply planning to get an annoying pawn on a6. 17...Nf6 Timman’s 17...Rc7 was not challenging. 17...e5 18.a6 Ba8 19.Rbc1± 18.a6 Ba8 19.Bd3! White is happy to be in time with b4-b5 (threatening Bxe7) before Black can play ...Ne4-c3. (So it was important to push 17.a5 immediately.) 19...Ne4 20.b5 Rec7 21.Rbc1±	Kasparov	Timman	Tilburg (8)	1991	Kasparov – Timman, Tilburg (8) 1991	655	655
914	rules-of-thumb	hard	1r2k2r/4bpp1/p2pbN1p/1p2p3/4P1P1/P3BP2/1PPq3P/1K1R1B1R b k - 0 1	black	gxf6 Rxd2	g7f6 d1d2	17...gxf6!! To carry out ...h6-h5 and open the h-file for the rook. The pawn on f6 stops White’s reply g4-g5 and the bishop on e7 keeps the d6-pawn defended, saving a tempo. 17...Bxf6 is equal. 18.Rxd2³ We have reached the (simpler) Exercise 674.	Ivanchuk	Anand	Linares (1)	1992	Ivanchuk – Anand, Linares (1) 1992	656	656
915	rules-of-thumb	hard	r3brk1/1pq1bpp1/p1p1pn1p/4N3/3P1P2/P1N4P/1PQ2PP1/1B1R1RK1 w - - 0 1	white	d5 Rd8 Rfe1	d4d5 a8d8 f1e1	17.d5! Kramnik uses a minor tactical detail to get rid of the isolated pawn and weaken Black’s pawn structure. 17...Rd8 17...cxd5 18.Nxd5+– wins with a combination of tactical themes: discovered attack (on the black queen), intermediate check (Nxe7+) and removing the defender (the knight guarding h7). 18.Rfe1+– A good alternative is 18.dxe6+– with a winning positional advantage. Vladimir Kramnik “I started playing chess when I was about four or five years old. It is very good for children to learn to play chess, because it helps them to develop their mental abilities. It also helps to consolidate a person’s character, because as it happens both in life and in a chess game we have to make decisions constantly. In chess there is no luck and no excuses: everything is in your hands.”	Kramnik	Lputian	Debrecen	1992	Kramnik – Lputian, Debrecen 1992	657	657
916	rules-of-thumb	hard	r1b1k2r/1p2bpp1/p3pn1p/q1p5/2BP3B/2P2N2/PP2QPPP/R3K2R w KQkq - 0 1	white	d5 Nxd5 Bf6 gxf6 Bxd5 Qb6 Nh4 Qd8 Nf5 Qxd5 Ng7+	d4d5 f6d5 h4f6 g7f6 c4d5 a5b6 f3h4 b6d8 h4f5 d8d5 f5g7	12.d5 A move White wants to play before Black has castled. Some calculation is required though, as Black has a clever defence. 12...Nxd5 12...exd5? 13.Bxf6 gxf6 14.Bxd5+–; After 12...Qb6± White can exchange many times on e6, giving Black a weak pawn, or play more aggressively. 13.Bxd5 Bxh4 14.Nxh4 Qd8 A double threat. 15.Nf5! 15.Ng6² 15...Qxd5 16.Nxg7+ The knight is not lost, and Black’s king will soon find itself under an attack, which is likely to decide the outcome.	Shabalov	Smyslov	Tilburg	1993	Shabalov – Smyslov, Tilburg 1993	658	658
917	rules-of-thumb	hard	rq1r2k1/1b1n1pp1/4p2p/p2pP3/N2B4/bPRB4/P3QPPP/5RK1 w - - 0 1	white	Bb5	d3b5	20.Bb5! Black wanted to exchange rooks with ...Rc8, but White’s rook will now escape towards the kingside. The b5-square was the only logical option for the bishop, as retreating to c2 or b1 would allow ...Ba6. White’s attack may already be winning.	Smyslov	Hansen	Biel	1993	Smyslov – Hansen, Biel 1993	658	658
918	rules-of-thumb	hard	2krr3/pp3p2/n1pp1n2/6p1/2P1PPP1/2N2B2/PP6/2KRR3 w - - 0 1	white	e5 Nh7 fxg5	e4e5 f6h7 f4g5	19.e5! Clearing the e4-square for the knight, or possibly the bishop. After 19.fxg5? Nh7³ Black regains the pawn with some advantage. 19...dxe5 20.fxg5 Nh7 21.Ne4±	Smirin	Smyslov	Biel	1993	Smirin – Smyslov, Biel 1993	659	659
919	rules-of-thumb	hard	r3rbk1/1bpq1pp1/p1np1n1p/1p2p3/P3P2N/2PP4/BP1N1PPP/R1BQR1K1 w - - 0 1	white	Ng6 Ne7 d4	h4g6 c6e7 d3d4	14.Ng6² White will have an edge with the bishop pair. If White wants to play for an attack, 14.h3 stops the idea of ...Qg4 to exchange queens. After 14...Ne7 Black plans 15...d5. 15.d4÷ avoids it; but with the e4-pawn slightly loose, it’s hard for White to manoeuvre the d2-knight to g3. There’s no real attack going on.	Kasparov	Short	London (3)	1993	Kasparov – Short, London (3) 1993	659	659
920	rules-of-thumb	hard	r1b2r2/5p1k/3q2pb/pBpPp2n/Pp2P2p/1N1Q1P2/1P2N1PP/R4RK1 b - - 0 1	black	c4 Bxc4 Be3+ Kh1 Ng3+ Nxg3 hxg3 hxg3 Qf6	c5c4 b5c4 h6e3 g1h1 h5g3 e2g3 h4g3 h2g3 d6f6	22...c4!µ Opening the a7-g1 diagonal and the c-file. 23.Bxc4 23.Qxc4? is strongly met by: 23...Be3+ 24.Kh1 Ng3+! (The simple 24...Qf6 followed by ...Qg5 also yields a strong initiative.) 25.Nxg3 (25.hxg3? hxg3 26.Nxg3 Qf6–+) 25...hxg3 Black will soon create decisive threats along the h-file. 23...Bd7!?µ Black gets a clear advantage by simply playing for the c-file. 23...Kg7ƒ is the attacking option which was chosen by Kasparov.	Arbakov	Kasparov	Paris (Rapid)	1994	Arbakov – Kasparov, Paris (Rapid) 1994	660	660
921	rules-of-thumb	hard	1r3rk1/5q1p/3pb1n1/p2NbpQ1/p1N1p3/2P3P1/1P1R1PBP/3R2K1 b - - 0 1	black	Kh8	g8h8	25...Kh8!µ Preparing ...Rg8, but also to recapture on e5 with the knight.	Short	Kramnik	Novgorod	1994	Short – Kramnik, Novgorod 1994	661	661
922	rules-of-thumb	hard	r1bqk2r/3pnpbp/p1p1p1p1/8/2P1P3/3BB3/PP3PPP/RN1Q1RK1 w kq - 0 1	white	c5 d6 Nd2 O-O Bh6 f6 Nc4	c4c5 d7d6 b1d2 e8g8 e3h6 f7f6 d2c4	10.c5! Holding back Black’s d-pawn is more important than defending the pawn on b2 and the rook on a1. 10.Nc3 d6² 10...Bxb2 11.Nd2 0-0 After 11...Bxa1 12.Qxa1 0-0 13.Bh6 f6 White can either take back the exchange, or be more flexible with: 14.Nc4± White can later choose between f2-f4-f5 (attacking) and Rd1 (increasing control). 12.Rb1 Bg7 13.Nc4± Black’s extra pawn on d7 is of little use, and Black’s pieces (with the exception of the dark-squared bishop) are badly restricted.	Topalov	Polgar	Las Palmas	1994	Topalov – Polgar, Las Palmas 1994	661	661
923	rules-of-thumb	hard	r1b2k1r/pp2nppp/4p3/3pn2P/4q3/P4N2/2PBBPP1/R2QK2R w KQ - 0 1	white	h6 Nxf3+ gxf3 Qe5 hxg7+ Kxg7	h5h6 e5f3 g2f3 e4e5 h6g7 f8g7	15.h6 First things first: White should weaken the dark squares around Black’s king. 15.Kf1 (or 15.0- 0) avoids doubled pawns on the f-file. However, after 15...Nxf3 16.Bxf3 Qc4+ 17.Be2 Qc6 the same idea of 18.h6 is less dangerous due to: 18...g6!© Followed by ...f7-f6 and ...Kf7. 15...Nxf3+ 15...g6 16.Bc3±; 15...gxh6 16.Bxh6+± was the game. 16.gxf3 Qe5 17.hxg7+ Kxg7 18.Bh6+‚	Kasparov	Nikolic	Paris (Rapid)	1994	Kasparov – Nikolic, Paris (Rapid) 1994	662	662
924	rules-of-thumb	hard	r4k1r/p3nppp/bpn1pq2/3p2N1/2P4P/P7/3BBPP1/R2QR1K1 w - - 0 1	white	Bh5 g6 cxd5 exd5 Rc1 Bc8 Re6 h6	e2h5 g7g6 c4d5 e6d5 a1c1 a6c8 e1e6 h7h6	18.Bh5! Creating a weakness. 18...g6 18...Ng6? loses control over c6 and d5. White has a few ways to win, the simplest being 19.cxd5 exd5 20.Rc1+– with threats of Ne6+ (followed by taking on c6) and Re3-f3. 19.Bg4!± White threatens to sacrifice on e6. Black will not be able to use the g7-square for the king in a secure way. The game continuation of 19.cxd5?! exd5 20.Bg4 was less exact, as Black could have played 20...Bc8! to simplify. 19...Bc8 19...Kg7 20.Bxe6 fxe6 21.Rxe6+– White has several ways to increase the pressure. A nice line is: 20.Nf3 h6 21.Qc1± Kg7? 22.Bg5! hxg5 23.hxg5+– Trapping the queen.	Kasparov	Nikolic	Novgorod	1994	Kasparov – Nikolic, Novgorod 1994	662	662
925	rules-of-thumb	hard	r2qkbnr/2p2pp1/p1pp4/4p2p/4P1b1/5N1P/PPPP1PP1/RNBQ1RK1 w kq - 0 1	white	d4 Qf6 hxg4 hxg4 Nh2 Qh4 Bf4 g5 dxe5 dxe5	d2d4 d8f6 h3g4 h5g4 f3h2 f6h4 c1f4 g7g5 d4e5 d6e5	8.d4! A flank attack should be met with a break in the centre. 8.d3 was the game. 8...Qf6 8...Bxf3 9.Qxf3 exd4 and White’s development is worth more than the pawn, with e4-e5 coming either immediately or in the near future. 8...exd4? loses control of the f4-square, making 9.hxg4! hxg4 10.Nh2 Qh4 11.Bf4+– possible9.Nbd2 g5 10.dxe5 dxe5 11.Nc4± Without 8.d4, this move would not have come with a threat, and that makes all the difference.	Smyslov	Yandemirov	Elista	1995	Smyslov – Yandemirov, Elista 1995	663	663
926	rules-of-thumb	hard	3r2k1/1pq1npb1/2p1b1pp/2P1p3/1P2Pn2/1B2NN1P/2Q2PP1/B3R1K1 w - - 0 1	white	Bxe6 Nxe6 Nc4 Nd4 Qb3	b3e6 f4e6 e3c4 e6d4 c2b3	23.Bxe6 The exchange helps Black to manoeuvre the knight from f4 towards d4, but it’s still worth it because White gets to exert immediate pressure. 23...Nxe6 24.Nc4 Threatening to capture on e5. A secondary idea is to invade on d6; this isn’t really a threat right now, as Black can respond with ...Nc8, but it might be strong later. 24...Nd4 24...f6 25.Qb3+– wins material. 25.Bxd4 exd4 26.Nd6+– White can increase the pressure with Qc4 and e4-e5. Morozevich tried sacrificing the exchange, but in vain.	Kasparov	Morozevich	Paris (Rapid)	1995	Kasparov – Morozevich, Paris (Rapid) 1995	664	664
927	rules-of-thumb	hard	r3qrk1/1pp3bn/3p2p1/pPnPpp1p/4P2B/PP3P2/3NB1PP/1R1Q1RK1 b - - 0 1	black	fxe4 b6 Bh6 Nxe4	f5e4 b5b6 g7h6 d2e4	17...fxe4! The only good way to create counterplay before White smashes through with b5-b6 and Nc4. 17...Bh6? allowed 18.exf5 gxf5 19.b6± in the game. 17...b6? 18.b4± leaves Black with problems on the c-file. 18.Nxe4 18.fxe4 Bh6„ threatens ...Bxd2 followed by ...Nxe4. 18...Nxe4 19.fxe4 Rxf1+ 20.Qxf1 Bh6„	Kramnik	Kasparov	Riga	1995	Kramnik – Kasparov, Riga 1995	664	664
928	rules-of-thumb	hard	r2rn1k1/1pq1bppp/p3b3/4p1P1/P3P3/2N1BB2/1PP1Q2P/R4R1K w - - 0 1	white	Nd5 Rdc8 Rac1 Ba3	c3d5 d8c8 a1c1 e7a3	20.Nd5! 20.Qf2 was the game continuation, when 20...Rdc8! would have stopped Nd5 for a while. For instance, if 21.Rac1 then 21...Ba3! is a good move. 20...Bxd5 21.exd5± The light-squared bishop is a good piece, ready to move to g4 when needed.	Topalov	Kasparov	Yerevan (Ol)	1996	Topalov – Kasparov, Yerevan (Ol) 1996	665	665
929	rules-of-thumb	hard	r4rk1/3b1pb1/p2p1np1/1pnPp1BP/4P3/5P1P/PP1KNN2/R4B1R b - - 0 1	black	Nxh5 Ng3 Rfc8 Be7 f6 a3	f6h5 e2g3 f8c8 g5e7 f7f6 a2a3	17...Nxh5! Black is happy to give up the d-pawn in order to gain time to develop an initiative. 17...gxh5? would be a horrible positional decision. 18.Ng3± 18.Be7 Rfc8 19.Bxd6 Nb7 20.Be7 f6³ White’s bishop will be forced to retreat to a3, after which ...a6-a5 forces a weakness on the queenside. It is not easy to evaluate that Black is better, but you don’t need to be certain of that to solve the exercise – you only needed to see that this direction was clearly better than any of Black’s other options.	Piket	Kasparov	Amsterdam (Rapid)	1996	Piket – Kasparov, Amsterdam (Rapid) 1996	666	666
930	rules-of-thumb	hard	rq1r2k1/1b1n1ppp/1p1ppn2/2p5/2PP4/1PB3PB/1Q1NPP1P/3RR1K1 w - - 0 1	white	d5 e5 Bxd7 Rxd7 e4	d4d5 e6e5 h3d7 d8d7 e2e4	19.d5! 19.e4 allows 19...cxd4 20.Bxd4 e5= when the b7-bishop is active and Black has the c5-square for the knight. 19...e5 19...exd5 keeps the black bishop alive, but Black will have problems on the b2- g7-diagonal. 20.cxd5 Bxd5 21.Bxd7 Rxd7 (21...Nxd7 22.Bxg7±) 22.Bxf6 gxf6 23.Qxf6± 20.e4± Black’s bishop is dead and White can play for f2-f4.	Van Wely	Karpov	Tilburg	1996	Van Wely – Karpov, Tilburg 1996	666	666
931	rules-of-thumb	hard	r2q1rk1/1p1b1pb1/p1npp3/8/3NPPp1/1P1QB1Pp/P1P1N2P/3R1RK1 b - - 0 1	black	f5 c4 Qa5 Nc3 Rae8 exf5 e5 Bf2 Nxd4 Bxd4 Qxa2	f7f5 c2c4 d8a5 e2c3 a8e8 e4f5 e6e5 e3f2 c6d4 f2d4 a5a2	21...f5!³ Preventing any ideas of f4-f5 (especially after an exchange on c6, which White might include to avoid ...Ne5), while solidifying Black’s kingside pawn chain and starting to carve open a path towards the weak light squares around White’s king. It’s a double-edged decision because White gets the d5-square, but the benefits outweigh this drawback. 22.c4 Qa5 23.Nc3 Rae8 24.exf5 24.Rfe1?! e5!µ gave Black a larger advantage in the game. 24...exf5 25.Bf2 25.Nd5? allows 25...Rxe3! 26.Qxe3 Nxd4 27.Rxd4 Re8 28.Qf2 Bxd4 29.Qxd4 Qxa2–+ when Black wins thanks to the threat of mate on g2. 25...b5³ White will be able to land a knight on the d5-outpost, but the knight doesn’t play alone. Black has a potential stronghold on e4 as well, and can also exchange the powerful knight.	Shirov	Kasparov	Linares	1997	Shirov – Kasparov, Linares 1997	667	667
932	rules-of-thumb	hard	r2qr1k1/3n1ppb/2pb1n1p/pp1p1P2/3P3B/P1NBPN1P/1PQ3P1/4RRK1 w - - 0 1	white	e4 b4 e5 bxc3 exd6 Rxe1 Rxe1 cxb2 Qxb2	e3e4 b5b4 e4e5 b4c3 e5d6 e8e1 f1e1 c3b2 c2b2	20.e4! Just in time before Black has kicked the knight with ...b5-b4. 20...b4 20...dxe4 21.Nxe4 Qc7 Defending d6 and c6. 22.Nxd6 Qxd6± That bishop on h7... 21.e5 bxc3 22.exd6 Rxe1 23.Rxe1 cxb2 24.Qxb2+– White would stand better even if the d6-pawn were missing. With the pawn surviving, the contest is virtually over.	Kramnik	Kasparov	Moscow (Blitz)	1998	Kramnik – Kasparov, Moscow (Blitz) 1998	668	668
933	rules-of-thumb	hard	5rk1/2pb1pp1/qb1p1nnp/1p2p3/1P1PP3/N1P2N1P/1BBQ1PP1/5RK1 w - - 0 1	white	dxe5 dxe5 c4	d4e5 d6e5 c3c4	18.dxe5 dxe5 19.c4!² Activating the bishop on b2. 19.Nxe5!? Nxe5 20.c4 is working tactically, but it unnecessarily gives Black more opportunities.	Topalov	Anand	Dos Hermanas	1999	Topalov – Anand, Dos Hermanas 1999	668	668
934	rules-of-thumb	hard	r1b1k2r/1N1n1ppp/1qn1p3/3pP3/1b1P1P2/pP3NPB/P3NK1P/R1BQ3R b kq - 0 1	black	Ndb8 Be3 Bd7 g4 h5	d7b8 c1e3 c8d7 g3g4 h7h5	13...Ndb8! Vacating the d7-square for Black’s bishop, while redirecting the knight to a6 and later b4. Black should not castle (yet, anyway), since it would make White’s attack easier. 14.Be3 Bd7 15.g4 h5!? Volkov later castled on the queenside.	Khalifman	Volkov	St. Petersburg	1999	Khalifman – Volkov, St. Petersburg 1999	669	669
935	rules-of-thumb	hard	r3k2r/1pqnnppp/p1p1p1b1/2Pp4/1P1PPP2/2N5/P2NB1PP/2RQ1RK1 w kq - 0 1	white	f5 O-O b5 axb5 exd5 cxd5	f4f5 e8g8 b4b5 a6b5 e4d5 c6d5	16.f5! A sacrifice to compromise Black’s pawn structure. Advancing on the queenside does not yield an advantage: 16.a4 0-0 17.b5 axb5 18.axb5 Nf6„ Black is less restricted than normal for this type of structure. 16...exf5 17.exd5 cxd5² For the sacrificed pawn, White has isolated the weakness on d5 and restricted the bishop on g6. In the long term, White is free to advance on the queenside without worrying about the centre being opened. Veselin Topalov “It is not always right to play for a win in every game. At certain moments I simply lose my head, as they say. I just want so much to win, and this sometimes leads to defeats. I need to control myself better.”	Kramnik	Topalov	Dortmund	1999	Kramnik – Topalov, Dortmund 1999	669	669
936	rules-of-thumb	hard	r1br2k1/pb3p1p/1qn2bp1/8/4QB2/P2BPN2/1P3PPP/R4RK1 w - - 0 1	white	Bg5 Qxb2 Qh4 Bxg5 Nxg5 Kg7 Rab1 Qc3 Rfc1	f4g5 b6b2 e4h4 f6g5 f3g5 g8g7 a1b1 b2c3 f1c1	16.Bg5! Exchanging the (for the moment) only piece defending Black’s king. 16...Qxb2?! 16...Bf5? 17.Qh4 Bxg5 18.Nxg5 is an important tactical detail, threatening mate in two. 16...Bxg5 17.Nxg5 Kg7 is the best defence the engine can come up with, but Black remains in a depressing situation a pawn down. 17.Bc4‚ You don’t need to have calculated any further, but it’s worth seeing the instructive continuation of the game. 17...Kg7 18.Qh4 h5 19.Bxf7 An elegant tactical blow, although 19.Rab1 is equally winning. 19...Bxg5 19...Kxf7 20.Rab1 Qc3 21.Rfc1+– The point of the combination is that White can recapture on g5 with check. 20.Nxg5+– With an extra pawn and the safer king, White is winning.	Kramnik	Short	Wijk aan Zee	2000	Kramnik – Short, Wijk aan Zee 2000	670	670
937	rules-of-thumb	hard	1qr3k1/4bppp/2bppn2/rp6/4P3/1PN1Q1P1/PB3PBP/2RR2K1 w - - 0 1	white	Nd5 Bxd5 exd5 exd5	c3d5 c6d5 e4d5 e6d5	19.Nd5! Bxd5 19...exd5? 20.exd5+– The double threat wins back the piece, after which the white bishop(s) will be too strong. 19...Bd8? 20.Nxf6+ creates a weakness that’s fatal for Black’s king. 20.exd5 e5² The bishop pair works well in conjunction with White’s queenside pawn majority.	Lautier	Kramnik	Monte Carlo (Rapid)	2000	Lautier – Kramnik, Monte Carlo (Rapid) 2000	671	671
938	rules-of-thumb	hard	r1b1kb1r/3n1ppp/p2ppn2/8/NpB1P1P1/1N2BP2/PPP4P/R3K2R b KQkq - 0 1	black	d5 Be2 g5 exd5 Ne5	d6d5 c4e2 g7g5 e4d5 d7e5	13...d5! The move order is important. 13...Ne5 14.Be2 d5 does not come with a threat, so White has an intermediate move: 15.g5+– Black will not be able to recapture on d5 with the knight. 14.exd5 Ne5! 15.Be2 Nxd5= The knight arrives with tempo on an active square, from where it also defends the weak b6-point.	Grischuk	Kasparov	Linares	2001	Grischuk – Kasparov, Linares 2001	671	671
939	rules-of-thumb	hard	r1b2rk1/pp2b1pp/n2q1p2/2pP4/2P1p1N1/P7/1PQ1BPPP/R1B2RK1 w - - 0 1	white	f3 f5 Bf4 Bf6 fxe4 Be5 h3 Bd4+	f2f3 f6f5 c1f4 e7f6 f3e4 f6e5 h2h3 e5d4	White stands better. The protected passed pawn on d5 is strong, while the queen isn’t the best blockading piece. Black would rather have the bishop or the knight on d6. However, White has to handle Black’s kingside majority before it takes off. 17.f3! Immediately getting rid of the pawn on e4. 17.g3 f5 18.Bf4² also favours White to some extent, but Black will get counterplay with ...g7-g5 at some point. 17...f5 18.Nf2± Black can’t maintain the pawn on e4, and nothing else is required to solve the exercise. The game continued 18...Bf6 19.fxe4 Be5 20.h3 Bd4, taking us to Exercise 995.	Anand	Shirov	Moscow	2001	Anand – Shirov, Moscow 2001	672	672
940	rules-of-thumb	hard	br3rk1/2q2ppp/p2ppbP1/2n3BP/1n1NP3/2N2P2/1PPQB3/1K4RR b - - 0 1	black	Be5 gxh7+ Kxh7	f6e5 g6h7 g8h7	20...Be5!÷ Keeping the bishop to both defend and attack. 20...Bxg5? 21.gxh7++–; 20...fxg6?! 21.hxg6 hxg6 (21...h6 22.Bxh6+–) 22.Bxf6 Rxf6 23.Rh4± 21.gxh7+? 21.f4? Nxe4 22.Nxe4 Bxd4–+; 21.h6?! fxg6µ; 21.Be3!÷ keeps White in the game, maintaining flexibility regarding taking on f7 or h7. 21...Kxh7!µ Black’s attack is stronger. The king could also have sidestepped to h8, but it’s in no danger after capturing the pawn. On the contrary – it is helpful for Black to avoid any potential threats involving h5-h6 followed by a check on the a1-h8 diagonal.	Adams	Kasparov	Linares	2005	Adams – Kasparov, Linares 2005	673	673
941	rules-of-thumb	hard	r2qrbk1/5pp1/p1npbn1p/1pp1p3/1P2P3/PNPPBN1P/B1Q2PP1/1R2R1K1 b - - 0 1	black	Rc8 Qb2 c4 dxc4 Bxc4	a8c8 c2b2 c5c4 d3c4 e6c4	18...Rc8 The rook stands opposite the queen, threatening to win a pawn. 19.Qb2 c4 Black has other decent options, but the text move is both direct and strong. 20.dxc4 Bxc4³ The rook is useful on the c-file.	Topalov	Anand	Sofia	2006	Topalov – Anand, Sofia 2006	673	673
942	rules-of-thumb	hard	2rr2k1/1p2b1pp/p2p1n2/P1PP1p1q/1PN1p3/3QBP2/6PP/2RR2K1 w - - 0 1	white	Qf1 Ng4 h3 Nxe3 Nxe3 Bg5 Qe2	d3f1 f6g4 h2h3 g4e3 c4e3 e7g5 f1e2	24.Qf1+– White is winning on the queenside and defends the king well enough. 24.fxe4? gave Black access to the g4-square. (The exercise is about understanding this.) 24...fxe4 25.Qb3 Ng4 26.h3 Nxe3 27.Nxe3 Bg5„; 24.Qe2 is also good, but it’s unnecessary to have the queen exposed on the h5-e2 diagonal.	Leko	Topalov	Morelia/Linares	2007	Leko – Topalov, Morelia/Linares 2007	674	674
943	rules-of-thumb	hard	2rq1rk1/1bp1bppp/4p3/pp1nN3/1P1P4/P3P1P1/2QN1PBP/R4RK1 w - - 0 1	white	Nb3 c5 e4 axb4 Na5 Ba8 Nac6 Bxc6 Nxc6 Qd7 exd5	d2b3 c7c5 e3e4 a5b4 b3a5 b7a8 a5c6 a8c6 e5c6 d8d7 e4d5	17.Nb3! 17.bxa5?! c5=; 17.e4 is better for White, but not to the same extent as the game continuation. 17...axb4 18.Na5! Aiming for c6, while gaining a tempo against the b7-bishop. 18...Ba8 19.Nac6 Bxc6 20.Nxc6 Qd7 21.Bxd5! exd5 22.axb4+– A tactical sequence leading to a positional dream. Black can’t challenge the knight and White can continue by winning the b5-pawn with Ra5.	Kramnik	Carlsen	Dortmund	2007	Kramnik – Carlsen, Dortmund 2007	675	675
944	rules-of-thumb	hard	1r1q1rk1/pbpn1ppp/3bpn2/6N1/3PN3/1P4P1/P1Q2PBP/R1B1R1K1 w - - 0 1	white	d5 h6 Nxf6+ Nxf6 Bb2 g6 Qc3 Kg7 f4	d4d5 h7h6 e4f6 d7f6 c1b2 g7g6 c2c3 g8g7 f2f4	15.d5! White gives a pawn to open the b2-f6-diagonal, thus creating threats against h7. 15.Bb2 h6= 15...exd5 15...Bxd5 16.Nxf6+ Nxf6 17.Bxd5 exd5 18.Bb2 is likely to transpose to the game after Black simplifies with ...Ne4. Black does have the additional option of 18...g6 19.Qc3 h6 20.Nf3 Kg7±, but it looks uncomfortable to step into a pin. After 15...e5 16.Nxf6+ Nxf6 17.Bb2 Black does not manage to keep the b2-g7-diagonal closed after, for instance: 17...Re8?! 18.f4± 16.Nxf6+ Nxf6 17.Bb2 Ne4 18.Nxe4 dxe4 19.Bxe4 Bxe4 20.Rxe4± Material is equal, but White has a strong bishop and the better pawn structure.	Mamedyarov	Anand	Dortmund	2007	Mamedyarov – Anand, Dortmund 2007	675	675
945	rules-of-thumb	hard	2r3k1/p2n1ppp/bp2pn2/8/3P1B2/P7/1PrNPPPP/1R2KB1R w K - 0 1	white	Nb3 Bc4 Na1 Ba2 Nxc2 Bxb1 Na1	d2b3 a6c4 b3a1 c4a2 a1c2 a2b1 c2a1	15.Nb3!± Defending against mate on c1, while preparing to chase away the annoying rook. 15...Bc4 16.Na1 Ba2 17.Nxc2 Bxb1 18.Na1± White keeps the extra pawn that was there in the initial position.	Carlsen	Adams	Khanty-Mansiysk	2007	Carlsen – Adams, Khanty-Mansiysk 2007	676	676
946	rules-of-thumb	hard	2r2rk1/1p1qb1pp/p1nppn2/4p3/P1B1P3/2N1B3/1PP1QPPP/3R1RK1 b - - 0 1	black	Bd8 a5 b6	e7d8 a4a5 b7b6	14...Bd8 The bishop is redirected to a5 (or b6, in case White plays f2-f4 and Bxf4). The position can be evaluated as slightly better for White, but it doesn’t matter for the exercise – the best move is still the best move.	Karjakin	Anand	Nice (Blindfold)	2008	Karjakin – Anand, Nice (Blindfold) 2008	677	677
947	rules-of-thumb	hard	2rr2k1/2qbbp1p/2p1p1p1/p1npP3/2PN1PP1/4B3/PPQ3BP/3R1R1K w - - 0 1	white	Qf2 f5 gxf5 Qxe5 fxg6 Kh8 Rfe1 Rf8 Nf3 Na6 f5 exf5 Bd4 c5 Ng5	c2f2 f7f5 g4f5 c7e5 f5g6 g8h8 f1e1 d8f8 d4f3 c5a6 f4f5 e6f5 e3d4 c6c5 f3g5	21.Qf2! 21.f5 Qxe5© gives White decent play for a pawn, but anything could happen from here. The text move is all that’s needed to solve the exercise. White positions the queen in preparation for opening the f-file and landing on f7. The veiled attack on the c5-knight might also be useful in some lines. There’s no need to calculate White’s next move until Black has chosen what to play. Let’s see the game continuation along with a few sample variations. 21...Be8 21...dxc4 22.f5 exf5 23.gxf5 Qxe5 24.fxg6 fxg6 25.Qf7+ Kh8 Black has a couple of extra pawns but the king is too weak. 26.Rfe1 Rf8 27.Qxc4 There is no defence against Nf3 and Bd4+ (among other threats). 21...Rf8 22.Ne2 Na6 23.f5 exf5 The e5-pawn is untouchable due to Bd4, f5-f6 and Qh4-h6. 24.cxd5 cxd5 25.Nf4+– 22.f5! Qxe5 23.Nf3! Hitting c5 as well. Cheparinov squandered his advantage with 23.fxe6? Nxe6 and eventually lost. 23.fxg6 Qg7!± enables Black to keep fighting. 23...Qd6 24.fxg6 fxg6 25.Ng5 With a crushing attack.	Cheparinov	Topalov	Sofia	2008	Cheparinov – Topalov, Sofia 2008	677	677
948	rules-of-thumb	hard	r1r3k1/p4ppp/1n6/Q1p1p2q/4P1b1/2P1B1P1/P4PBP/R3R1K1 w - - 0 1	white	Qa6 Nc4 Qb5 a6 Bf1	a5a6 b6c4 a6b5 a7a6 g2f1	23.Qa6! Stopping ...Nc4 while preparing a2-a4-a5. 23.Bxc5?! Nc4 24.Qb4 Be6³ and the active knight gives Black more than enough compensation. 23.Qb5!? is objectively of equal strength to the game continuation, although to me it feels more natural to place the queen on a6, where she is less likely to be prodded by an enemy piece. Nevertheless, this also counts as a correct alternative solution. 23...f6? An improvement is 23...Be6! 24.Bf1 Nd7 planning ...Nf6-g4. White can still fight for an advantage, but Black is doing better than in the game. 24.a4 Qf7 25.Bf1!±	Kramnik	Anand	Bonn (10)	2008	Kramnik – Anand, Bonn (10) 2008	678	678
949	rules-of-thumb	hard	nn3rk1/1b2ppbp/1q1p2p1/1Bp5/4P3/2P2NB1/1P1NQPPP/5RK1 b - - 0 1	black	Bc6 Bxc6 Nxc6 Rb1 Nc7 h4 Ra8	b7c6 b5c6 b8c6 f1b1 a8c7 h2h4 f8a8	15...Bc6! The undefended b2-pawn forces White to exchange bishops, which makes it easier for Black to exert pressure along the queenside files. 16.Bxc6 Nxc6 17.Rb1 Nc7 18.h4 Ra8³	Kamsky	Kramnik	Baku (Rapid)	2010	Kamsky – Kramnik, Baku (Rapid) 2010	679	679
950	rules-of-thumb	hard	r2q2rk/2p2pn1/p2p1b1p/1p1P4/2P1NP2/1P1Q1B1P/P6K/5RR1 w - - 0 1	white	Bd1 bxc4 bxc4 Bh4 Ng5 f5	f3d1 b5c4 b3c4 f6h4 e4g5 f7f5	30.Bd1! The bishop is redirected to a diagonal that Black has weakened by moving the g-pawn and exchanging the light-squared bishop. You don’t need to calculate anything else to solve the exercise, but let’s see a few more moves anyway. 30...bxc4 31.bxc4 Bh4 32.Ng5! This flashy move is the engine’s favourite, although the game continuation of 32.Bc2 f5 33.Rg6! was also good enough to win. 32...hxg5 33.fxg5 Bxg5 34.Rxf7 There is no defence against 35.Bc2. > 5. Hard Challenge Exercise 951-980	Adams	Carlsen	Khanty-Mansiysk (Ol)	2010	Adams – Carlsen, Khanty-Mansiysk (Ol) 2010	679	679
951	rules-of-thumb	hard	r2qr1k1/1b3pbp/pp3np1/3p4/P7/2NBPQ1P/1P3PP1/R2RB1K1 b - - 0 1	black	Qb8 Bc2 Qc7 Rac1 d4 Nd5 Qf4 Qxf4 Nd7	d8b8 d3c2 b8c7 a1c1 d5d4 c3d5 c7f4 f3f4 f6d7	16...Qb8! Defending the bishop on b7 and thus preparing ...d5-d4. As the black queen also takes control over the diagonal, White’s queen has no good squares! 16...Nd7 17.Bc2=; 16...Qc7?! 17.Rac1 d4?! 18.Nd5² 17.Qf4 Qxf4 18.exf4 Black has practically got an extra pawn in the centre. There is still some work required to win the game, and 18...Nd7!µ was a good start, eyeing the weak b3- square. Viswanathan Anand “Chess is like a language; the top players are very fluent at it. Talent can be developed scientifically but you have to find first what you are good at.”	Aronian	Anand	Moscow (Rapid)	2011	Aronian – Anand, Moscow (Rapid) 2011	681	681
952	rules-of-thumb	hard	2r2rk1/1p2qp2/p1b1p1p1/2npP2p/P2N1P2/1PP5/2B2QPP/4RR1K w - - 0 1	white	f5 exf5 Be4 dxe4 Qf4	f4f5 e6f5 c2e4 d5e4 f2f4	26.f5! Sacrificing a piece to destroy the black king’s shelter. Notice that all the white pieces participate on the kingside, while Black has three pieces far away on the c-file. 26...exf5?! 26...Ne4 would have survived for longer, but after 27.Bxe4 dxe4 28.f6 followed by Qf4 and Re3, White is winning. 27.Nxf5 gxf5 28.Qg3+ Checkmate will follow shortly, so Radjabov resigned. 1–0	Carlsen	Radjabov	Moscow (Blitz)	2012	Carlsen – Radjabov, Moscow (Blitz) 2012	682	682
953	rules-of-thumb	hard	r5k1/pp3pbp/2pprnp1/q3n3/2P1P3/2N1B1PP/PP2QPB1/R2R2K1 w - - 0 1	white	c5 dxc5 f4 Ned7 e5 Rae8 Bf2 Nf8 Qc2 N6d7 Ne4	c4c5 d6c5 f2f4 e5d7 e4e5 a8e8 e3f2 d7f8 e2c2 f6d7 c3e4	15.c5! After deflecting the d6-pawn, White will be able to push e4-e5. 15...dxc5 16.f4 Ned7 17.e5± The only way for Black to avoid losing a piece is: 17...Rae8 18.Bf2 Nf8 19.Qc2 N6d7 20.Ne4± Black’s pieces are not a pretty sight.	Khalifman	Lavrov	St. Petersburg	2012	Khalifman – Lavrov, St. Petersburg 2012	682	682
954	rules-of-thumb	hard	5k2/4bp2/r5p1/1ppB3p/n1Rp3P/1R1PP1P1/5P2/5K2 w - - 0 1	white	Rxb5 Nc3 Bf3 Kg7	b3b5 a4c3 d5f3 f8g7	49.Rxb5! 49.Rc1? Nc3 50.Bf3= is a textbook example of a good exchange sacrifice with opposite- coloured bishops. White’s bishop is quite useless, the main deficit being that it can’t challenge the knight. The best that White can hope for is to draw, possibly by giving back the exchange at a good moment. 49...Nb6 50.e4! Nxc4 51.Rb8+ The check is optional, and the evaluation is essentially the same with or without it. 51...Kg7 52.Bxc4± Black’s pawn on c5 is useless, while White can advance the majority on the kingside.	Carlsen	Karjakin	Wijk aan Zee	2013	Carlsen – Karjakin, Wijk aan Zee 2013	683	683
955	rules-of-thumb	hard	r2q1rk1/pbpnbppp/1p6/3p4/3P4/P3P1P1/1P1BNPBP/R2QK2R w KQ - 0 1	white	Bb4 Nf6 Bc3	d2b4 d7f6 b4c3	12.Bb4! White will either exchange the passive bishop or get hanging pawns to attack. Had Carlsen delayed this move, Black might have stopped it with ...a7-a5. 12...Nf6 After 12...c5 13.dxc5 bxc5 14.Bc3² White’s bishops are active and the d5-pawn can be targeted. 13.0-0²	Carlsen	Anand	Moscow	2013	Carlsen – Anand, Moscow 2013	684	684
956	rules-of-thumb	hard	3r2k1/2p3p1/p1n1pn1p/P1r1p3/1pN1P3/1P3N1P/1RP2PP1/4R1K1 b - - 0 1	black	Ne8 Ra2 Nd6 Nfd2 Nb5	f6e8 b2a2 e8d6 f3d2 d6b5	23...Ne8! Getting rid of the knight on c4 would be a success, especially with ...cxd6 to improve Black’s structure. But Black’s knight also has other prospects. 24.Ra2 Nd6 25.Nfd2 Nb5!µ The last move takes aim at the c3-square. 25...Nb7³ wins the a5-pawn but allows White to regain some coordination.	Carlsen	Aronian	St. Louis	2013	Carlsen – Aronian, St. Louis 2013	684	684
957	rules-of-thumb	hard	2bq1rk1/2n2ppp/r7/p2pP1P1/1ppP1P2/P1P3N1/R5BP/2Q2RK1 w - - 0 1	white	f5	f4f5	20.f5!± White should keep the rooks on the board, as Raf2 may add a useful piece to the attack. Anand played: 20.axb4?! axb4 21.Rxa6 Nxa6 22.f5	Anand	Carlsen	Chennai (9)	2013	Anand – Carlsen, Chennai (9) 2013	685	685
958	rules-of-thumb	hard	r3k2r/pppq1ppp/3bb1n1/2p1p3/2N1P3/3PB2P/PPP1NPP1/R2Q1RK1 w kq - 0 1	white	Nxd6+ cxd6 f4 exf4 Nxf4	c4d6 c7d6 f2f4 e5f4 e2f4	13.Nxd6+ To enable White’s next move. 13.f4? Bxc4³ 13...cxd6 14.f4 exf4 15.Nxf4² White has slightly more space and a modest initiative.	Carlsen	Caruana	Zurich	2014	Carlsen – Caruana, Zurich 2014	685	685
959	rules-of-thumb	hard	4r1k1/1bp2pp1/p4n1p/1p2r3/8/1BP1B2P/PP3PP1/R2R2K1 w - - 0 1	white	c4 Bd5	c3c4 b7d5	23.c4!± Opening files on the queenside while keeping the bishop pair. 23.a4?! allows: 23...Bd5!=	Anand	Aronian	Khanty-Mansiysk	2014	Anand – Aronian, Khanty-Mansiysk 2014	686	686
960	rules-of-thumb	hard	3rq1k1/1b1n1rp1/p2R1n1p/Ppp1pP2/2p1P2N/2P1B1PP/2Q3B1/R5K1 b - - 0 1	black	Nf8 Bxc5 Rxd6 Bxd6 Rd7 Bxf8 Qxf8 Rd1 Qc5+ Kh2 Bxe4	d7f8 e3c5 d8d6 c5d6 f7d7 d6f8 e8f8 a1d1 f8c5 g1h2 b7e4	22...Nf8!µ Taking control over the d-file instead of hanging on to the extra pawn on c5. The game did not last long: 23.Bxc5?! Rxd6 24.Bxd6 Rd7 25.Bxf8 Qxf8 26.Rd1 Qc5+ 27.Kh2 Bxe4 0–1	Mamedyarov	Carlsen	Shamkir	2014	Mamedyarov – Carlsen, Shamkir 2014	686	686
961	rules-of-thumb	hard	r2q1rk1/5pp1/b1p1pb1p/p1Pn4/5P2/P5PP/2QNPBB1/R3R1K1 w - - 0 1	white	e4 Rb8 exd5	e2e4 a8b8 e4d5	30.e4! 30.Rac1 Rb8„ 30...Bxa1 31.exd5± For the exchange, White gets a huge passer (after Black safeguards the a1-bishop and White continues with d5-d6), with good chances to pick up the c6-pawn later. Another option would be d5xe6, in order to pick up a pawn and weaken the light squares around Black’s king, but the d5-d6 idea is the best.	Kramnik	Topalov	Tromso (Ol)	2014	Kramnik – Topalov, Tromso (Ol) 2014	687	687
962	rules-of-thumb	hard	r1b1rnk1/2q2ppp/1pp5/p3p3/P3P3/R4N1P/1PP2PP1/2BQR1K1 w - - 0 1	white	h4	h3h4	16.Nh4!‚ Preparing Rg3, Qh5 and Nf5. Such a primitive plan is possible since the centre is closed. The game continued: 16...Rd8?! 17.Qh5 f6 18.Nf5 Be6 19.Rg3 Ng6 20.h4±	Carlsen	Anand	Sochi (2)	2014	Carlsen – Anand, Sochi (2) 2014	688	688
963	rules-of-thumb	hard	3r1rk1/p4pp1/1p5p/n2B4/8/5QP1/Pq3P1P/3RR1K1 b - - 0 1	black	Qf6 Re7 Nc6	b2f6 e1e7 a5c6	23...Qf6! The alternative is 23...Kh8 24.Re7 f5 25.Rxa7² when White can continue to press. 24.Qxf6 gxf6 The doubled pawns are not really a problem, as White’s bishop can’t attack the dark squares and the rooks are unable to coordinate for an attack on f6 or f7. 25.Re7 Kg7 26.Rxa7 Nc6= Exchanges follow, with a draw.	Anand	Carlsen	Sochi (5)	2014	Anand – Carlsen, Sochi (5) 2014	688	688
964	rules-of-thumb	hard	r1b4r/1pkn1ppp/p1p1p3/4P3/2P2B2/2P5/P4PPP/R3KB1R w KQ - 0 1	white	h4 b6 h5 h6 O-O-O	h2h4 b7b6 h4h5 h7h6 e1c1	13.h4! 13.0-0-0 is less threatening. 13...b6 13...h5 has its own pros and cons. I quote Hans Tikkanen: “A possibility to prevent h4-h5-h6, but it creates a so-called hook that White can use to open up the kingside later by forcing ...g7-g6 and then getting through 1.g4 hxg4 2.Bxg4 and 3.h5. Not always a disaster, but it gives White more possibilities compared to allowing h4-h5-h6 or h4-h5xg6.” 14.h5 h6 Tikkanen recommends 14...Bb7 15.h6 g6 as the lesser evil. However, it’s clear that the pawn on h6 is an asset, being only two moves away from promoting. Black’s dark squares have also been permanently weakened. 15.0-0-0± As Tikkanen points out, the problem with Black’s previous move is that the g7-pawn is fairly easy to attack, so White will sooner or later be able to provoke ...g7-g6, leading to further weaknesses.	Carlsen	Anand	Sochi (6)	2014	Carlsen – Anand, Sochi (6) 2014	689	689
965	rules-of-thumb	hard	1k1r3r/ppp2pbp/2n3p1/8/2NpPPB1/6PP/PPP5/R2R2K1 b - - 0 1	black	b5 Na3 Nb4 Rd2 d3	b7b5 c4a3 c6b4 d1d2 d4d3	16...b5! Pushing back the active knight. 17.Na3 17.Nd2 Nb4 and White doesn’t have Rd2 anymore. 18.Rdc1 d3µ 17...a6µ Black can now start to play on the kingside.	Caruana	Anand	London (Blitz)	2014	Caruana – Anand, London (Blitz) 2014	690	690
966	rules-of-thumb	hard	2r2rk1/p3q1bp/2p1b1p1/Q1p1p2n/4Pp2/P1NP1N1P/2PB1PP1/R4RK1 b - - 0 1	black	g5 Na4 Bc4 Rfe1 g4 Bb4 Qf6	g6g5 c3a4 e6c4 f1e1 g5g4 d2b4 e7f6	17...g5! Prioritizing the attack over defending the c-pawn. 17...c4?! 18.Na4 c5 19.dxc4 Bxc4 20.Rfe1 leaves Black under pressure, with little hope of counterplay. For instance, if 20...g5?! 21.Nc3± there is no real attack with the bishop on c4. 18.Na4?! 18.Rfe1 g4÷ 18...g4 18...c4?? is too late: 19.Bb4+– 19.hxg4 Bxg4 20.Qxc5 Qf6ƒ	Caruana	Carlsen	Wijk aan Zee	2015	Caruana – Carlsen, Wijk aan Zee 2015	690	690
967	rules-of-thumb	hard	r5k1/2p1q1p1/1bpp3p/p1n1pr2/P1P5/R6N/1PPBQPPP/5R1K w - - 0 1	white	g4 Rff8 g5	g2g4 f5f8 g4g5	18.g4! With several of Black’s pieces on the queenside, it’s logical to start action against the king. 18...Rff8 19.g5ƒ	Bartel	Topalov	Gibraltar	2015	Bartel – Topalov, Gibraltar 2015	691	691
968	rules-of-thumb	hard	1rbqr1k1/5ppp/3p2n1/1ppPn1b1/4P3/1P2B1NP/3N1PP1/R2QRBK1 w - - 0 1	white	Nh5 Bxe3 Rxe3 Nd7 Ra7 Re5 Be2 Ndf8 Qa1 Qb6	g3h5 g5e3 e1e3 e5d7 a1a7 e8e5 f1e2 d7f8 d1a1 d8b6	23.Nh5! Preventing ...Nf4, and preparing f2-f4 in the long run. No further lines are needed to justify this choice, but it’s worth including a few more moves from the game: 23...Bxe3 24.Rxe3 Nd7 25.Ra7 Re5 26.Be2 Ndf8 27.Qa1!+– With the threat of f2-f4. The immediate 27.f4 allows 27...Qb6! with some counterplay. Veselin Topalov “We recently watched the Oscar-winning film ‘No Country For Old Men.’ But for the time being, the ‘old men’ in the chess world are holding their own!”	Topalov	Grandelius	Stavanger	2016	Topalov – Grandelius, Stavanger 2016	691	691
969	rules-of-thumb	hard	r2qr1k1/p4pb1/1pnp1np1/2p2b2/2PPp2p/BPN1P1P1/P1NQ1PBP/R4RK1 w - - 0 1	white	h3 Bg4	h2h3 f5g4	15.h3!÷ The only way to fight for the kingside light squares. White follows up with g3-g4. The game continued 15.Rfd1?! Bg4 followed by ...Qd7, and Kasparov went on to win in characteristic attacking style.	Caruana	Kasparov	St. Louis (Blitz)	2016	Caruana – Kasparov, St. Louis (Blitz) 2016	692	692
970	rules-of-thumb	hard	2r5/p4kb1/b5pp/2p2p2/2P1p3/1PPrB2P/P3NPP1/R3R1K1 w - - 0 1	white	h4 Rdd8 Bxh6 Bxh6 Nf4 Rd5 cxd5	h3h4 d3d8 e3h6 g7h6 e2f4 d8d5 c4d5	23.h4! Stopping Black’s pawn majority. 23.Nf4 is met by 23...Rdd8 when it’s too late to stop ...g6- g5, since the c3-pawn is hanging as well. 23...Bf6 23...Bxc3? 24.Nxc3 Rxc3 25.Bxh6+– Black’s problem is the weak c5-pawn. 24.Bxh6 24.Nf4 was played in the game, but is inexact due to: 24...Rdd8 25.Nd5 Rxd5! Gelfand overlooked this resource. 26.cxd5 Bxc3² 24...Bxh4 25.Nf4± If Black captures on c3, either rook to d1 gives White a big initiative. Viswanathan Anand “I attend to my fitness. I go the gym every day and try to maintain my physical fitness; without that, it is tough to take challenges on the chess board.”	Anand	Gelfand	Moscow	2016	Anand – Gelfand, Moscow 2016	693	693
971	rules-of-thumb	hard	2r3k1/1p3ppp/3r4/Pqn2P2/4B1P1/2B4P/1PP2Q2/1K2R3 w - - 0 1	white	Qe2 Na4 Bf3	f2e2 c5a4 e4f3	27.Qe2! White has to exchange queens before Black’s knight reaches a4. 27.Bf3? Na4µ 27...Qxe2 27...Qd7 28.Bf3 Na4 29.Bb4+– 28.Rxe2± Two pawns are more than enough for the exchange, regardless of whether Black exchanges the rooks or the knight.	Anand	Vachier-Lagrave	London	2016	Anand – Vachier-Lagrave, London 2016	694	694
972	rules-of-thumb	hard	r1b1k1nr/pp1p1ppp/2pPn3/4pq2/2P5/2P1PN2/P4P1P/R1BQKBR1 w Qkq - 0 1	white	e4 Qxe4+ Be3 Qf5 Rg5 f6 Nd2 Qd3 Rxg7 Ng5	e3e4 f5e4 c1e3 e4f5 g1g5 f7f6 f3d2 f5d3 g5g7 e6g5	White has already sacrificed one pawn, and should aim to achieve something before Black has time to consolidate and move the king to safety. 12.e4! Sacrificing a second pawn enables White to gain additional time. 12...Qxe4+ 13.Be3 Threatening to trap the queen with Bd3. 13...Qf5 13...Nf4? 14.Rg5 f6 15.Nd2 Nd3+ 16.Bxd3 Qxd3 17.Rxg7+– 14.Ng5ƒ A great battle lies ahead, with White in the driver’s seat.	Carlsen	Vachier-Lagrave	Leuven (Blitz)	2017	Carlsen – Vachier-Lagrave, Leuven (Blitz) 2017	694	694
973	rules-of-thumb	hard	2rq1rk1/3b2pp/1p2p3/pP1pPnp1/P7/1N1R1N1P/2P2PP1/R2Q2K1 w - - 0 1	white	c4 Rxc4 Rxd5 Rf7 Rd3	c2c4 c8c4 d3d5 f8f7 d5d3	20.c4! Using tactics to get rid of a backward pawn. 20...Rxc4 21.Rxd5 There is a fork if Black takes. 21...Rf7 22.Rd3± Black has many weaknesses: the pawns on b6 and g5, and the bishop on d7.	Anand	Mamedyarov	Wijk aan Zee	2019	Anand – Mamedyarov, Wijk aan Zee 2019	695	695
974	rules-of-thumb	hard	r3k2r/1pq1bpp1/p2p2n1/3Ppb1p/1QP4P/2N1B1P1/PP2BP2/R3K2R b KQkq - 0 1	black	e4 f3 O-O O-O-O Ne5 Bd4 Bd7	e5e4 f2f3 e8g8 e1c1 g6e5 e3d4 f5d7	19...e4! 19...Nf8 is a somewhat logical alternative. I quote Peter Heine Nielsen’s instructive comments comparing this with Carlsen’s choice: “Playing ...Nf8-d7 and covering h5 before castling of course is possible, but [the game continuation] is so much more tempting, as the knight on e5 touches vital squares at f3 and d3 and starts making the “aggressive” h4 and g3 by White look like weaknesses.” 20.0-0 20.0-0-0 Ne5„; 20.Bd4 is met by 20...Ne5, and if 21.Bxe5?! dxe5³ the improved scope of the dark-squared bishop counts for more than Black’s doubled pawns. 20...0-0! 20...Ne5 is inaccurate due to 21.Qa4+! Bd7 22.Qd1 with a double threat, when Black’s best continuation is to sacrifice a pawn under less favourable conditions than in the game. 21.Bxh5 Ne5 22.Be2 Qd7© Black has a promising initiative in return for the sacrificed pawn, and already threatens to invade on the light squares with ...Bg4.	Karjakin	Carlsen	Shamkir	2019	Karjakin – Carlsen, Shamkir 2019	695	695
975	rules-of-thumb	hard	r4k2/3n1ppp/p1pr4/Ppb1p1B1/4P3/1BP3P1/1P2RPKP/5R2 w - - 0 1	white	Bc1 Ba7 f4	g5c1 c5a7 f2f4	24.Bc1! White prepares f2-f4 without having the bishop stuck on g5. With the a1-rook already having moved to the kingside, the bishop is happy to return to its original square. 24...Ba7 25.f4²	Carlsen	Grischuk	Shamkir	2019	Carlsen – Grischuk, Shamkir 2019	696	696
976	rules-of-thumb	hard	3q1k1r/p2rbpp1/4p3/2p2n1p/Q1P2B2/2P5/PP2NPP1/R4RK1 b - - 0 1	black	g5 Rad1 Rxd1 Rxd1 Qa8 Qb3 Qb8 Bc7 Nh4 f3 Qb5	g7g5 a1d1 d7d1 f1d1 d8a8 a4b3 a8b8 f4c7 f5h4 f2f3 b8b5	19...g5! Quick-starting the attack, following the saying that “the execution is often better than the threat”. (I am not joking.) Let’s see an example of what could happen if Black delays the advance of the g-pawn: 19...h4 20.Rad1 Rxd1 21.Rxd1 Qa8 22.Qb3 g5 23.Qb8+!µ White is still worse, but the queen exchange brings some relief. 20.Rad1 Rxd1 21.Rxd1 Qa8 22.Bc7 22.Bc1 Nh4–+ 22...h4 23.f3 White has no time to exchange queens: 23.Qb5 Kg7–+ 23...h3 White resigned. 0–1	Giri	Carlsen	Zagreb	2019	Giri – Carlsen, Zagreb 2019	697	697
977	rules-of-thumb	hard	3rr1k1/5p2/1pn3pp/p1p1p2n/P1P1P2N/B1P2PPP/5K2/3RR3 w - - 0 1	white	Bc1 Kg7 Be3	a3c1 g8g7 c1e3	White wants to attack the b-pawn but needs to start with a prophylactic manoeuvre. 24.Bc1! Kg7 25.Be3² Redirecting the bishop protects the entry square d2, which makes it possible to move the rook to b1.	Carlsen	So	St. Louis	2019	Carlsen – So, St. Louis 2019	697	697
978	rules-of-thumb	hard	2bq2rk/pr2p1bp/2np4/2p2p1P/2P1PB2/1PN1RN2/P4QP1/5RK1 b - - 0 1	black	Bxc3 e5 h6	g7c3 e4e5 h7h6	22...Bxc3! Making it possible to force through ...e7-e5 and ...f5-f4. The exchange has additional benefits, as Black swaps off the bishop which would have been restricted behind the pawns, in return for the knight which might otherwise have settled on the d5-outpost. 22...e5? 23.Bg5± 23.Rxc3 e5 24.Bc1 Vachier-Lagrave desperately gave up material with 24.Rd3, but after 24...exf4 25.Qb2+ Rbg7 26.h6 fxe4 it proved to be in vain. 24...f4–+ White can’t defend g2.	Vachier-Lagrave	Carlsen	St. Louis	2019	Vachier-Lagrave – Carlsen, St. Louis 2019	698	698
979	rules-of-thumb	hard	r2qr1k1/2p3pp/b1p1n3/p3p2P/Pp2Pp1R/1P1P1NP1/2PBQP2/R3K3 b Q - 0 1	black	Qf6 Nd4 Nxd4 Rc1 fxg3 fxg3 Qf1+	d8f6 f3d4 e6d4 a1c1 f4g3 f2g3 f6f1	The exercise is not about finding a strong move – it’s about avoiding a tempting but bad continuation. 18...Qf6 A normal, neutral move. The position does not need to be evaluated more than “quite balanced”. 18...Rf8 is another decent option. Instead, the game continued with: 18...Nd4? Marin cites Botvinnik, who wrote that when you have pawn weaknesses, you should keep a knight on the board. 19.Nxd4 Qxd4 20.Rc1 fxg3 21.fxg3 Qg1+ 22.Qf1 Qxg3+ It’s easy to understand why Carlsen was tempted to go for a forcing sequence involving capturing a pawn with check, but it was a bad decision. 23.Qf2 Qxf2+ 24.Kxf2± Even though Black has won a pawn, the position is strategically dangerous for Black because of the numerous weak pawns fixed on dark squares. Later the rooks were exchanged and Nakamura won convincingly.	Nakamura	Carlsen	Internet (Rapid)	2020	Nakamura – Carlsen, Internet (Rapid) 2020	699	699
980	rules-of-thumb	hard	3rr1k1/1p2ppbp/2b3p1/2P1P3/p2P4/Q3BP2/3Nq1PP/1RR3K1 b - - 0 1	black	Rxd4 Bxd4 Qxd2 Rd1 Qf4	d8d4 e3d4 e2d2 c1d1 d2f4	26...Rxd4! 27.Bxd4 Qxd2 28.Rd1 Qf4µ Black has a pawn for the exchange, and will soon pick up a second. Another highly important factor is that the light-squared bishop now has an eternal, stable home on c6. Magnus Carlsen “I normally do what my intuition tells me to do. Most of the time spent thinking is just to double- check.” ; My grandfather was a pharmacist; my father was a doctor; my elder brother was a doctor; my son is also a doctor. The only man who played Black against medicine was me, and medicine probably took revenge on me because of that. – Mikhail Tal Tactics involve calculations that can tax the human brain, but when you boil them down, they are actually the simplest part of chess and are almost trivial compared to strategy. – Garry Kasparov	Caruana	Carlsen	Wijk aan Zee	2022	Caruana – Carlsen, Wijk aan Zee 2022	700	700
981	rules-of-thumb	expert	r1bqr1k1/pppp1p1p/3n1bp1/8/8/1PNBR3/P1PP1PPP/R1BQ2K1 w - - 0 1	white	Ba3 Rxe3 fxe3 Ne8 Nd5 c6 Be7	c1a3 e8e3 f2e3 d6e8 c3d5 c7c6 a3e7	A hard exercise. With some tactics, White gets a positional advantage. 12.Ba3! 12.Qf3 was played in the game. 12...Rxe3 13.fxe3 Ne8 This is Black’s normal way to develop, preparing ...d7-d5 (and ...c7-c6). 14.Nd5! This is the reason why it was better to develop the bishop to a3. (Besides the fact that it threatened Bxd6.) 14...c6 14...Bxa1? 15.Be7!+– 15.Nxf6+ Qxf6 16.Qc1 White attacks on the long diagonal, and Black soon has to play the weakening ...f7-f6.	Steinitz	Zukertort	USA (6)	1886	Steinitz – Zukertort, USA (6) 1886	703	703
982	rules-of-thumb	expert	rnb2rk1/pp1nq1pp/4p3/2bpPp2/5P2/2NB1N1Q/PPP3PP/R1B1K2R b KQ - 0 1	black	Bb6 g4 Nc6 a3 Qb4 gxf5 Rxf5	c5b6 g2g4 b8c6 a2a3 e7b4 g4f5 f8f5	To tame White’s attack, Black should hit the d3-bishop as quickly as possible. 10...Bb6!!³ White is now slightly worse, since it’s not possible to use the queen on h3 actively. The slow 10...a6? allowed 11.g4+– in the game. 10...Nc6 looks natural but 11.a3! prevents ...Nb4, and if 11...Bb6 White can play 12.Na4!² in order to exchange the knight when it arrives on c5. The g2-g4 plan remains strong. 11.g4?! White should develop modestly, but let’s see what happens if White tries to attack. 11.Na4? does not work here because 11...Qb4+ forces the knight back. 11...Nc5 12.gxf5 Nxd3+ 13.cxd3 Rxf5µ The main point of removing the d3-bishop was to facilitate this recapture with the rook.	Steinitz	Clemente Vasquez	Havana (Casual)	1888	Steinitz – Clemente Vasquez, Havana (Casual) 1888	703	703
983	rules-of-thumb	expert	r3k2r/pp1qn1pp/2p2p2/8/3P4/5N2/PP2QPPP/2R1R1K1 w kq - 0 1	white	d5 cxd5 Nd4 Kf7 Ne6 Rhc8 Qg4 Nc6 Nc5 Qxg4 Re7+ Kf8 Re6 Kg8	d4d5 c6d5 f3d4 e8f7 d4e6 h8c8 e2g4 e7c6 e6c5 d7g4 e1e7 f7f8 e7e6 f8g8	17.d5!! For a pawn, White deprives Black’s knight of its outpost and creates one for his own knight, while opening the c-file for the rook. It’s a positional move, even though the rest of the game follows for pure pleasure. (You have probably seen it before, but it’s difficult to get tired of great art. How long have you kept the same paintings on your wall?) 17...cxd5 17...Kf7± is a better defence, but still clearly in White’s favour. 18.Nd4 Kf7 19.Ne6 Threatening Rc7. Other moves give enough compensation, but not more. 19...Rhc8 19...Rac8 20.Qg4 The dual threats of Qxg7 and Ng5+ can’t be defended, as in the game. 19...Nc6 20.Nc5 and White is close to winning. 20.Qg4! g6 21.Ng5+ Ke8 22.Rxe7+! Kf8! White’s weak first rank almost saves Black. 22...Kxe7 23.Re1+ Kd6 24.Qb4+ Rc5 25.Re6++– 23.Rf7+! Kg8! 24.Rg7+! Kh8! 24...Kf8 25.Nxh7++– 25.Rxh7+! The game ended here in an unusual way, as von Bardeleben left the playing hall without resigning. Based on such behaviour, I always assumed he was not an especially strong player. However, before this game he had scored 7½/9 in the tournament, including a win over Lasker. After 25.Rxh7+! the conclusion would have been: 25...Kg8 26.Rg7+ Kh8 27.Qh4+ Kxg7 28.Qh7+ Kf8 29.Qh8+ Ke7 30.Qg7+ Ke8 31.Qg8+ Ke7 32.Qf7+ Kd8 33.Qf8+ Qe8 34.Nf7+ Kd7 35.Qd6# 1–0 William Steinitz “Chess is not for the faint-hearted; it absorbs a person entirely. To get to the bottom of this game, he has to give himself up into slavery. Chess is difficult; it demands work, serious reflection and zealous research.”	Steinitz	von Bardeleben	Hastings	1895	Steinitz – von Bardeleben, Hastings 1895	704	704
984	rules-of-thumb	expert	r1q2rk1/3bbp1n/p2p2p1/nppPp1Pp/4P2P/2P5/PPB2P1N/R1BQRNK1 w - - 0 1	white	f4 exf4 Bxf4 Nc4 e5 dxe5 Bxg6 Bf5 Qxh5 Bxg6 Qxg6+ Kh8 Rxe5 Ne3 Nxe3 Bd8 Nc4 f6	f2f4 e5f4 c1f4 a5c4 e4e5 d6e5 c2g6 d7f5 d1h5 f5g6 h5g6 g8h8 e1e5 c4e3 f1e3 e7d8 e3c4 f7f6	19.f4! White is playing actively, but the main purpose of this move is actually prophylaxis, as Black threatened to become active with ...f7-f6. The downside of f2-f4 is that Black might get a chance to use the e5-square with some combination of ...e5xf4, ...Nc4, ...Re8 and ...Bf8-g7. However, considering that White also gets to play some moves, there’s no chance that Black will have time for such a regrouping. 19...exf4 19...f6 20.f5! is good for White. 20.Bxf4 20.e5? was the game continuation, when the simple 20...dxe5 would have been clearly better for Black. 20...Nc4 20...f6 can be met by 21.e5! with the possible continuation: 21...fxe5 22.Bxe5! dxe5 23.Bxg6 Bf5 24.Qxh5 Bxg6 25.Qxg6+ Kh8 26.Rxe5ƒ White has three pawns for the piece, plus the initiative. 21.Ne3 Nxe3 21...Ne5 is not what Black wants to play before the knight is defended by another minor piece. 22.Bxe5 dxe5 23.d6 Bd8 24.Qd5± White wins a pawn. 21...Nxb2 22.Qc1 Na4 23.Bxa4 bxa4 24.Nc4 also favours White. 22.Bxe3² Again White is ready to meet 22...f6?! with: 23.e5!± Alexander Alekhine “I do not play chess – I fight at chess. Therefore, I willingly combine the tactical with the strategic, the fantastic with the scientific, the combinative with the positional, and I aim to respond to the demands of each given position.”	Stoltz	Alekhine	Munich	1942	Stoltz – Alekhine, Munich 1942	705	705
985	rules-of-thumb	expert	1brq1rk1/pb1n1ppp/1p2pn2/1N4B1/3P4/3B1N2/PP2QPPP/R2R2K1 b - - 0 1	black	Qe8 Bh4 Bg3 Ne5 Nxe5 Bxg3	d8e8 g5h4 b8g3 f3e5 d7e5 h4g3	15...Qe8!!³ One of the hardest exercises in the book. Smyslov’s move looks artificial but it meets the demands of the position. Black prepares ...Nd5 before White has time to carry out any active plans. 15...h6 16.Bh4 Qe8! is also good, but it allows 17.Bg3 “saving” the bishop. 15...Re8 16.Ne5 is an example of how things can go wrong. White threatens Nxd7, and after 16...Nf8 17.Nc3 Black must worry about Bb5. With careful play Black is still alright, but the game continuation is much easier. 16.Nc3 16.Ne5 h6 17.Bh4 Nd5³ 16...h6 17.Bh4 Nh5 18.Bg3 Nxg3 19.hxg3³ Black is happy to have neutralized White’s bishop. Vasily Smyslov “In my opinion, the style of a player should not be formed under the influence of any single great master.”	Gligoric	Smyslov	Moscow	1956	Gligoric – Smyslov, Moscow 1956	706	706
986	rules-of-thumb	expert	r1bq1rk1/pp1n1ppp/4pn2/3p4/1bPp4/P1NBPN2/1P3PPP/R1BQ1RK1 w - - 0 1	white	Nxd5 exd5 axb4 dxc4 Bxc4 Nb6 Bb3 dxe3 Bxe3	c3d5 e6d5 a3b4 d5c4 d3c4 d7b6 c4b3 d4e3 c1e3	9.Nxd5! This tactical strike is really just an exchanging operation. The key point is that, following a few forced moves, Black will be forced to capture on e3 (to avoid being a pawn down), which helps the c1-bishop to develop. 9.axb4 dxc3 10.cxd5 exd5 11.bxc3 Nb6 is a sample line where the dark- squared bishop ends up restricted. 9...exd5 10.axb4 dxc4 11.Bxc4 Nb6 12.Bb3 dxe3 13.Bxe3± White is fully mobilized and the bishops enjoy open diagonals. Other ninth moves would have given White a more modest edge with the bishop pair. Mikhail Tal “When I asked Fischer why he had not played a certain move in our game, he replied: ‘Well, you laughed when I wrote it down!’”	Tal	Tolush	Riga	1958	Tal – Tolush, Riga 1958	707	707
987	rules-of-thumb	expert	1rbr2k1/2q1bppp/2n5/1pp1p2n/4P3/2P2N1P/1PB1QPP1/R1B1RNK1 w - - 0 1	white	g4 Nf4 Bxf4 exf4 Ng5 g6 h4 Bxg5 Ne3	g2g4 h5f4 c1f4 e5f4 f3g5 g7g6 h3h4 e7g5 f1e3	Another difficult exercise. White’s best move is the surprising: 18.g4! To arrive at this decision, we first need to consider Black’s idea. If Black had a free move, then 18...Nf4 19.Bxf4 exf4 would leave Black with the bishop pair and White with a restricted knight on f1. 18.g3!? is a logical way to stop Black’s plan before continuing to make use of White’s trump: the d5-square. However, 18...Nf6!= is a satisfactory reply. (The tactics after 18...Bxh3 19.Ng5² work out well for White. The game continued 18...g6 19.h4² with ideas of Bg5 or Ne3-d5.) 18...Nf4 After 18...Nf6 19.Ne3² White will land the knight on d5, either on the next move if the tactics work out well, or after g4-g5. 19.Bxf4 exf4 20.e5² White follows up with Qe4 and picks up the f-pawn for less-than-full compensation. If the pawn was on g2 instead of g4, Black could counter with ...g7-g6, preparing to meet Qe4 with ...Bf5. Bobby Fischer “To get squares you have to give up squares.”	Fischer	Eliskases	Mar del Plata	1960	Fischer – Eliskases, Mar del Plata 1960	708	708
988	rules-of-thumb	expert	r3k2r/ppq1b1pp/2n1pp2/8/2N5/2Q1B1P1/PP2PP1P/R2R2K1 w kq - 0 1	white	Qb3 g5 Nd6+	c3b3 g7g5 c4d6	16.Qb3! Eyeing e6 to stop Black from castling short. 16...g5 16...0-0 17.Nd6!+– wins a pawn. 16...Kf7 17.Bf4+–; 16...Rd8 17.Rxd8+ Bxd8 allows 18.Qxb7+– among other options. 17.Rac1+– Black still can’t develop.	Kasparov	Andersson	Belgrade (3)	1985	Kasparov – Andersson, Belgrade (3) 1985	709	709
989	rules-of-thumb	expert	2rr4/1pq1kpp1/p4n1p/2bPp3/8/4B1P1/PPPQ2BP/3R1R1K w - - 0 1	white	c3 Qd6 Bxc5 Rxc5 Qe2	c2c3 c7d6 e3c5 c8c5 d2e2	19.c3!! White should move the pawn from the vulnerable c2-square, and it should go to c3 rather than c4 to keep the queenside closed. The game went 19.c4 Qd6 20.Bxc5 Rxc5 21.Qe2 when White is not doing badly; but thanks to the pawn on c4, Black can obtain counterplay with ...b7-b5, either immediately or a bit later. 19...Qd6 20.Rf5² White follows up with Rdf1. Even though there is no direct breakthrough, Black is not entirely happy with the pressure on the f-file and the king caught in the centre.	Short	Anand	Tilburg	1991	Short – Anand, Tilburg 1991	709	709
990	rules-of-thumb	expert	1k1rr3/1p3pbp/p1p5/2P3p1/Q2Pq3/R3B1P1/PP3P1P/5BK1 w - - 0 1	white	Bd3 Rxd4 Bxd4 Qxd4 Rb3 Qg4 Bxa6 Bd4 Bxb7 Bxc5 Bxc6+	f1d3 d8d4 e3d4 e4d4 a3b3 d4g4 d3a6 g7d4 a6b7 d4c5 b7c6	21.Bd3! Amazingly, this is a prophylactic move before proceeding with the queenside attack. 21.Bxa6?! allows 21...Rxd4! 22.Bxd4 Qxd4= when Black is fine. 21.Rb3 Rxd4! 22.Bxd4 Bxd4 also gives White no more than equality. The positional part of the exercise is understanding that Black threatens to sacrifice an exchange. 21...Qg4? 21...Qe7? also loses quickly: 22.Bxa6+–; Black’s best is: 21...Qd5 22.Bxa6 Bxd4 23.Bxb7! Bxc5! 24.Bxc6 Qd1+ 25.Kg2 Qxa4 26.Rxa4² White will end up with an extra pawn, but Black can hold with careful defence. 22.Rb3!+– White threatens both Rxb7+ and Bxa6, and Black is unable to defend against both.	Anand	Ivanchuk	Linares	1993	Anand – Ivanchuk, Linares 1993	710	710
991	rules-of-thumb	expert	2r1kb1r/3b1pp1/p2ppn2/1p6/2q1PP1p/1NN4P/PPP2QPB/2KRR3 b k - 0 1	black	Qc7 Rd4 e5 Na5 b4 f5 Nxe4 Kb1	c4c7 d1d4 e6e5 b3a5 b5b4 f4f5 f6e4 c1b1	18...Qc7!! Black prepares ...b5-b4 without running into a Rd4 counter. At the same time, the queen defends e5, which is vitally important in one critical line. 18...b4 19.Rd4!÷; 18...a5!? 19.e5 (19.Nxa5 Qc7³) 19...b4 20.exf6 bxc3 21.f5„ 19.e5 b4!µ 19...dxe5?? fatally opens additional lines for White’s pieces. 20.fxe5 Following the exchange on e5, 20...b4 is no longer any good because of 21.exf6 Qxh2 22.fxg7 Bxg7 23.Ne4+– with decisive threats. After the text move, the position is complicated but favourable to Black. A key point is that the counterplay we saw after 18...a5 is not working for White: 20.exf6? bxc3 21.f5 cxb2+ 22.Kb1 e5!–+ The queen defends against a bishop sacrifice on e5. Vladimir Kramnik “In chess one cannot control everything. Sometimes a game takes an unexpected turn, in which beauty begins to emerge. Both players are always instrumental in this.”	Ivanchuk	Kramnik	Linares	1993	Ivanchuk – Kramnik, Linares 1993	711	711
992	rules-of-thumb	expert	r1b2rk1/3n2pp/p2Qpq2/3pp3/N4P1P/7R/PPP3P1/2KR1B2 w - - 0 1	white	f5 Qh6+ Kb1 Rxf5 Rf3 Rxf3 gxf3 Nb6	f4f5 f6h6 c1b1 f8f5 h3f3 f5f3 g2f3 d7b6	18.f5! Undermining Black’s centre, with the help of some tactical ideas. 18...Qh6+ The first idea is that 18...Qxf5? 19.Rf3 Qg6 20.Rxf8+ Nxf8 21.Nb6 wins material. 19.Kb1 Rxf5 20.Rf3! Rxf3 21.gxf3+– The second tactical point is that Black’s position collapses after Bh3. The knight on d7 can’t move due to Nb6 – the punishment for Black’s underdeveloped queenside.	Kasparov	Short	Horgen	1994	Kasparov – Short, Horgen 1994	712	712
993	rules-of-thumb	expert	r1b1k2r/1ppp1pp1/1b1q3p/pP6/P1BPP3/8/5PPP/RN1Q1RK1 w kq - 0 1	white	Nc3 Bxd4 Qxd4 c6 Nd5 O-O e5 Qc5	b1c3 b6d4 d1d4 c7c6 c3d5 e8g8 e4e5 d6c5	14.Nc3! Correctly evaluating development as more important than material. 14.d5² 14...Bxd4 14...Qxd4 15.Nd5± Qxc4? 16.Rc1 Qa2 17.Rxc7+– White wins back the piece, and the black king will be stuck in the centre. 14...c6 was worth considering although 15.d5!± is stronger than on the previous turn. Black would have preferred ...Qe7 and ...d7-d6 (to develop the light-squared bishop) rather than moving the c-pawn. 15.Nd5! Bxa1 16.Qxa1 0-0 17.e5 Qc5 18.Rc1+– Black’s queen has no good square, and the rook on a8 is also in trouble.	Kasparov	Piket	Amsterdam	1995	Kasparov – Piket, Amsterdam 1995	712	712
994	rules-of-thumb	expert	3rkb1r/pppb1pp1/2p4p/4P3/4Nn2/1P3N1P/PBP2PP1/3RR1K1 w k - 0 1	white	e6 Nxe6 Be5 Ke7 Bf6+	e5e6 f4e6 b2e5 e8e7 e5f6	When Kasparov finally beat Kramnik in the Berlin Defence, he did it with an evacuation sacrifice. 16.e6!! Opening the e-file and getting the e5-square for the bishop. 16...Nxe6 16...fxe6? 17.Be5+– is horrible for Black. 16...Bxe6 also loses: 17.Nf6+! gxf6 (17...Ke7 18.Ba3+ wins two exchanges.) 18.Rxd8+ Kxd8 19.Bxf6+ Kc8 20.Bxh8+– White is the exchange up with a better pawn structure. 17.Be5!! 17.Nd4 led to a success for White in the game, but Black could have survived with accurate defence. The text move is stronger. 17...Rc8 18.Nh4!+– There is no good defence against f2-f4-f5. Garry Kasparov “Attackers may sometimes regret bad moves, but it is much worse to forever regret an opportunity you allowed to pass you by.”	Kasparov	Kramnik	Astana	2001	Kasparov – Kramnik, Astana 2001	713	713
995	rules-of-thumb	expert	r1b2rk1/pp4pp/n2q4/2pP1p2/2PbP3/P6P/1PQ1BNP1/R1B2RK1 w - - 0 1	white	e5 Bc3 Kh1	e4e5 d4c3 g1h1	21.e5! Keeping the f-file closed is more important than hanging on to the extra pawn. 21.Kh1 Qg3„; 21.Bd2 fxe4 22.Bc3± is a possibility, leading to a long line which is elegant but irrelevant, since the main move is simply stronger. 21...Qxe5 22.Kh1± White is better developed and has good squares available for all the pieces.	Anand	Shirov	Moscow	2001	Anand – Shirov, Moscow 2001	714	714
996	rules-of-thumb	expert	3qk1r1/5p2/4p2p/1p3p2/1bpPbP2/1n2PN2/RP3KPP/3Q1B1R b - - 0 1	black	e5 fxe5 Qh4+ g3 Rxg3 hxg3 Qxh1 Ke2 Nc1+	e6e5 f4e5 d8h4 g2g3 g8g3 h2g3 h4h1 f2e2 b3c1	Black has active development and strong minor pieces as compensation for the sacrificed exchange. 20...e5! Opening up against White’s king. 21.fxe5 21.Nxe5 Qh4+ 22.g3 Rxg3 23.hxg3 Qxh1 There is no good defence against ...Qh2+, as 24.Nf3 Bxf3 25.Qxf3 Be1+ 26.Ke2 Nc1+ wins the queen. 21...f4! 22.Be2 22.exf4 Bxf3 23.gxf3 Bd2!–+ wins the crucial d4-pawn. 22...fxe3+ 23.Kxe3 Black is winning in more than one way. The most convincing is: 23...Bd5! Black’s ideas include ...Qb6, as well as involving the rook, either by taking on g2 or by jumping via g4 to e4. 23...Bb7! is virtually the same. The game continuation of 23...Qd5!? is also good enough. However, Black should avoid 23...Bxf3?? 24.Bxf3 Bd2+ in view of 25.Ke2 (but not the ‘clever’ 25.Qxd2?? hoping to simplify with Ra8 next, which runs into 25...Qg5+–+) 25...Nxd4+ 26.Kf1+– when Black’s initiative dies out.	Van Wely	Topalov	Wijk aan Zee	2006	Van Wely – Topalov, Wijk aan Zee 2006	714	714
997	rules-of-thumb	expert	2r2rk1/3b1p2/p1nbpqpp/1p1p4/3P4/2N1PN2/PP1Q1PPP/1BRR2K1 b - - 0 1	black	Rc7 b4 a5 e4 dxe4 Bxe4 Bf4 Qe1 Rfc8 d5 exd5	c8c7 b2b4 a6a5 e3e4 d5e4 b1e4 d6f4 d2e1 f8c8 d4d5 e6d5	16...Rc7! Black improves the pieces before going for anything forcing. 16...b4 17.Ne2 a5 can be met by 18.e4! dxe4 19.Bxe4= when Black must defend against Qxh6, so White will have time to simplify with d4-d5. 17.Ne2!? 17.e4? Bf4 is no good for White. The game continued with 17.Qe1 to prepare e3-e4. Topalov chose the perfect moment to kick the knight away: 17...b4 18.Ne2 a5³ Black has a better version of the 16...b4 line above, as White no longer gains a tempo against the h6-pawn in the event of e3-e4. White’s best may be 17.Rc2!?³ even though it doesn’t look nice to the bishop on b1. 17.a3 is met by 17...Rfc8 and Black will nevertheless play ...b5-b4 in the near future. 17...Rfc8 18.e4 dxe4 19.Bxe4 Kg7³ Compared with the 16...b4 line, Black has spent a couple of tempos improving the rooks rather than moving the queenside pawns. White still cannot claim equality, for instance: 20.d5?! exd5 21.Qxd5 Bb4 Threatening ...Be6, among other ideas.	Ivanchuk	Topalov	Morelia/Linares	2006	Ivanchuk – Topalov, Morelia/Linares 2006	715	715
998	rules-of-thumb	expert	3r4/1pqnrpk1/3p1np1/p2Pp2p/2P5/P1Q2PPB/1P1N3P/1KRR4 w - - 0 1	white	Bxd7 Nxd7 f4	h3d7 f6d7 f3f4	25.Bxd7! Excellent timing! Black would have wanted to take back with the queen to defend the kingside, but that’s not possible since it leaves the a5-pawn en prise. 25...Nxd7 25...Rexd7 26.f4!± Without a rook on e7, Black is unable to take on f4 on pain of Ne4. 25...Rdxd7 gives White the options of f3-f4 and g3-g4 as possible breakthroughs. White can start with 26.Rf1!?‚ when Ne4 followed by fxe4 is another idea. 26.f4‚ White is likely to follow up with f4-f5. Viswanathan Anand “There are some things we do much better than computers, but since most of chess is tactically based they do many things better than humans. And this imbalance remains. I no longer have any issues. It’s a bit like asking an astronomer, does he mind that a telescope does all the work. He is used to it. It is just an incredible tool that you can use.”	Anand	Topalov	Wijk aan Zee	2008	Anand – Topalov, Wijk aan Zee 2008	716	716
999	rules-of-thumb	expert	2kr3r/p4ppp/1p2b3/3p3Q/2qPPR2/4B2P/P1P3P1/5RK1 w - - 0 1	white	Rxf7 Bxf7 Rxf7	f4f7 e6f7 f1f7	22.Rxf7! Bxf7 23.Rxf7+– White’s exchange sacrifice has opened both the seventh rank and the h3-c8 diagonal towards Black’s poorly protected king.	Carlsen	Caruana	Zurich	2014	Carlsen – Caruana, Zurich 2014	717	717
1000	rules-of-thumb	expert	r2r1b2/1kp2p2/1p2bNnp/p1pNP1p1/P1P3P1/1P4KP/1B3P2/3RR3 b - - 0 1	black	b5 Bc3 c6 axb5 a4 bxa4 Rxa4 h4 Bg7 Kh2	b6b5 b2c3 c7c6 a4b5 a5a4 b3a4 a8a4 h3h4 f8g7 g3h2	Black’s main asset in the Berlin endgame is the light-squared bishop. The pawns on a4, b3 and c4 restrict the bishop, but the same pawns may become vulnerable if Black can get active late in the endgame after some piece exchanges. 23...b5!! Or even earlier, as Anand’s move shows. 24.Bc3! If 24.cxb5? c6µ the b3-pawn soon drops, followed by its colleague on a4. 24.axb5?! is met by 24...a4 25.bxa4 Rxa4³ when Black’s activity more than compensates for the pawn, with ...Nf4 next on the agenda. 24...bxa4 25.bxa4 Kc6 Black’s plan is simply to use the b-file for a rook. 26.h4! Jon Ludvig Hammer’s recommendation. 26.Kf3³ was the game. 26.Rb1? is well met by 26...Bg7µ when ...Bxf6 is a serious threat. 26...gxh4+ 27.Kh2 The last two moves, which are far from easy to find, enable a quick f2-f4. White should have enough counterplay to make a draw. Magnus Carlsen “For me right now I think being the world number one is a bigger deal than being the world champion because I think it shows better who plays the best chess. That sounds self-serving but I think it’s also right.”	Carlsen	Anand	Sochi (11)	2014	Carlsen – Anand, Sochi (11) 2014	717	717
